Open5GS daemon v2.7.7-74-gdbe060f

08/10 00:20:17.651: [app] INFO: Configuration: '/open5gs/install/etc/open5gs/amf.yaml' (../lib/app/ogs-init.c:144)
08/10 00:20:17.651: [app] INFO: File Logging: '/open5gs/install/var/log/open5gs/amf2.log' (../lib/app/ogs-init.c:147)
08/10 00:20:17.656: [sbi] INFO: Setup NF EndPoint(fqdn) [nrf:7777] (../lib/sbi/context.c:451)
08/10 00:20:17.656: [sbi] INFO: Setup NF EndPoint(fqdn) [scp:7777] (../lib/sbi/context.c:499)
08/10 00:20:17.656: [metrics] INFO: metrics_server() [http://172.22.0.46]:9091 (../lib/metrics/prometheus/context.c:392)
08/10 00:20:17.656: [sbi] INFO: NF Service [namf-comm] (../lib/sbi/context.c:2011)
08/10 00:20:17.656: [sbi] INFO: nghttp2_server() [http://172.22.0.46]:7777 (../lib/sbi/nghttp2-server.c:454)
08/10 00:20:17.656: [amf] INFO: ngap_server() [172.22.0.46]:38412 (../src/amf/ngap-sctp.c:61)
08/10 00:20:17.657: [sctp] INFO: AMF initialize...done (../src/amf/app.c:33)
08/10 00:20:17.661: [sbi] INFO: [43d5bda0-9451-41f1-8506-55eb28775f93] NF registered [Heartbeat:10s] (../lib/sbi/nf-sm.c:364)
08/10 00:20:17.663: [sbi] INFO: Setup NF EndPoint(addr) [172.22.0.12:7777] (../lib/sbi/nnrf-handler.c:1113)
08/10 00:20:17.663: [sbi] INFO: [43d7021e-9451-41f1-ade2-678ccca31ed2] Subscription created until 2026-08-11T00:20:17.662265+00:00 [duration:86400000000,validity:86400.000000,patch:43200.000000] (../lib/sbi/nnrf-handler.c:1032)
08/10 00:20:17.663: [sbi] INFO: Setup NF EndPoint(addr) [172.22.0.12:7777] (../lib/sbi/nnrf-handler.c:1113)
08/10 00:20:17.663: [sbi] INFO: [43d70994-9451-41f1-ade2-678ccca31ed2] Subscription created until 2026-08-11T00:20:17.662427+00:00 [duration:86400000000,validity:86400.000000,patch:43200.000000] (../lib/sbi/nnrf-handler.c:1032)
08/10 00:20:17.663: [sbi] INFO: Setup NF EndPoint(addr) [172.22.0.12:7777] (../lib/sbi/nnrf-handler.c:1113)
08/10 00:20:17.663: [sbi] INFO: [43d70f02-9451-41f1-ade2-678ccca31ed2] Subscription created until 2026-08-11T00:20:17.662561+00:00 [duration:86400000000,validity:86400.000000,patch:43200.000000] (../lib/sbi/nnrf-handler.c:1032)
08/10 00:20:17.663: [sbi] INFO: Setup NF EndPoint(addr) [172.22.0.12:7777] (../lib/sbi/nnrf-handler.c:1113)
08/10 00:20:17.663: [sbi] INFO: [43d710e2-9451-41f1-ade2-678ccca31ed2] Subscription created until 2026-08-11T00:20:17.662606+00:00 [duration:86400000000,validity:86400.000000,patch:43200.000000] (../lib/sbi/nnrf-handler.c:1032)
08/10 00:20:17.663: [sbi] INFO: Setup NF EndPoint(addr) [172.22.0.12:7777] (../lib/sbi/nnrf-handler.c:1113)
08/10 00:20:17.663: [sbi] INFO: [43d71718-9451-41f1-ade2-678ccca31ed2] Subscription created until 2026-08-11T00:20:17.662772+00:00 [duration:86400000000,validity:86400.000000,patch:43200.000000] (../lib/sbi/nnrf-handler.c:1032)
08/10 00:20:17.663: [sbi] INFO: Setup NF EndPoint(addr) [172.22.0.12:7777] (../lib/sbi/nnrf-handler.c:1113)
08/10 00:20:17.663: [sbi] INFO: [43d71b96-9451-41f1-ade2-678ccca31ed2] Subscription created until 2026-08-11T00:20:17.662881+00:00 [duration:86400000000,validity:86400.000000,patch:43200.000000] (../lib/sbi/nnrf-handler.c:1032)
08/10 00:20:17.663: [sbi] INFO: Setup NF EndPoint(addr) [172.22.0.12:7777] (../lib/sbi/nnrf-handler.c:1113)
08/10 00:20:17.663: [sbi] INFO: [43d71d4e-9451-41f1-ade2-678ccca31ed2] Subscription created until 2026-08-11T00:20:17.662927+00:00 [duration:86400000000,validity:86400.000000,patch:43200.000000] (../lib/sbi/nnrf-handler.c:1032)
08/10 00:20:17.665: [sbi] INFO: [bd5f7d6a-9450-41f1-bf2c-fbb965ba78ed] (NRF-profile-get) NF registered (../lib/sbi/nf-sm.c:104)
08/10 00:20:17.665: [sbi] INFO: [AUSF] NFInstance associated [bd5f7d6a-9450-41f1-bf2c-fbb965ba78ed] (../lib/sbi/context.c:2495)
08/10 00:20:17.665: [sbi] INFO: Setup NF EndPoint(addr) [172.22.0.11:80] (../lib/sbi/context.c:2500)
08/10 00:20:17.665: [sbi] INFO: [nausf-auth] NFService associated [bd5f9c3c-9450-41f1-bf2c-fbb965ba78ed] (../lib/sbi/context.c:2135)
08/10 00:20:17.665: [sbi] INFO: Setup NF EndPoint(addr) [172.22.0.11:7777] (../lib/sbi/context.c:2137)
08/10 00:20:17.665: [sbi] INFO: [bd61ec8a-9450-41f1-93c8-1f19bcbe53e3] (NRF-profile-get) NF registered (../lib/sbi/nf-sm.c:104)
08/10 00:20:17.665: [sbi] INFO: [UDM] NFInstance associated [bd61ec8a-9450-41f1-93c8-1f19bcbe53e3] (../lib/sbi/context.c:2495)
08/10 00:20:17.665: [sbi] INFO: Setup NF EndPoint(addr) [172.22.0.13:80] (../lib/sbi/context.c:2500)
08/10 00:20:17.665: [sbi] INFO: [nudm-ueau] NFService associated [bd61fe3c-9450-41f1-93c8-1f19bcbe53e3] (../lib/sbi/context.c:2135)
08/10 00:20:17.665: [sbi] INFO: Setup NF EndPoint(addr) [172.22.0.13:7777] (../lib/sbi/context.c:2137)
08/10 00:20:17.665: [sbi] INFO: [nudm-uecm] NFService associated [bd61ff18-9450-41f1-93c8-1f19bcbe53e3] (../lib/sbi/context.c:2135)
08/10 00:20:17.665: [sbi] INFO: Setup NF EndPoint(addr) [172.22.0.13:7777] (../lib/sbi/context.c:2137)
08/10 00:20:17.665: [sbi] INFO: [nudm-sdm] NFService associated [bd61ffb8-9450-41f1-93c8-1f19bcbe53e3] (../lib/sbi/context.c:2135)
08/10 00:20:17.665: [sbi] INFO: Setup NF EndPoint(addr) [172.22.0.13:7777] (../lib/sbi/context.c:2137)
08/10 00:20:17.666: [sbi] INFO: [bd63d144-9450-41f1-afe2-b717d1563486] (NRF-profile-get) NF registered (../lib/sbi/nf-sm.c:104)
08/10 00:20:17.666: [sbi] INFO: [NSSF] NFInstance associated [bd63d144-9450-41f1-afe2-b717d1563486] (../lib/sbi/context.c:2495)
08/10 00:20:17.666: [sbi] INFO: Setup NF EndPoint(addr) [172.22.0.28:80] (../lib/sbi/context.c:2500)
08/10 00:20:17.666: [sbi] INFO: [nnssf-nsselection] NFService associated [bd63db62-9450-41f1-afe2-b717d1563486] (../lib/sbi/context.c:2135)
08/10 00:20:17.666: [sbi] INFO: Setup NF EndPoint(addr) [172.22.0.28:7777] (../lib/sbi/context.c:2137)
08/10 00:20:17.666: [sbi] INFO: [bdc7a836-9450-41f1-b1d4-cd3f60cda0f4] (NRF-profile-get) NF registered (../lib/sbi/nf-sm.c:104)
08/10 00:20:17.666: [sbi] INFO: [SMF] NFInstance associated [bdc7a836-9450-41f1-b1d4-cd3f60cda0f4] (../lib/sbi/context.c:2495)
08/10 00:20:17.666: [sbi] INFO: Setup NF EndPoint(addr) [172.22.0.7:80] (../lib/sbi/context.c:2500)
08/10 00:20:17.666: [sbi] INFO: [nsmf-pdusession] NFService associated [bdcd0ed4-9450-41f1-b1d4-cd3f60cda0f4] (../lib/sbi/context.c:2135)
08/10 00:20:17.666: [sbi] INFO: Setup NF EndPoint(addr) [172.22.0.7:7777] (../lib/sbi/context.c:2137)
08/10 00:20:17.666: [sbi] INFO: [c350f3a2-9450-41f1-829a-c1fddf216ae9] (NRF-profile-get) NF registered (../lib/sbi/nf-sm.c:104)
08/10 00:20:17.666: [sbi] INFO: [PCF] NFInstance associated [c350f3a2-9450-41f1-829a-c1fddf216ae9] (../lib/sbi/context.c:2495)
08/10 00:20:17.666: [sbi] INFO: Setup NF EndPoint(addr) [172.22.0.27:80] (../lib/sbi/context.c:2500)
08/10 00:20:17.666: [sbi] INFO: [npcf-am-policy-control] NFService associated [c35169b8-9450-41f1-829a-c1fddf216ae9] (../lib/sbi/context.c:2135)
08/10 00:20:17.666: [sbi] INFO: Setup NF EndPoint(addr) [172.22.0.27:7777] (../lib/sbi/context.c:2137)
08/10 00:20:17.666: [sbi] INFO: [npcf-smpolicycontrol] NFService associated [c3516a30-9450-41f1-829a-c1fddf216ae9] (../lib/sbi/context.c:2135)
08/10 00:20:17.666: [sbi] INFO: Setup NF EndPoint(addr) [172.22.0.27:7777] (../lib/sbi/context.c:2137)
08/10 00:20:17.666: [sbi] INFO: [npcf-policyauthorization] NFService associated [c3516a62-9450-41f1-829a-c1fddf216ae9] (../lib/sbi/context.c:2135)
08/10 00:20:17.666: [sbi] INFO: Setup NF EndPoint(addr) [172.22.0.27:7777] (../lib/sbi/context.c:2137)
08/10 00:20:45.744: [amf] INFO: gNB-N2 accepted[172.22.0.43]:41016 in ng-path module (../src/amf/ngap-sctp.c:113)
08/10 00:20:45.744: [amf] INFO: gNB-N2 accepted[172.22.0.43] in master_sm module (../src/amf/amf-sm.c:813)
08/10 00:20:45.751: [amf] INFO: [Added] Number of gNBs is now 1 (../src/amf/context.c:1277)
08/10 00:20:45.751: [amf] INFO: gNB-N2[172.22.0.43] max_num_of_ostreams : 30 (../src/amf/amf-sm.c:860)
08/10 00:20:58.068: [amf] INFO: InitialUEMessage (../src/amf/ngap-handler.c:612)
08/10 00:20:58.068: [amf] INFO: [Added] Number of gNB-UEs is now 1 (../src/amf/context.c:2932)
08/10 00:20:58.068: [amf] INFO:     RAN_UE_NGAP_ID[1] AMF_UE_NGAP_ID[1] TAC[7] CellID[0x7] (../src/amf/ngap-handler.c:815)
08/10 00:20:58.068: [amf] INFO: [suci-0-001-01-0000-0-0-0000000012] Unknown UE by SUCI (../src/amf/context.c:1934)
08/10 00:20:58.068: [amf] INFO: [Added] Number of AMF-UEs is now 1 (../src/amf/context.c:1699)
08/10 00:20:58.068: [gmm] INFO: Registration request (../src/amf/gmm-sm.c:1670)
08/10 00:20:58.068: [gmm] INFO: [suci-0-001-01-0000-0-0-0000000012]    SUCI (../src/amf/gmm-handler.c:186)
08/10 00:20:58.068: [sbi] INFO: [bd5f7d6a-9450-41f1-bf2c-fbb965ba78ed] Setup NF Instance [type:AUSF] (../lib/sbi/path.c:349)
08/10 00:20:58.072: [amf] INFO: Setup NF EndPoint(addr) [172.22.0.11:7777] (../src/amf/nausf-handler.c:130)
08/10 00:20:58.073: [gmm] WARNING: [suci-0-001-01-0000-0-0-0000000012] Authentication failure [21] (../src/amf/gmm-sm.c:2143)
08/10 00:20:58.073: [gmm] WARNING: [suci-0-001-01-0000-0-0-0000000012] Authentication failure(Synch failure[count=0]) (../src/amf/gmm-sm.c:2172)
08/10 00:20:58.077: [amf] WARNING: UnRef NF EndPoint(addr) [172.22.0.11:7777] (../src/amf/nausf-handler.c:130)
08/10 00:20:58.077: [amf] INFO: Setup NF EndPoint(addr) [172.22.0.11:7777] (../src/amf/nausf-handler.c:130)
08/10 00:20:58.083: [sbi] INFO: [bd61ec8a-9450-41f1-93c8-1f19bcbe53e3] Setup NF Instance [type:UDM] (../lib/sbi/path.c:349)
08/10 00:20:58.085: [sbi] INFO: [bd61ec8a-9450-41f1-93c8-1f19bcbe53e3] Setup NF Instance [type:UDM] (../lib/sbi/path.c:349)
08/10 00:20:58.089: [amf] INFO: Setup NF EndPoint(addr) [172.22.0.13:7777] (../src/amf/nudm-handler.c:422)
08/10 00:20:58.090: [sbi] INFO: [c350f3a2-9450-41f1-829a-c1fddf216ae9] Setup NF Instance [type:PCF] (../lib/sbi/path.c:349)
08/10 00:20:58.093: [amf] INFO: Setup NF EndPoint(addr) [172.22.0.27:7777] (../src/amf/npcf-handler.c:143)
08/10 00:20:58.295: [gmm] INFO: [imsi-001010000000012] Registration complete (../src/amf/gmm-sm.c:3146)
08/10 00:20:58.295: [amf] INFO: [imsi-001010000000012] Configuration update command (../src/amf/nas-path.c:609)
08/10 00:20:58.295: [gmm] INFO:     UTC [2026-08-10T00:20:58] Timezone[0]/DST[0] (../src/amf/gmm-build.c:551)
08/10 00:20:58.295: [gmm] INFO:     LOCAL [2026-08-10T00:20:58] Timezone[0]/DST[0] (../src/amf/gmm-build.c:556)
08/10 00:20:58.296: [amf] INFO: [Added] Number of AMF-Sessions is now 1 (../src/amf/context.c:2953)
08/10 00:20:58.296: [gmm] INFO: UE SUPI[imsi-001010000000012] DNN[internet] LBO[0] S_NSSAI[SST:1 SD:0xffffff] smContextRef[NULL] smContextResourceURI[NULL] (../src/amf/gmm-handler.c:1430)
08/10 00:20:58.296: [gmm] INFO: V-SMF Instance [bdc7a836-9450-41f1-b1d4-cd3f60cda0f4](LIST) (../src/amf/gmm-handler.c:1507)
08/10 00:20:58.296: [gmm] INFO: [bdc7a836-9450-41f1-b1d4-cd3f60cda0f4] Setup NF Instance [type:SMF] (../src/amf/gmm-handler.c:1509)
08/10 00:20:58.296: [gmm] INFO: V-SMF Instance [bdc7a836-9450-41f1-b1d4-cd3f60cda0f4] (../src/amf/gmm-handler.c:1519)
08/10 00:20:58.296: [gmm] INFO: V-SMF discovered in Non-Roaming or LBO-Roaming[0] (../src/amf/gmm-handler.c:1588)
08/10 00:20:58.296: [gmm] INFO: nsmf_pdusession [1:0x598f63134688:(nil)] (../src/amf/gmm-handler.c:1628)
08/10 00:20:58.302: [amf] INFO: Setup NF EndPoint(addr) [172.22.0.7:7777] (../src/amf/nsmf-handler.c:140)
08/10 00:20:58.510: [amf] INFO: [imsi-001010000000012:1:11][0:0:NULL] /nsmf-pdusession/v1/sm-contexts/{smContextRef}/modify (../src/amf/nsmf-handler.c:983)
08/10 00:22:12.212: [amf] INFO: InitialUEMessage (../src/amf/ngap-handler.c:612)
08/10 00:22:12.212: [amf] INFO: [Added] Number of gNB-UEs is now 2 (../src/amf/context.c:2932)
08/10 00:22:12.212: [amf] INFO:     RAN_UE_NGAP_ID[2] AMF_UE_NGAP_ID[2] TAC[7] CellID[0x7] (../src/amf/ngap-handler.c:815)
08/10 00:22:12.212: [amf] INFO: [suci-0-001-01-0000-0-0-0000000010] Unknown UE by SUCI (../src/amf/context.c:1934)
08/10 00:22:12.212: [amf] INFO: [Added] Number of AMF-UEs is now 2 (../src/amf/context.c:1699)
08/10 00:22:12.212: [gmm] INFO: Registration request (../src/amf/gmm-sm.c:1670)
08/10 00:22:12.212: [gmm] INFO: [suci-0-001-01-0000-0-0-0000000010]    SUCI (../src/amf/gmm-handler.c:186)
08/10 00:22:12.212: [sbi] INFO: [bd5f7d6a-9450-41f1-bf2c-fbb965ba78ed] Setup NF Instance [type:AUSF] (../lib/sbi/path.c:349)
08/10 00:22:12.217: [amf] INFO: Setup NF EndPoint(addr) [172.22.0.11:7777] (../src/amf/nausf-handler.c:130)
08/10 00:22:12.223: [sbi] INFO: [bd61ec8a-9450-41f1-93c8-1f19bcbe53e3] Setup NF Instance [type:UDM] (../lib/sbi/path.c:349)
08/10 00:22:12.225: [sbi] INFO: [bd61ec8a-9450-41f1-93c8-1f19bcbe53e3] Setup NF Instance [type:UDM] (../lib/sbi/path.c:349)
08/10 00:22:12.229: [amf] INFO: Setup NF EndPoint(addr) [172.22.0.13:7777] (../src/amf/nudm-handler.c:422)
08/10 00:22:12.229: [sbi] INFO: [c350f3a2-9450-41f1-829a-c1fddf216ae9] Setup NF Instance [type:PCF] (../lib/sbi/path.c:349)
08/10 00:22:12.232: [amf] INFO: Setup NF EndPoint(addr) [172.22.0.27:7777] (../src/amf/npcf-handler.c:143)
08/10 00:22:12.439: [gmm] INFO: [imsi-001010000000010] Registration complete (../src/amf/gmm-sm.c:3146)
08/10 00:22:12.439: [amf] INFO: [imsi-001010000000010] Configuration update command (../src/amf/nas-path.c:609)
08/10 00:22:12.439: [gmm] INFO:     UTC [2026-08-10T00:22:12] Timezone[0]/DST[0] (../src/amf/gmm-build.c:551)
08/10 00:22:12.439: [gmm] INFO:     LOCAL [2026-08-10T00:22:12] Timezone[0]/DST[0] (../src/amf/gmm-build.c:556)
08/10 00:22:12.440: [amf] INFO: [Added] Number of AMF-Sessions is now 2 (../src/amf/context.c:2953)
08/10 00:22:12.440: [gmm] INFO: UE SUPI[imsi-001010000000010] DNN[internet] LBO[0] S_NSSAI[SST:1 SD:0xffffff] smContextRef[NULL] smContextResourceURI[NULL] (../src/amf/gmm-handler.c:1430)
08/10 00:22:12.440: [gmm] INFO: V-SMF Instance [bdc7a836-9450-41f1-b1d4-cd3f60cda0f4](LIST) (../src/amf/gmm-handler.c:1507)
08/10 00:22:12.440: [gmm] INFO: [bdc7a836-9450-41f1-b1d4-cd3f60cda0f4] Setup NF Instance [type:SMF] (../src/amf/gmm-handler.c:1509)
08/10 00:22:12.440: [gmm] INFO: V-SMF Instance [bdc7a836-9450-41f1-b1d4-cd3f60cda0f4] (../src/amf/gmm-handler.c:1519)
08/10 00:22:12.440: [gmm] INFO: V-SMF discovered in Non-Roaming or LBO-Roaming[0] (../src/amf/gmm-handler.c:1588)
08/10 00:22:12.440: [gmm] INFO: nsmf_pdusession [1:0x598f63134688:(nil)] (../src/amf/gmm-handler.c:1628)
08/10 00:22:12.447: [amf] INFO: Setup NF EndPoint(addr) [172.22.0.7:7777] (../src/amf/nsmf-handler.c:140)
08/10 00:22:12.654: [amf] INFO: [imsi-001010000000010:1:11][0:0:NULL] /nsmf-pdusession/v1/sm-contexts/{smContextRef}/modify (../src/amf/nsmf-handler.c:983)
Open5GS daemon v2.7.7-74-gdbe060f

08/13 13:19:19.531: [app] INFO: Configuration: '/open5gs/install/etc/open5gs/amf.yaml' (../lib/app/ogs-init.c:144)
08/13 13:19:19.531: [app] INFO: File Logging: '/open5gs/install/var/log/open5gs/amf2.log' (../lib/app/ogs-init.c:147)
08/13 13:19:19.535: [sbi] INFO: Setup NF EndPoint(fqdn) [nrf:7777] (../lib/sbi/context.c:451)
08/13 13:19:19.535: [sbi] INFO: Setup NF EndPoint(fqdn) [scp:7777] (../lib/sbi/context.c:499)
08/13 13:19:19.535: [metrics] INFO: metrics_server() [http://172.22.0.46]:9091 (../lib/metrics/prometheus/context.c:392)
08/13 13:19:19.535: [sbi] INFO: NF Service [namf-comm] (../lib/sbi/context.c:2011)
08/13 13:19:19.535: [sbi] INFO: nghttp2_server() [http://172.22.0.46]:7777 (../lib/sbi/nghttp2-server.c:454)
08/13 13:19:19.535: [amf] INFO: ngap_server() [172.22.0.46]:38412 (../src/amf/ngap-sctp.c:61)
08/13 13:19:19.535: [sctp] INFO: AMF initialize...done (../src/amf/app.c:33)
08/13 13:19:19.598: [sbi] WARNING: Couldn't resolve host name (6): Could not resolve host: scp (../lib/sbi/client.c:767)
08/13 13:19:19.598: [sbi] WARNING: ogs_sbi_client_handler() failed [-1] (../lib/sbi/path.c:62)
08/13 13:19:30.543: [sbi] WARNING: [9767d514-9719-41f1-bcf4-e743f4aa2bd9] Retry registration with NRF (../lib/sbi/nf-sm.c:279)
08/13 13:19:30.608: [sbi] WARNING: Couldn't resolve host name (6): Could not resolve host: scp (../lib/sbi/client.c:767)
08/13 13:19:30.608: [sbi] WARNING: ogs_sbi_client_handler() failed [-1] (../lib/sbi/path.c:62)
08/13 13:19:41.552: [sbi] WARNING: [9767d514-9719-41f1-bcf4-e743f4aa2bd9] Retry registration with NRF (../lib/sbi/nf-sm.c:279)
08/13 13:19:41.617: [sbi] WARNING: Couldn't resolve host name (6): Could not resolve host: scp (../lib/sbi/client.c:767)
08/13 13:19:41.617: [sbi] WARNING: ogs_sbi_client_handler() failed [-1] (../lib/sbi/path.c:62)
08/13 13:19:52.562: [sbi] WARNING: [9767d514-9719-41f1-bcf4-e743f4aa2bd9] Retry registration with NRF (../lib/sbi/nf-sm.c:279)
08/13 13:19:52.626: [sbi] WARNING: Couldn't resolve host name (6): Could not resolve host: scp (../lib/sbi/client.c:767)
08/13 13:19:52.626: [sbi] WARNING: ogs_sbi_client_handler() failed [-1] (../lib/sbi/path.c:62)
08/13 13:20:03.573: [sbi] WARNING: [9767d514-9719-41f1-bcf4-e743f4aa2bd9] Retry registration with NRF (../lib/sbi/nf-sm.c:279)
08/13 13:20:03.637: [sbi] WARNING: Couldn't resolve host name (6): Could not resolve host: scp (../lib/sbi/client.c:767)
08/13 13:20:03.637: [sbi] WARNING: ogs_sbi_client_handler() failed [-1] (../lib/sbi/path.c:62)
08/13 13:20:14.585: [sbi] WARNING: [9767d514-9719-41f1-bcf4-e743f4aa2bd9] Retry registration with NRF (../lib/sbi/nf-sm.c:279)
08/13 13:20:14.650: [sbi] WARNING: Couldn't resolve host name (6): Could not resolve host: scp (../lib/sbi/client.c:767)
08/13 13:20:14.650: [sbi] WARNING: ogs_sbi_client_handler() failed [-1] (../lib/sbi/path.c:62)
08/13 13:20:25.592: [sbi] WARNING: [9767d514-9719-41f1-bcf4-e743f4aa2bd9] Retry registration with NRF (../lib/sbi/nf-sm.c:279)
08/13 13:20:25.656: [sbi] WARNING: Couldn't resolve host name (6): Could not resolve host: scp (../lib/sbi/client.c:767)
08/13 13:20:25.656: [sbi] WARNING: ogs_sbi_client_handler() failed [-1] (../lib/sbi/path.c:62)
08/13 13:20:36.598: [sbi] WARNING: [9767d514-9719-41f1-bcf4-e743f4aa2bd9] Retry registration with NRF (../lib/sbi/nf-sm.c:279)
08/13 13:20:36.665: [sbi] WARNING: Couldn't resolve host name (6): Could not resolve host: scp (../lib/sbi/client.c:767)
08/13 13:20:36.665: [sbi] WARNING: ogs_sbi_client_handler() failed [-1] (../lib/sbi/path.c:62)
08/13 13:20:47.601: [sbi] WARNING: [9767d514-9719-41f1-bcf4-e743f4aa2bd9] Retry registration with NRF (../lib/sbi/nf-sm.c:279)
08/13 13:20:47.671: [sbi] WARNING: Couldn't resolve host name (6): Could not resolve host: scp (../lib/sbi/client.c:767)
08/13 13:20:47.671: [sbi] WARNING: ogs_sbi_client_handler() failed [-1] (../lib/sbi/path.c:62)
08/13 13:20:58.603: [sbi] WARNING: [9767d514-9719-41f1-bcf4-e743f4aa2bd9] Retry registration with NRF (../lib/sbi/nf-sm.c:279)
08/13 13:20:58.687: [sbi] WARNING: Couldn't resolve host name (6): Could not resolve host: scp (../lib/sbi/client.c:767)
08/13 13:20:58.687: [sbi] WARNING: ogs_sbi_client_handler() failed [-1] (../lib/sbi/path.c:62)
08/13 13:21:09.608: [sbi] WARNING: [9767d514-9719-41f1-bcf4-e743f4aa2bd9] Retry registration with NRF (../lib/sbi/nf-sm.c:279)
08/13 13:21:09.676: [sbi] WARNING: Couldn't resolve host name (6): Could not resolve host: scp (../lib/sbi/client.c:767)
08/13 13:21:09.676: [sbi] WARNING: ogs_sbi_client_handler() failed [-1] (../lib/sbi/path.c:62)
08/13 13:21:20.613: [sbi] WARNING: [9767d514-9719-41f1-bcf4-e743f4aa2bd9] Retry registration with NRF (../lib/sbi/nf-sm.c:279)
08/13 13:21:20.679: [sbi] WARNING: Couldn't resolve host name (6): Could not resolve host: scp (../lib/sbi/client.c:767)
08/13 13:21:20.679: [sbi] WARNING: ogs_sbi_client_handler() failed [-1] (../lib/sbi/path.c:62)
08/13 13:21:31.623: [sbi] WARNING: [9767d514-9719-41f1-bcf4-e743f4aa2bd9] Retry registration with NRF (../lib/sbi/nf-sm.c:279)
08/13 13:21:31.689: [sbi] WARNING: Couldn't resolve host name (6): Could not resolve host: scp (../lib/sbi/client.c:767)
08/13 13:21:31.689: [sbi] WARNING: ogs_sbi_client_handler() failed [-1] (../lib/sbi/path.c:62)
08/13 13:21:42.631: [sbi] WARNING: [9767d514-9719-41f1-bcf4-e743f4aa2bd9] Retry registration with NRF (../lib/sbi/nf-sm.c:279)
08/13 13:21:42.698: [sbi] WARNING: Couldn't resolve host name (6): Could not resolve host: scp (../lib/sbi/client.c:767)
08/13 13:21:42.698: [sbi] WARNING: ogs_sbi_client_handler() failed [-1] (../lib/sbi/path.c:62)
08/13 13:21:53.638: [sbi] WARNING: [9767d514-9719-41f1-bcf4-e743f4aa2bd9] Retry registration with NRF (../lib/sbi/nf-sm.c:279)
08/13 13:21:53.703: [sbi] WARNING: Couldn't resolve host name (6): Could not resolve host: scp (../lib/sbi/client.c:767)
08/13 13:21:53.703: [sbi] WARNING: ogs_sbi_client_handler() failed [-1] (../lib/sbi/path.c:62)
08/13 13:22:04.645: [sbi] WARNING: [9767d514-9719-41f1-bcf4-e743f4aa2bd9] Retry registration with NRF (../lib/sbi/nf-sm.c:279)
08/13 13:22:04.711: [sbi] WARNING: Couldn't resolve host name (6): Could not resolve host: scp (../lib/sbi/client.c:767)
08/13 13:22:04.711: [sbi] WARNING: ogs_sbi_client_handler() failed [-1] (../lib/sbi/path.c:62)
08/13 13:22:15.652: [sbi] WARNING: [9767d514-9719-41f1-bcf4-e743f4aa2bd9] Retry registration with NRF (../lib/sbi/nf-sm.c:279)
08/13 13:22:15.717: [sbi] WARNING: Couldn't resolve host name (6): Could not resolve host: scp (../lib/sbi/client.c:767)
08/13 13:22:15.717: [sbi] WARNING: ogs_sbi_client_handler() failed [-1] (../lib/sbi/path.c:62)
08/13 13:22:26.662: [sbi] WARNING: [9767d514-9719-41f1-bcf4-e743f4aa2bd9] Retry registration with NRF (../lib/sbi/nf-sm.c:279)
08/13 13:22:26.730: [sbi] WARNING: Couldn't resolve host name (6): Could not resolve host: scp (../lib/sbi/client.c:767)
08/13 13:22:26.730: [sbi] WARNING: ogs_sbi_client_handler() failed [-1] (../lib/sbi/path.c:62)
08/13 13:22:37.672: [sbi] WARNING: [9767d514-9719-41f1-bcf4-e743f4aa2bd9] Retry registration with NRF (../lib/sbi/nf-sm.c:279)
08/13 13:22:37.738: [sbi] WARNING: Couldn't resolve host name (6): Could not resolve host: scp (../lib/sbi/client.c:767)
08/13 13:22:37.738: [sbi] WARNING: ogs_sbi_client_handler() failed [-1] (../lib/sbi/path.c:62)
08/13 13:22:48.684: [sbi] WARNING: [9767d514-9719-41f1-bcf4-e743f4aa2bd9] Retry registration with NRF (../lib/sbi/nf-sm.c:279)
08/13 13:22:48.748: [sbi] WARNING: Couldn't resolve host name (6): Could not resolve host: scp (../lib/sbi/client.c:767)
08/13 13:22:48.749: [sbi] WARNING: ogs_sbi_client_handler() failed [-1] (../lib/sbi/path.c:62)
08/13 13:22:59.690: [sbi] WARNING: [9767d514-9719-41f1-bcf4-e743f4aa2bd9] Retry registration with NRF (../lib/sbi/nf-sm.c:279)
08/13 13:22:59.754: [sbi] WARNING: Couldn't resolve host name (6): Could not resolve host: scp (../lib/sbi/client.c:767)
08/13 13:22:59.754: [sbi] WARNING: ogs_sbi_client_handler() failed [-1] (../lib/sbi/path.c:62)
08/13 13:23:10.701: [sbi] WARNING: [9767d514-9719-41f1-bcf4-e743f4aa2bd9] Retry registration with NRF (../lib/sbi/nf-sm.c:279)
08/13 13:23:10.767: [sbi] WARNING: Couldn't resolve host name (6): Could not resolve host: scp (../lib/sbi/client.c:767)
08/13 13:23:10.767: [sbi] WARNING: ogs_sbi_client_handler() failed [-1] (../lib/sbi/path.c:62)
08/13 13:23:21.704: [sbi] WARNING: [9767d514-9719-41f1-bcf4-e743f4aa2bd9] Retry registration with NRF (../lib/sbi/nf-sm.c:279)
08/13 13:23:21.769: [sbi] WARNING: Couldn't resolve host name (6): Could not resolve host: scp (../lib/sbi/client.c:767)
08/13 13:23:21.769: [sbi] WARNING: ogs_sbi_client_handler() failed [-1] (../lib/sbi/path.c:62)
08/13 13:23:32.715: [sbi] WARNING: [9767d514-9719-41f1-bcf4-e743f4aa2bd9] Retry registration with NRF (../lib/sbi/nf-sm.c:279)
08/13 13:23:32.780: [sbi] WARNING: Couldn't resolve host name (6): Could not resolve host: scp (../lib/sbi/client.c:767)
08/13 13:23:32.780: [sbi] WARNING: ogs_sbi_client_handler() failed [-1] (../lib/sbi/path.c:62)
08/13 13:23:43.723: [sbi] WARNING: [9767d514-9719-41f1-bcf4-e743f4aa2bd9] Retry registration with NRF (../lib/sbi/nf-sm.c:279)
08/13 13:23:43.787: [sbi] WARNING: Couldn't resolve host name (6): Could not resolve host: scp (../lib/sbi/client.c:767)
08/13 13:23:43.787: [sbi] WARNING: ogs_sbi_client_handler() failed [-1] (../lib/sbi/path.c:62)
08/13 13:23:54.733: [sbi] WARNING: [9767d514-9719-41f1-bcf4-e743f4aa2bd9] Retry registration with NRF (../lib/sbi/nf-sm.c:279)
08/13 13:23:54.797: [sbi] WARNING: Couldn't resolve host name (6): Could not resolve host: scp (../lib/sbi/client.c:767)
08/13 13:23:54.797: [sbi] WARNING: ogs_sbi_client_handler() failed [-1] (../lib/sbi/path.c:62)
08/13 13:24:05.739: [sbi] WARNING: [9767d514-9719-41f1-bcf4-e743f4aa2bd9] Retry registration with NRF (../lib/sbi/nf-sm.c:279)
08/13 13:24:05.805: [sbi] WARNING: Couldn't resolve host name (6): Could not resolve host: scp (../lib/sbi/client.c:767)
08/13 13:24:05.805: [sbi] WARNING: ogs_sbi_client_handler() failed [-1] (../lib/sbi/path.c:62)
08/13 13:24:16.750: [sbi] WARNING: [9767d514-9719-41f1-bcf4-e743f4aa2bd9] Retry registration with NRF (../lib/sbi/nf-sm.c:279)
08/13 13:24:16.815: [sbi] WARNING: Couldn't resolve host name (6): Could not resolve host: scp (../lib/sbi/client.c:767)
08/13 13:24:16.815: [sbi] WARNING: ogs_sbi_client_handler() failed [-1] (../lib/sbi/path.c:62)
08/13 13:24:27.754: [sbi] WARNING: [9767d514-9719-41f1-bcf4-e743f4aa2bd9] Retry registration with NRF (../lib/sbi/nf-sm.c:279)
08/13 13:24:27.819: [sbi] WARNING: Couldn't resolve host name (6): Could not resolve host: scp (../lib/sbi/client.c:767)
08/13 13:24:27.819: [sbi] WARNING: ogs_sbi_client_handler() failed [-1] (../lib/sbi/path.c:62)
08/13 13:24:38.765: [sbi] WARNING: [9767d514-9719-41f1-bcf4-e743f4aa2bd9] Retry registration with NRF (../lib/sbi/nf-sm.c:279)
08/13 13:24:38.834: [sbi] WARNING: Couldn't resolve host name (6): Could not resolve host: scp (../lib/sbi/client.c:767)
08/13 13:24:38.834: [sbi] WARNING: ogs_sbi_client_handler() failed [-1] (../lib/sbi/path.c:62)
08/13 13:24:49.768: [sbi] WARNING: [9767d514-9719-41f1-bcf4-e743f4aa2bd9] Retry registration with NRF (../lib/sbi/nf-sm.c:279)
08/13 13:24:49.834: [sbi] WARNING: Couldn't resolve host name (6): Could not resolve host: scp (../lib/sbi/client.c:767)
08/13 13:24:49.834: [sbi] WARNING: ogs_sbi_client_handler() failed [-1] (../lib/sbi/path.c:62)
08/13 13:25:00.772: [sbi] WARNING: [9767d514-9719-41f1-bcf4-e743f4aa2bd9] Retry registration with NRF (../lib/sbi/nf-sm.c:279)
08/13 13:25:00.837: [sbi] WARNING: Couldn't resolve host name (6): Could not resolve host: scp (../lib/sbi/client.c:767)
08/13 13:25:00.837: [sbi] WARNING: ogs_sbi_client_handler() failed [-1] (../lib/sbi/path.c:62)
08/13 13:25:11.778: [sbi] WARNING: [9767d514-9719-41f1-bcf4-e743f4aa2bd9] Retry registration with NRF (../lib/sbi/nf-sm.c:279)
08/13 13:25:11.843: [sbi] WARNING: Couldn't resolve host name (6): Could not resolve host: scp (../lib/sbi/client.c:767)
08/13 13:25:11.843: [sbi] WARNING: ogs_sbi_client_handler() failed [-1] (../lib/sbi/path.c:62)
08/13 13:25:22.780: [sbi] WARNING: [9767d514-9719-41f1-bcf4-e743f4aa2bd9] Retry registration with NRF (../lib/sbi/nf-sm.c:279)
08/13 13:25:22.845: [sbi] WARNING: Couldn't resolve host name (6): Could not resolve host: scp (../lib/sbi/client.c:767)
08/13 13:25:22.845: [sbi] WARNING: ogs_sbi_client_handler() failed [-1] (../lib/sbi/path.c:62)
08/13 13:25:33.785: [sbi] WARNING: [9767d514-9719-41f1-bcf4-e743f4aa2bd9] Retry registration with NRF (../lib/sbi/nf-sm.c:279)
08/13 13:25:33.861: [sbi] WARNING: Couldn't resolve host name (6): Could not resolve host: scp (../lib/sbi/client.c:767)
08/13 13:25:33.861: [sbi] WARNING: ogs_sbi_client_handler() failed [-1] (../lib/sbi/path.c:62)
08/13 13:25:44.789: [sbi] WARNING: [9767d514-9719-41f1-bcf4-e743f4aa2bd9] Retry registration with NRF (../lib/sbi/nf-sm.c:279)
08/13 13:25:44.853: [sbi] WARNING: Couldn't resolve host name (6): Could not resolve host: scp (../lib/sbi/client.c:767)
08/13 13:25:44.853: [sbi] WARNING: ogs_sbi_client_handler() failed [-1] (../lib/sbi/path.c:62)
08/13 13:25:55.801: [sbi] WARNING: [9767d514-9719-41f1-bcf4-e743f4aa2bd9] Retry registration with NRF (../lib/sbi/nf-sm.c:279)
08/13 13:25:55.867: [sbi] WARNING: Couldn't resolve host name (6): Could not resolve host: scp (../lib/sbi/client.c:767)
08/13 13:25:55.867: [sbi] WARNING: ogs_sbi_client_handler() failed [-1] (../lib/sbi/path.c:62)
08/13 13:26:06.806: [sbi] WARNING: [9767d514-9719-41f1-bcf4-e743f4aa2bd9] Retry registration with NRF (../lib/sbi/nf-sm.c:279)
08/13 13:26:06.872: [sbi] WARNING: Couldn't resolve host name (6): Could not resolve host: scp (../lib/sbi/client.c:767)
08/13 13:26:06.872: [sbi] WARNING: ogs_sbi_client_handler() failed [-1] (../lib/sbi/path.c:62)
08/13 13:26:17.817: [sbi] WARNING: [9767d514-9719-41f1-bcf4-e743f4aa2bd9] Retry registration with NRF (../lib/sbi/nf-sm.c:279)
08/13 13:26:17.882: [sbi] WARNING: Couldn't resolve host name (6): Could not resolve host: scp (../lib/sbi/client.c:767)
08/13 13:26:17.882: [sbi] WARNING: ogs_sbi_client_handler() failed [-1] (../lib/sbi/path.c:62)
08/13 13:26:28.822: [sbi] WARNING: [9767d514-9719-41f1-bcf4-e743f4aa2bd9] Retry registration with NRF (../lib/sbi/nf-sm.c:279)
08/13 13:26:28.886: [sbi] WARNING: Couldn't resolve host name (6): Could not resolve host: scp (../lib/sbi/client.c:767)
08/13 13:26:28.886: [sbi] WARNING: ogs_sbi_client_handler() failed [-1] (../lib/sbi/path.c:62)
08/13 13:26:39.833: [sbi] WARNING: [9767d514-9719-41f1-bcf4-e743f4aa2bd9] Retry registration with NRF (../lib/sbi/nf-sm.c:279)
08/13 13:26:39.900: [sbi] WARNING: Couldn't resolve host name (6): Could not resolve host: scp (../lib/sbi/client.c:767)
08/13 13:26:39.900: [sbi] WARNING: ogs_sbi_client_handler() failed [-1] (../lib/sbi/path.c:62)
08/13 13:26:50.845: [sbi] WARNING: [9767d514-9719-41f1-bcf4-e743f4aa2bd9] Retry registration with NRF (../lib/sbi/nf-sm.c:279)
08/13 13:26:50.911: [sbi] WARNING: Couldn't resolve host name (6): Could not resolve host: scp (../lib/sbi/client.c:767)
08/13 13:26:50.911: [sbi] WARNING: ogs_sbi_client_handler() failed [-1] (../lib/sbi/path.c:62)
08/13 13:27:01.857: [sbi] WARNING: [9767d514-9719-41f1-bcf4-e743f4aa2bd9] Retry registration with NRF (../lib/sbi/nf-sm.c:279)
08/13 13:27:01.921: [sbi] WARNING: Couldn't resolve host name (6): Could not resolve host: scp (../lib/sbi/client.c:767)
08/13 13:27:01.921: [sbi] WARNING: ogs_sbi_client_handler() failed [-1] (../lib/sbi/path.c:62)
08/13 13:27:12.866: [sbi] WARNING: [9767d514-9719-41f1-bcf4-e743f4aa2bd9] Retry registration with NRF (../lib/sbi/nf-sm.c:279)
08/13 13:27:12.932: [sbi] WARNING: Couldn't resolve host name (6): Could not resolve host: scp (../lib/sbi/client.c:767)
08/13 13:27:12.932: [sbi] WARNING: ogs_sbi_client_handler() failed [-1] (../lib/sbi/path.c:62)
08/13 13:27:23.871: [sbi] WARNING: [9767d514-9719-41f1-bcf4-e743f4aa2bd9] Retry registration with NRF (../lib/sbi/nf-sm.c:279)
08/13 13:27:23.936: [sbi] WARNING: Couldn't resolve host name (6): Could not resolve host: scp (../lib/sbi/client.c:767)
08/13 13:27:23.936: [sbi] WARNING: ogs_sbi_client_handler() failed [-1] (../lib/sbi/path.c:62)
08/13 13:27:34.883: [sbi] WARNING: [9767d514-9719-41f1-bcf4-e743f4aa2bd9] Retry registration with NRF (../lib/sbi/nf-sm.c:279)
08/13 13:27:34.949: [sbi] WARNING: Couldn't resolve host name (6): Could not resolve host: scp (../lib/sbi/client.c:767)
08/13 13:27:34.949: [sbi] WARNING: ogs_sbi_client_handler() failed [-1] (../lib/sbi/path.c:62)
08/13 13:27:45.894: [sbi] WARNING: [9767d514-9719-41f1-bcf4-e743f4aa2bd9] Retry registration with NRF (../lib/sbi/nf-sm.c:279)
08/13 13:27:45.959: [sbi] WARNING: Couldn't resolve host name (6): Could not resolve host: scp (../lib/sbi/client.c:767)
08/13 13:27:45.959: [sbi] WARNING: ogs_sbi_client_handler() failed [-1] (../lib/sbi/path.c:62)
08/13 13:27:56.906: [sbi] WARNING: [9767d514-9719-41f1-bcf4-e743f4aa2bd9] Retry registration with NRF (../lib/sbi/nf-sm.c:279)
08/13 13:27:56.971: [sbi] WARNING: Couldn't resolve host name (6): Could not resolve host: scp (../lib/sbi/client.c:767)
08/13 13:27:56.971: [sbi] WARNING: ogs_sbi_client_handler() failed [-1] (../lib/sbi/path.c:62)
08/13 13:28:07.918: [sbi] WARNING: [9767d514-9719-41f1-bcf4-e743f4aa2bd9] Retry registration with NRF (../lib/sbi/nf-sm.c:279)
08/13 13:28:07.983: [sbi] WARNING: Couldn't resolve host name (6): Could not resolve host: scp (../lib/sbi/client.c:767)
08/13 13:28:07.983: [sbi] WARNING: ogs_sbi_client_handler() failed [-1] (../lib/sbi/path.c:62)
08/13 13:28:18.922: [sbi] WARNING: [9767d514-9719-41f1-bcf4-e743f4aa2bd9] Retry registration with NRF (../lib/sbi/nf-sm.c:279)
08/13 13:28:18.986: [sbi] WARNING: Couldn't resolve host name (6): Could not resolve host: scp (../lib/sbi/client.c:767)
08/13 13:28:18.986: [sbi] WARNING: ogs_sbi_client_handler() failed [-1] (../lib/sbi/path.c:62)
08/13 13:28:29.925: [sbi] WARNING: [9767d514-9719-41f1-bcf4-e743f4aa2bd9] Retry registration with NRF (../lib/sbi/nf-sm.c:279)
08/13 13:28:29.989: [sbi] WARNING: Couldn't resolve host name (6): Could not resolve host: scp (../lib/sbi/client.c:767)
08/13 13:28:29.989: [sbi] WARNING: ogs_sbi_client_handler() failed [-1] (../lib/sbi/path.c:62)
08/13 13:28:40.936: [sbi] WARNING: [9767d514-9719-41f1-bcf4-e743f4aa2bd9] Retry registration with NRF (../lib/sbi/nf-sm.c:279)
08/13 13:28:41.001: [sbi] WARNING: Couldn't resolve host name (6): Could not resolve host: scp (../lib/sbi/client.c:767)
08/13 13:28:41.001: [sbi] WARNING: ogs_sbi_client_handler() failed [-1] (../lib/sbi/path.c:62)
08/13 13:28:51.940: [sbi] WARNING: [9767d514-9719-41f1-bcf4-e743f4aa2bd9] Retry registration with NRF (../lib/sbi/nf-sm.c:279)
08/13 13:28:52.003: [sbi] WARNING: Couldn't resolve host name (6): Could not resolve host: scp (../lib/sbi/client.c:767)
08/13 13:28:52.003: [sbi] WARNING: ogs_sbi_client_handler() failed [-1] (../lib/sbi/path.c:62)
08/13 13:29:02.951: [sbi] WARNING: [9767d514-9719-41f1-bcf4-e743f4aa2bd9] Retry registration with NRF (../lib/sbi/nf-sm.c:279)
08/13 13:29:03.017: [sbi] WARNING: Couldn't resolve host name (6): Could not resolve host: scp (../lib/sbi/client.c:767)
08/13 13:29:03.017: [sbi] WARNING: ogs_sbi_client_handler() failed [-1] (../lib/sbi/path.c:62)
08/13 13:29:13.964: [sbi] WARNING: [9767d514-9719-41f1-bcf4-e743f4aa2bd9] Retry registration with NRF (../lib/sbi/nf-sm.c:279)
08/13 13:29:14.046: [sbi] WARNING: Couldn't resolve host name (6): Could not resolve host: scp (../lib/sbi/client.c:767)
08/13 13:29:14.046: [sbi] WARNING: ogs_sbi_client_handler() failed [-1] (../lib/sbi/path.c:62)
08/13 13:29:24.975: [sbi] WARNING: [9767d514-9719-41f1-bcf4-e743f4aa2bd9] Retry registration with NRF (../lib/sbi/nf-sm.c:279)
08/13 13:29:25.042: [sbi] WARNING: Couldn't resolve host name (6): Could not resolve host: scp (../lib/sbi/client.c:767)
08/13 13:29:25.042: [sbi] WARNING: ogs_sbi_client_handler() failed [-1] (../lib/sbi/path.c:62)
08/13 13:29:35.985: [sbi] WARNING: [9767d514-9719-41f1-bcf4-e743f4aa2bd9] Retry registration with NRF (../lib/sbi/nf-sm.c:279)
08/13 13:29:36.051: [sbi] WARNING: Couldn't resolve host name (6): Could not resolve host: scp (../lib/sbi/client.c:767)
08/13 13:29:36.051: [sbi] WARNING: ogs_sbi_client_handler() failed [-1] (../lib/sbi/path.c:62)
08/13 13:29:46.992: [sbi] WARNING: [9767d514-9719-41f1-bcf4-e743f4aa2bd9] Retry registration with NRF (../lib/sbi/nf-sm.c:279)
08/13 13:29:47.056: [sbi] WARNING: Couldn't resolve host name (6): Could not resolve host: scp (../lib/sbi/client.c:767)
08/13 13:29:47.056: [sbi] WARNING: ogs_sbi_client_handler() failed [-1] (../lib/sbi/path.c:62)
08/13 13:29:57.999: [sbi] WARNING: [9767d514-9719-41f1-bcf4-e743f4aa2bd9] Retry registration with NRF (../lib/sbi/nf-sm.c:279)
08/13 13:29:58.064: [sbi] WARNING: Couldn't resolve host name (6): Could not resolve host: scp (../lib/sbi/client.c:767)
08/13 13:29:58.064: [sbi] WARNING: ogs_sbi_client_handler() failed [-1] (../lib/sbi/path.c:62)
08/13 13:30:09.011: [sbi] WARNING: [9767d514-9719-41f1-bcf4-e743f4aa2bd9] Retry registration with NRF (../lib/sbi/nf-sm.c:279)
08/13 13:30:09.076: [sbi] WARNING: Couldn't resolve host name (6): Could not resolve host: scp (../lib/sbi/client.c:767)
08/13 13:30:09.076: [sbi] WARNING: ogs_sbi_client_handler() failed [-1] (../lib/sbi/path.c:62)
08/13 13:30:20.022: [sbi] WARNING: [9767d514-9719-41f1-bcf4-e743f4aa2bd9] Retry registration with NRF (../lib/sbi/nf-sm.c:279)
08/13 13:30:20.086: [sbi] WARNING: Couldn't resolve host name (6): Could not resolve host: scp (../lib/sbi/client.c:767)
08/13 13:30:20.086: [sbi] WARNING: ogs_sbi_client_handler() failed [-1] (../lib/sbi/path.c:62)
08/13 13:30:31.031: [sbi] WARNING: [9767d514-9719-41f1-bcf4-e743f4aa2bd9] Retry registration with NRF (../lib/sbi/nf-sm.c:279)
08/13 13:30:31.097: [sbi] WARNING: Couldn't resolve host name (6): Could not resolve host: scp (../lib/sbi/client.c:767)
08/13 13:30:31.097: [sbi] WARNING: ogs_sbi_client_handler() failed [-1] (../lib/sbi/path.c:62)
08/13 13:30:42.036: [sbi] WARNING: [9767d514-9719-41f1-bcf4-e743f4aa2bd9] Retry registration with NRF (../lib/sbi/nf-sm.c:279)
08/13 13:30:42.101: [sbi] WARNING: Couldn't resolve host name (6): Could not resolve host: scp (../lib/sbi/client.c:767)
08/13 13:30:42.102: [sbi] WARNING: ogs_sbi_client_handler() failed [-1] (../lib/sbi/path.c:62)
08/13 13:30:53.048: [sbi] WARNING: [9767d514-9719-41f1-bcf4-e743f4aa2bd9] Retry registration with NRF (../lib/sbi/nf-sm.c:279)
08/13 13:30:53.115: [sbi] WARNING: Couldn't resolve host name (6): Could not resolve host: scp (../lib/sbi/client.c:767)
08/13 13:30:53.115: [sbi] WARNING: ogs_sbi_client_handler() failed [-1] (../lib/sbi/path.c:62)
08/13 13:31:04.054: [sbi] WARNING: [9767d514-9719-41f1-bcf4-e743f4aa2bd9] Retry registration with NRF (../lib/sbi/nf-sm.c:279)
08/13 13:31:04.128: [sbi] WARNING: Couldn't resolve host name (6): Could not resolve host: scp (../lib/sbi/client.c:767)
08/13 13:31:04.128: [sbi] WARNING: ogs_sbi_client_handler() failed [-1] (../lib/sbi/path.c:62)
08/13 13:31:15.064: [sbi] WARNING: [9767d514-9719-41f1-bcf4-e743f4aa2bd9] Retry registration with NRF (../lib/sbi/nf-sm.c:279)
08/13 13:31:15.128: [sbi] WARNING: Couldn't resolve host name (6): Could not resolve host: scp (../lib/sbi/client.c:767)
08/13 13:31:15.128: [sbi] WARNING: ogs_sbi_client_handler() failed [-1] (../lib/sbi/path.c:62)
08/13 13:31:26.070: [sbi] WARNING: [9767d514-9719-41f1-bcf4-e743f4aa2bd9] Retry registration with NRF (../lib/sbi/nf-sm.c:279)
08/13 13:31:26.135: [sbi] WARNING: Couldn't resolve host name (6): Could not resolve host: scp (../lib/sbi/client.c:767)
08/13 13:31:26.135: [sbi] WARNING: ogs_sbi_client_handler() failed [-1] (../lib/sbi/path.c:62)
08/13 13:31:37.076: [sbi] WARNING: [9767d514-9719-41f1-bcf4-e743f4aa2bd9] Retry registration with NRF (../lib/sbi/nf-sm.c:279)
08/13 13:31:37.140: [sbi] WARNING: Couldn't resolve host name (6): Could not resolve host: scp (../lib/sbi/client.c:767)
08/13 13:31:37.140: [sbi] WARNING: ogs_sbi_client_handler() failed [-1] (../lib/sbi/path.c:62)
08/13 13:31:48.082: [sbi] WARNING: [9767d514-9719-41f1-bcf4-e743f4aa2bd9] Retry registration with NRF (../lib/sbi/nf-sm.c:279)
08/13 13:31:48.146: [sbi] WARNING: Couldn't resolve host name (6): Could not resolve host: scp (../lib/sbi/client.c:767)
08/13 13:31:48.146: [sbi] WARNING: ogs_sbi_client_handler() failed [-1] (../lib/sbi/path.c:62)
08/13 13:31:59.093: [sbi] WARNING: [9767d514-9719-41f1-bcf4-e743f4aa2bd9] Retry registration with NRF (../lib/sbi/nf-sm.c:279)
08/13 13:31:59.158: [sbi] WARNING: Couldn't resolve host name (6): Could not resolve host: scp (../lib/sbi/client.c:767)
08/13 13:31:59.158: [sbi] WARNING: ogs_sbi_client_handler() failed [-1] (../lib/sbi/path.c:62)
08/13 13:32:10.101: [sbi] WARNING: [9767d514-9719-41f1-bcf4-e743f4aa2bd9] Retry registration with NRF (../lib/sbi/nf-sm.c:279)
08/13 13:32:10.168: [sbi] WARNING: Couldn't resolve host name (6): Could not resolve host: scp (../lib/sbi/client.c:767)
08/13 13:32:10.168: [sbi] WARNING: ogs_sbi_client_handler() failed [-1] (../lib/sbi/path.c:62)
08/13 13:32:21.111: [sbi] WARNING: [9767d514-9719-41f1-bcf4-e743f4aa2bd9] Retry registration with NRF (../lib/sbi/nf-sm.c:279)
08/13 13:32:21.177: [sbi] WARNING: Couldn't resolve host name (6): Could not resolve host: scp (../lib/sbi/client.c:767)
08/13 13:32:21.177: [sbi] WARNING: ogs_sbi_client_handler() failed [-1] (../lib/sbi/path.c:62)
08/13 13:32:32.122: [sbi] WARNING: [9767d514-9719-41f1-bcf4-e743f4aa2bd9] Retry registration with NRF (../lib/sbi/nf-sm.c:279)
08/13 13:32:32.187: [sbi] WARNING: Couldn't resolve host name (6): Could not resolve host: scp (../lib/sbi/client.c:767)
08/13 13:32:32.187: [sbi] WARNING: ogs_sbi_client_handler() failed [-1] (../lib/sbi/path.c:62)
08/13 13:32:43.132: [sbi] WARNING: [9767d514-9719-41f1-bcf4-e743f4aa2bd9] Retry registration with NRF (../lib/sbi/nf-sm.c:279)
08/13 13:32:43.197: [sbi] WARNING: Couldn't resolve host name (6): Could not resolve host: scp (../lib/sbi/client.c:767)
08/13 13:32:43.197: [sbi] WARNING: ogs_sbi_client_handler() failed [-1] (../lib/sbi/path.c:62)
08/13 13:32:54.143: [sbi] WARNING: [9767d514-9719-41f1-bcf4-e743f4aa2bd9] Retry registration with NRF (../lib/sbi/nf-sm.c:279)
08/13 13:32:54.208: [sbi] WARNING: Couldn't resolve host name (6): Could not resolve host: scp (../lib/sbi/client.c:767)
08/13 13:32:54.208: [sbi] WARNING: ogs_sbi_client_handler() failed [-1] (../lib/sbi/path.c:62)
08/13 13:33:05.152: [sbi] WARNING: [9767d514-9719-41f1-bcf4-e743f4aa2bd9] Retry registration with NRF (../lib/sbi/nf-sm.c:279)
08/13 13:33:05.217: [sbi] WARNING: Couldn't resolve host name (6): Could not resolve host: scp (../lib/sbi/client.c:767)
08/13 13:33:05.217: [sbi] WARNING: ogs_sbi_client_handler() failed [-1] (../lib/sbi/path.c:62)
08/13 13:33:16.154: [sbi] WARNING: [9767d514-9719-41f1-bcf4-e743f4aa2bd9] Retry registration with NRF (../lib/sbi/nf-sm.c:279)
08/13 13:33:16.219: [sbi] WARNING: Couldn't resolve host name (6): Could not resolve host: scp (../lib/sbi/client.c:767)
08/13 13:33:16.219: [sbi] WARNING: ogs_sbi_client_handler() failed [-1] (../lib/sbi/path.c:62)
08/13 13:33:27.160: [sbi] WARNING: [9767d514-9719-41f1-bcf4-e743f4aa2bd9] Retry registration with NRF (../lib/sbi/nf-sm.c:279)
08/13 13:33:27.225: [sbi] WARNING: Couldn't resolve host name (6): Could not resolve host: scp (../lib/sbi/client.c:767)
08/13 13:33:27.225: [sbi] WARNING: ogs_sbi_client_handler() failed [-1] (../lib/sbi/path.c:62)
08/13 13:33:38.164: [sbi] WARNING: [9767d514-9719-41f1-bcf4-e743f4aa2bd9] Retry registration with NRF (../lib/sbi/nf-sm.c:279)
08/13 13:33:38.229: [sbi] WARNING: Couldn't resolve host name (6): Could not resolve host: scp (../lib/sbi/client.c:767)
08/13 13:33:38.229: [sbi] WARNING: ogs_sbi_client_handler() failed [-1] (../lib/sbi/path.c:62)
08/13 13:33:49.172: [sbi] WARNING: [9767d514-9719-41f1-bcf4-e743f4aa2bd9] Retry registration with NRF (../lib/sbi/nf-sm.c:279)
08/13 13:33:49.237: [sbi] WARNING: Couldn't resolve host name (6): Could not resolve host: scp (../lib/sbi/client.c:767)
08/13 13:33:49.237: [sbi] WARNING: ogs_sbi_client_handler() failed [-1] (../lib/sbi/path.c:62)
08/13 13:34:00.182: [sbi] WARNING: [9767d514-9719-41f1-bcf4-e743f4aa2bd9] Retry registration with NRF (../lib/sbi/nf-sm.c:279)
08/13 13:34:00.250: [sbi] WARNING: Couldn't resolve host name (6): Could not resolve host: scp (../lib/sbi/client.c:767)
08/13 13:34:00.250: [sbi] WARNING: ogs_sbi_client_handler() failed [-1] (../lib/sbi/path.c:62)
08/13 13:34:11.194: [sbi] WARNING: [9767d514-9719-41f1-bcf4-e743f4aa2bd9] Retry registration with NRF (../lib/sbi/nf-sm.c:279)
08/13 13:34:11.259: [sbi] WARNING: Couldn't resolve host name (6): Could not resolve host: scp (../lib/sbi/client.c:767)
08/13 13:34:11.259: [sbi] WARNING: ogs_sbi_client_handler() failed [-1] (../lib/sbi/path.c:62)
08/13 13:34:22.205: [sbi] WARNING: [9767d514-9719-41f1-bcf4-e743f4aa2bd9] Retry registration with NRF (../lib/sbi/nf-sm.c:279)
08/13 13:34:22.269: [sbi] WARNING: Couldn't resolve host name (6): Could not resolve host: scp (../lib/sbi/client.c:767)
08/13 13:34:22.269: [sbi] WARNING: ogs_sbi_client_handler() failed [-1] (../lib/sbi/path.c:62)
08/13 13:34:33.216: [sbi] WARNING: [9767d514-9719-41f1-bcf4-e743f4aa2bd9] Retry registration with NRF (../lib/sbi/nf-sm.c:279)
08/13 13:34:33.280: [sbi] WARNING: Couldn't resolve host name (6): Could not resolve host: scp (../lib/sbi/client.c:767)
08/13 13:34:33.280: [sbi] WARNING: ogs_sbi_client_handler() failed [-1] (../lib/sbi/path.c:62)
08/13 13:34:44.226: [sbi] WARNING: [9767d514-9719-41f1-bcf4-e743f4aa2bd9] Retry registration with NRF (../lib/sbi/nf-sm.c:279)
08/13 13:34:44.292: [sbi] WARNING: Couldn't resolve host name (6): Could not resolve host: scp (../lib/sbi/client.c:767)
08/13 13:34:44.292: [sbi] WARNING: ogs_sbi_client_handler() failed [-1] (../lib/sbi/path.c:62)
08/13 13:34:55.232: [sbi] WARNING: [9767d514-9719-41f1-bcf4-e743f4aa2bd9] Retry registration with NRF (../lib/sbi/nf-sm.c:279)
08/13 13:34:55.296: [sbi] WARNING: Couldn't resolve host name (6): Could not resolve host: scp (../lib/sbi/client.c:767)
08/13 13:34:55.296: [sbi] WARNING: ogs_sbi_client_handler() failed [-1] (../lib/sbi/path.c:62)
08/13 13:35:06.243: [sbi] WARNING: [9767d514-9719-41f1-bcf4-e743f4aa2bd9] Retry registration with NRF (../lib/sbi/nf-sm.c:279)
08/13 13:35:06.308: [sbi] WARNING: Couldn't resolve host name (6): Could not resolve host: scp (../lib/sbi/client.c:767)
08/13 13:35:06.308: [sbi] WARNING: ogs_sbi_client_handler() failed [-1] (../lib/sbi/path.c:62)
08/13 13:35:17.255: [sbi] WARNING: [9767d514-9719-41f1-bcf4-e743f4aa2bd9] Retry registration with NRF (../lib/sbi/nf-sm.c:279)
08/13 13:35:17.320: [sbi] WARNING: Couldn't resolve host name (6): Could not resolve host: scp (../lib/sbi/client.c:767)
08/13 13:35:17.320: [sbi] WARNING: ogs_sbi_client_handler() failed [-1] (../lib/sbi/path.c:62)
08/13 13:35:28.263: [sbi] WARNING: [9767d514-9719-41f1-bcf4-e743f4aa2bd9] Retry registration with NRF (../lib/sbi/nf-sm.c:279)
08/13 13:35:28.329: [sbi] WARNING: Couldn't resolve host name (6): Could not resolve host: scp (../lib/sbi/client.c:767)
08/13 13:35:28.329: [sbi] WARNING: ogs_sbi_client_handler() failed [-1] (../lib/sbi/path.c:62)
08/13 13:35:39.275: [sbi] WARNING: [9767d514-9719-41f1-bcf4-e743f4aa2bd9] Retry registration with NRF (../lib/sbi/nf-sm.c:279)
08/13 13:35:39.339: [sbi] WARNING: Couldn't resolve host name (6): Could not resolve host: scp (../lib/sbi/client.c:767)
08/13 13:35:39.339: [sbi] WARNING: ogs_sbi_client_handler() failed [-1] (../lib/sbi/path.c:62)
08/13 13:35:50.279: [sbi] WARNING: [9767d514-9719-41f1-bcf4-e743f4aa2bd9] Retry registration with NRF (../lib/sbi/nf-sm.c:279)
08/13 13:35:50.344: [sbi] WARNING: Couldn't resolve host name (6): Could not resolve host: scp (../lib/sbi/client.c:767)
08/13 13:35:50.344: [sbi] WARNING: ogs_sbi_client_handler() failed [-1] (../lib/sbi/path.c:62)
08/13 13:36:01.291: [sbi] WARNING: [9767d514-9719-41f1-bcf4-e743f4aa2bd9] Retry registration with NRF (../lib/sbi/nf-sm.c:279)
08/13 13:36:01.355: [sbi] WARNING: Couldn't resolve host name (6): Could not resolve host: scp (../lib/sbi/client.c:767)
08/13 13:36:01.355: [sbi] WARNING: ogs_sbi_client_handler() failed [-1] (../lib/sbi/path.c:62)
08/13 13:36:12.303: [sbi] WARNING: [9767d514-9719-41f1-bcf4-e743f4aa2bd9] Retry registration with NRF (../lib/sbi/nf-sm.c:279)
08/13 13:36:12.368: [sbi] WARNING: Couldn't resolve host name (6): Could not resolve host: scp (../lib/sbi/client.c:767)
08/13 13:36:12.368: [sbi] WARNING: ogs_sbi_client_handler() failed [-1] (../lib/sbi/path.c:62)
08/13 13:36:23.314: [sbi] WARNING: [9767d514-9719-41f1-bcf4-e743f4aa2bd9] Retry registration with NRF (../lib/sbi/nf-sm.c:279)
08/13 13:36:23.378: [sbi] WARNING: Couldn't resolve host name (6): Could not resolve host: scp (../lib/sbi/client.c:767)
08/13 13:36:23.378: [sbi] WARNING: ogs_sbi_client_handler() failed [-1] (../lib/sbi/path.c:62)
08/13 13:36:34.324: [sbi] WARNING: [9767d514-9719-41f1-bcf4-e743f4aa2bd9] Retry registration with NRF (../lib/sbi/nf-sm.c:279)
08/13 13:36:34.388: [sbi] WARNING: Couldn't resolve host name (6): Could not resolve host: scp (../lib/sbi/client.c:767)
08/13 13:36:34.388: [sbi] WARNING: ogs_sbi_client_handler() failed [-1] (../lib/sbi/path.c:62)
08/13 13:36:45.333: [sbi] WARNING: [9767d514-9719-41f1-bcf4-e743f4aa2bd9] Retry registration with NRF (../lib/sbi/nf-sm.c:279)
08/13 13:36:45.399: [sbi] WARNING: Couldn't resolve host name (6): Could not resolve host: scp (../lib/sbi/client.c:767)
08/13 13:36:45.399: [sbi] WARNING: ogs_sbi_client_handler() failed [-1] (../lib/sbi/path.c:62)
08/13 13:36:56.341: [sbi] WARNING: [9767d514-9719-41f1-bcf4-e743f4aa2bd9] Retry registration with NRF (../lib/sbi/nf-sm.c:279)
08/13 13:36:56.413: [sbi] WARNING: Couldn't resolve host name (6): Could not resolve host: scp (../lib/sbi/client.c:767)
08/13 13:36:56.413: [sbi] WARNING: ogs_sbi_client_handler() failed [-1] (../lib/sbi/path.c:62)
08/13 13:37:07.345: [sbi] WARNING: [9767d514-9719-41f1-bcf4-e743f4aa2bd9] Retry registration with NRF (../lib/sbi/nf-sm.c:279)
08/13 13:37:07.410: [sbi] WARNING: Couldn't resolve host name (6): Could not resolve host: scp (../lib/sbi/client.c:767)
08/13 13:37:07.410: [sbi] WARNING: ogs_sbi_client_handler() failed [-1] (../lib/sbi/path.c:62)
08/13 13:37:18.349: [sbi] WARNING: [9767d514-9719-41f1-bcf4-e743f4aa2bd9] Retry registration with NRF (../lib/sbi/nf-sm.c:279)
08/13 13:37:18.415: [sbi] WARNING: Couldn't resolve host name (6): Could not resolve host: scp (../lib/sbi/client.c:767)
08/13 13:37:18.415: [sbi] WARNING: ogs_sbi_client_handler() failed [-1] (../lib/sbi/path.c:62)
08/13 13:37:29.350: [sbi] WARNING: [9767d514-9719-41f1-bcf4-e743f4aa2bd9] Retry registration with NRF (../lib/sbi/nf-sm.c:279)
08/13 13:37:29.417: [sbi] WARNING: Couldn't resolve host name (6): Could not resolve host: scp (../lib/sbi/client.c:767)
08/13 13:37:29.417: [sbi] WARNING: ogs_sbi_client_handler() failed [-1] (../lib/sbi/path.c:62)
08/13 13:37:40.361: [sbi] WARNING: [9767d514-9719-41f1-bcf4-e743f4aa2bd9] Retry registration with NRF (../lib/sbi/nf-sm.c:279)
08/13 13:37:40.429: [sbi] WARNING: Couldn't resolve host name (6): Could not resolve host: scp (../lib/sbi/client.c:767)
08/13 13:37:40.429: [sbi] WARNING: ogs_sbi_client_handler() failed [-1] (../lib/sbi/path.c:62)
08/13 13:37:51.370: [sbi] WARNING: [9767d514-9719-41f1-bcf4-e743f4aa2bd9] Retry registration with NRF (../lib/sbi/nf-sm.c:279)
08/13 13:37:51.440: [sbi] WARNING: Couldn't resolve host name (6): Could not resolve host: scp (../lib/sbi/client.c:767)
08/13 13:37:51.440: [sbi] WARNING: ogs_sbi_client_handler() failed [-1] (../lib/sbi/path.c:62)
08/13 13:38:02.375: [sbi] WARNING: [9767d514-9719-41f1-bcf4-e743f4aa2bd9] Retry registration with NRF (../lib/sbi/nf-sm.c:279)
08/13 13:38:02.441: [sbi] WARNING: Couldn't resolve host name (6): Could not resolve host: scp (../lib/sbi/client.c:767)
08/13 13:38:02.441: [sbi] WARNING: ogs_sbi_client_handler() failed [-1] (../lib/sbi/path.c:62)
08/13 13:38:13.383: [sbi] WARNING: [9767d514-9719-41f1-bcf4-e743f4aa2bd9] Retry registration with NRF (../lib/sbi/nf-sm.c:279)
08/13 13:38:13.456: [sbi] WARNING: Couldn't resolve host name (6): Could not resolve host: scp (../lib/sbi/client.c:767)
08/13 13:38:13.456: [sbi] WARNING: ogs_sbi_client_handler() failed [-1] (../lib/sbi/path.c:62)
08/13 13:38:24.394: [sbi] WARNING: [9767d514-9719-41f1-bcf4-e743f4aa2bd9] Retry registration with NRF (../lib/sbi/nf-sm.c:279)
08/13 13:38:24.468: [sbi] WARNING: Couldn't resolve host name (6): Could not resolve host: scp (../lib/sbi/client.c:767)
08/13 13:38:24.468: [sbi] WARNING: ogs_sbi_client_handler() failed [-1] (../lib/sbi/path.c:62)
08/13 13:38:35.399: [sbi] WARNING: [9767d514-9719-41f1-bcf4-e743f4aa2bd9] Retry registration with NRF (../lib/sbi/nf-sm.c:279)
08/13 13:38:35.463: [sbi] WARNING: Couldn't resolve host name (6): Could not resolve host: scp (../lib/sbi/client.c:767)
08/13 13:38:35.463: [sbi] WARNING: ogs_sbi_client_handler() failed [-1] (../lib/sbi/path.c:62)
08/13 13:38:46.407: [sbi] WARNING: [9767d514-9719-41f1-bcf4-e743f4aa2bd9] Retry registration with NRF (../lib/sbi/nf-sm.c:279)
08/13 13:38:46.474: [sbi] WARNING: Couldn't resolve host name (6): Could not resolve host: scp (../lib/sbi/client.c:767)
08/13 13:38:46.474: [sbi] WARNING: ogs_sbi_client_handler() failed [-1] (../lib/sbi/path.c:62)
08/13 13:38:57.418: [sbi] WARNING: [9767d514-9719-41f1-bcf4-e743f4aa2bd9] Retry registration with NRF (../lib/sbi/nf-sm.c:279)
08/13 13:38:57.484: [sbi] WARNING: Couldn't resolve host name (6): Could not resolve host: scp (../lib/sbi/client.c:767)
08/13 13:38:57.484: [sbi] WARNING: ogs_sbi_client_handler() failed [-1] (../lib/sbi/path.c:62)
08/13 13:39:08.422: [sbi] WARNING: [9767d514-9719-41f1-bcf4-e743f4aa2bd9] Retry registration with NRF (../lib/sbi/nf-sm.c:279)
08/13 13:39:08.490: [sbi] WARNING: Couldn't resolve host name (6): Could not resolve host: scp (../lib/sbi/client.c:767)
08/13 13:39:08.490: [sbi] WARNING: ogs_sbi_client_handler() failed [-1] (../lib/sbi/path.c:62)
08/13 13:39:19.434: [sbi] WARNING: [9767d514-9719-41f1-bcf4-e743f4aa2bd9] Retry registration with NRF (../lib/sbi/nf-sm.c:279)
08/13 13:39:19.499: [sbi] WARNING: Couldn't resolve host name (6): Could not resolve host: scp (../lib/sbi/client.c:767)
08/13 13:39:19.499: [sbi] WARNING: ogs_sbi_client_handler() failed [-1] (../lib/sbi/path.c:62)
08/13 13:39:30.445: [sbi] WARNING: [9767d514-9719-41f1-bcf4-e743f4aa2bd9] Retry registration with NRF (../lib/sbi/nf-sm.c:279)
08/13 13:39:30.509: [sbi] WARNING: Couldn't resolve host name (6): Could not resolve host: scp (../lib/sbi/client.c:767)
08/13 13:39:30.509: [sbi] WARNING: ogs_sbi_client_handler() failed [-1] (../lib/sbi/path.c:62)
08/13 13:39:41.456: [sbi] WARNING: [9767d514-9719-41f1-bcf4-e743f4aa2bd9] Retry registration with NRF (../lib/sbi/nf-sm.c:279)
08/13 13:39:41.520: [sbi] WARNING: Couldn't resolve host name (6): Could not resolve host: scp (../lib/sbi/client.c:767)
08/13 13:39:41.520: [sbi] WARNING: ogs_sbi_client_handler() failed [-1] (../lib/sbi/path.c:62)
08/13 13:39:52.467: [sbi] WARNING: [9767d514-9719-41f1-bcf4-e743f4aa2bd9] Retry registration with NRF (../lib/sbi/nf-sm.c:279)
08/13 13:39:52.542: [sbi] WARNING: Couldn't resolve host name (6): Could not resolve host: scp (../lib/sbi/client.c:767)
08/13 13:39:52.542: [sbi] WARNING: ogs_sbi_client_handler() failed [-1] (../lib/sbi/path.c:62)
08/13 13:40:03.478: [sbi] WARNING: [9767d514-9719-41f1-bcf4-e743f4aa2bd9] Retry registration with NRF (../lib/sbi/nf-sm.c:279)
08/13 13:40:03.542: [sbi] WARNING: Couldn't resolve host name (6): Could not resolve host: scp (../lib/sbi/client.c:767)
08/13 13:40:03.542: [sbi] WARNING: ogs_sbi_client_handler() failed [-1] (../lib/sbi/path.c:62)
08/13 13:40:14.487: [sbi] WARNING: [9767d514-9719-41f1-bcf4-e743f4aa2bd9] Retry registration with NRF (../lib/sbi/nf-sm.c:279)
08/13 13:40:14.552: [sbi] WARNING: Couldn't resolve host name (6): Could not resolve host: scp (../lib/sbi/client.c:767)
08/13 13:40:14.552: [sbi] WARNING: ogs_sbi_client_handler() failed [-1] (../lib/sbi/path.c:62)
08/13 13:40:25.494: [sbi] WARNING: [9767d514-9719-41f1-bcf4-e743f4aa2bd9] Retry registration with NRF (../lib/sbi/nf-sm.c:279)
08/13 13:40:25.561: [sbi] WARNING: Couldn't resolve host name (6): Could not resolve host: scp (../lib/sbi/client.c:767)
08/13 13:40:25.561: [sbi] WARNING: ogs_sbi_client_handler() failed [-1] (../lib/sbi/path.c:62)
08/13 13:40:36.499: [sbi] WARNING: [9767d514-9719-41f1-bcf4-e743f4aa2bd9] Retry registration with NRF (../lib/sbi/nf-sm.c:279)
08/13 13:40:36.565: [sbi] WARNING: Couldn't resolve host name (6): Could not resolve host: scp (../lib/sbi/client.c:767)
08/13 13:40:36.565: [sbi] WARNING: ogs_sbi_client_handler() failed [-1] (../lib/sbi/path.c:62)
08/13 13:40:47.510: [sbi] WARNING: [9767d514-9719-41f1-bcf4-e743f4aa2bd9] Retry registration with NRF (../lib/sbi/nf-sm.c:279)
08/13 13:40:47.573: [sbi] WARNING: Couldn't resolve host name (6): Could not resolve host: scp (../lib/sbi/client.c:767)
08/13 13:40:47.573: [sbi] WARNING: ogs_sbi_client_handler() failed [-1] (../lib/sbi/path.c:62)
08/13 13:40:58.521: [sbi] WARNING: [9767d514-9719-41f1-bcf4-e743f4aa2bd9] Retry registration with NRF (../lib/sbi/nf-sm.c:279)
08/13 13:40:58.587: [sbi] WARNING: Couldn't resolve host name (6): Could not resolve host: scp (../lib/sbi/client.c:767)
08/13 13:40:58.587: [sbi] WARNING: ogs_sbi_client_handler() failed [-1] (../lib/sbi/path.c:62)
08/13 13:41:09.530: [sbi] WARNING: [9767d514-9719-41f1-bcf4-e743f4aa2bd9] Retry registration with NRF (../lib/sbi/nf-sm.c:279)
08/13 13:41:09.595: [sbi] WARNING: Couldn't resolve host name (6): Could not resolve host: scp (../lib/sbi/client.c:767)
08/13 13:41:09.595: [sbi] WARNING: ogs_sbi_client_handler() failed [-1] (../lib/sbi/path.c:62)
08/13 13:41:20.541: [sbi] WARNING: [9767d514-9719-41f1-bcf4-e743f4aa2bd9] Retry registration with NRF (../lib/sbi/nf-sm.c:279)
08/13 13:41:20.606: [sbi] WARNING: Couldn't resolve host name (6): Could not resolve host: scp (../lib/sbi/client.c:767)
08/13 13:41:20.606: [sbi] WARNING: ogs_sbi_client_handler() failed [-1] (../lib/sbi/path.c:62)
08/13 13:41:31.550: [sbi] WARNING: [9767d514-9719-41f1-bcf4-e743f4aa2bd9] Retry registration with NRF (../lib/sbi/nf-sm.c:279)
08/13 13:41:31.614: [sbi] WARNING: Couldn't resolve host name (6): Could not resolve host: scp (../lib/sbi/client.c:767)
08/13 13:41:31.614: [sbi] WARNING: ogs_sbi_client_handler() failed [-1] (../lib/sbi/path.c:62)
08/13 13:41:42.558: [sbi] WARNING: [9767d514-9719-41f1-bcf4-e743f4aa2bd9] Retry registration with NRF (../lib/sbi/nf-sm.c:279)
08/13 13:41:42.623: [sbi] WARNING: Couldn't resolve host name (6): Could not resolve host: scp (../lib/sbi/client.c:767)
08/13 13:41:42.623: [sbi] WARNING: ogs_sbi_client_handler() failed [-1] (../lib/sbi/path.c:62)
08/13 13:41:53.560: [sbi] WARNING: [9767d514-9719-41f1-bcf4-e743f4aa2bd9] Retry registration with NRF (../lib/sbi/nf-sm.c:279)
08/13 13:41:53.625: [sbi] WARNING: Couldn't resolve host name (6): Could not resolve host: scp (../lib/sbi/client.c:767)
08/13 13:41:53.625: [sbi] WARNING: ogs_sbi_client_handler() failed [-1] (../lib/sbi/path.c:62)
08/13 13:42:04.567: [sbi] WARNING: [9767d514-9719-41f1-bcf4-e743f4aa2bd9] Retry registration with NRF (../lib/sbi/nf-sm.c:279)
08/13 13:42:04.633: [sbi] WARNING: Couldn't resolve host name (6): Could not resolve host: scp (../lib/sbi/client.c:767)
08/13 13:42:04.633: [sbi] WARNING: ogs_sbi_client_handler() failed [-1] (../lib/sbi/path.c:62)
08/13 13:42:15.579: [sbi] WARNING: [9767d514-9719-41f1-bcf4-e743f4aa2bd9] Retry registration with NRF (../lib/sbi/nf-sm.c:279)
08/13 13:42:15.644: [sbi] WARNING: Couldn't resolve host name (6): Could not resolve host: scp (../lib/sbi/client.c:767)
08/13 13:42:15.644: [sbi] WARNING: ogs_sbi_client_handler() failed [-1] (../lib/sbi/path.c:62)
08/13 13:42:26.589: [sbi] WARNING: [9767d514-9719-41f1-bcf4-e743f4aa2bd9] Retry registration with NRF (../lib/sbi/nf-sm.c:279)
08/13 13:42:26.654: [sbi] WARNING: Couldn't resolve host name (6): Could not resolve host: scp (../lib/sbi/client.c:767)
08/13 13:42:26.654: [sbi] WARNING: ogs_sbi_client_handler() failed [-1] (../lib/sbi/path.c:62)
08/13 13:42:37.601: [sbi] WARNING: [9767d514-9719-41f1-bcf4-e743f4aa2bd9] Retry registration with NRF (../lib/sbi/nf-sm.c:279)
08/13 13:42:37.666: [sbi] WARNING: Couldn't resolve host name (6): Could not resolve host: scp (../lib/sbi/client.c:767)
08/13 13:42:37.666: [sbi] WARNING: ogs_sbi_client_handler() failed [-1] (../lib/sbi/path.c:62)
08/13 13:42:48.605: [sbi] WARNING: [9767d514-9719-41f1-bcf4-e743f4aa2bd9] Retry registration with NRF (../lib/sbi/nf-sm.c:279)
08/13 13:42:48.695: [sbi] WARNING: Couldn't resolve host name (6): Could not resolve host: scp (../lib/sbi/client.c:767)
08/13 13:42:48.695: [sbi] WARNING: ogs_sbi_client_handler() failed [-1] (../lib/sbi/path.c:62)
08/13 13:42:59.615: [sbi] WARNING: [9767d514-9719-41f1-bcf4-e743f4aa2bd9] Retry registration with NRF (../lib/sbi/nf-sm.c:279)
08/13 13:42:59.680: [sbi] WARNING: Couldn't resolve host name (6): Could not resolve host: scp (../lib/sbi/client.c:767)
08/13 13:42:59.680: [sbi] WARNING: ogs_sbi_client_handler() failed [-1] (../lib/sbi/path.c:62)
08/13 13:43:10.626: [sbi] WARNING: [9767d514-9719-41f1-bcf4-e743f4aa2bd9] Retry registration with NRF (../lib/sbi/nf-sm.c:279)
08/13 13:43:10.691: [sbi] WARNING: Couldn't resolve host name (6): Could not resolve host: scp (../lib/sbi/client.c:767)
08/13 13:43:10.691: [sbi] WARNING: ogs_sbi_client_handler() failed [-1] (../lib/sbi/path.c:62)
08/13 13:43:21.636: [sbi] WARNING: [9767d514-9719-41f1-bcf4-e743f4aa2bd9] Retry registration with NRF (../lib/sbi/nf-sm.c:279)
08/13 13:43:21.703: [sbi] WARNING: Couldn't resolve host name (6): Could not resolve host: scp (../lib/sbi/client.c:767)
08/13 13:43:21.703: [sbi] WARNING: ogs_sbi_client_handler() failed [-1] (../lib/sbi/path.c:62)
08/13 13:43:32.646: [sbi] WARNING: [9767d514-9719-41f1-bcf4-e743f4aa2bd9] Retry registration with NRF (../lib/sbi/nf-sm.c:279)
08/13 13:43:32.712: [sbi] WARNING: Couldn't resolve host name (6): Could not resolve host: scp (../lib/sbi/client.c:767)
08/13 13:43:32.712: [sbi] WARNING: ogs_sbi_client_handler() failed [-1] (../lib/sbi/path.c:62)
08/13 13:43:43.658: [sbi] WARNING: [9767d514-9719-41f1-bcf4-e743f4aa2bd9] Retry registration with NRF (../lib/sbi/nf-sm.c:279)
08/13 13:43:43.724: [sbi] WARNING: Couldn't resolve host name (6): Could not resolve host: scp (../lib/sbi/client.c:767)
08/13 13:43:43.724: [sbi] WARNING: ogs_sbi_client_handler() failed [-1] (../lib/sbi/path.c:62)
08/13 13:43:54.665: [sbi] WARNING: [9767d514-9719-41f1-bcf4-e743f4aa2bd9] Retry registration with NRF (../lib/sbi/nf-sm.c:279)
08/13 13:43:54.730: [sbi] WARNING: Couldn't resolve host name (6): Could not resolve host: scp (../lib/sbi/client.c:767)
08/13 13:43:54.731: [sbi] WARNING: ogs_sbi_client_handler() failed [-1] (../lib/sbi/path.c:62)
08/13 13:44:05.677: [sbi] WARNING: [9767d514-9719-41f1-bcf4-e743f4aa2bd9] Retry registration with NRF (../lib/sbi/nf-sm.c:279)
08/13 13:44:05.741: [sbi] WARNING: Couldn't resolve host name (6): Could not resolve host: scp (../lib/sbi/client.c:767)
08/13 13:44:05.741: [sbi] WARNING: ogs_sbi_client_handler() failed [-1] (../lib/sbi/path.c:62)
08/13 13:44:16.678: [sbi] WARNING: [9767d514-9719-41f1-bcf4-e743f4aa2bd9] Retry registration with NRF (../lib/sbi/nf-sm.c:279)
08/13 13:44:16.744: [sbi] WARNING: Couldn't resolve host name (6): Could not resolve host: scp (../lib/sbi/client.c:767)
08/13 13:44:16.744: [sbi] WARNING: ogs_sbi_client_handler() failed [-1] (../lib/sbi/path.c:62)
08/13 13:44:27.690: [sbi] WARNING: [9767d514-9719-41f1-bcf4-e743f4aa2bd9] Retry registration with NRF (../lib/sbi/nf-sm.c:279)
08/13 13:44:27.755: [sbi] WARNING: Couldn't resolve host name (6): Could not resolve host: scp (../lib/sbi/client.c:767)
08/13 13:44:27.755: [sbi] WARNING: ogs_sbi_client_handler() failed [-1] (../lib/sbi/path.c:62)
08/13 13:44:38.692: [sbi] WARNING: [9767d514-9719-41f1-bcf4-e743f4aa2bd9] Retry registration with NRF (../lib/sbi/nf-sm.c:279)
08/13 13:44:38.755: [sbi] WARNING: Couldn't resolve host name (6): Could not resolve host: scp (../lib/sbi/client.c:767)
08/13 13:44:38.755: [sbi] WARNING: ogs_sbi_client_handler() failed [-1] (../lib/sbi/path.c:62)
08/13 13:44:49.702: [sbi] WARNING: [9767d514-9719-41f1-bcf4-e743f4aa2bd9] Retry registration with NRF (../lib/sbi/nf-sm.c:279)
08/13 13:44:49.767: [sbi] WARNING: Couldn't resolve host name (6): Could not resolve host: scp (../lib/sbi/client.c:767)
08/13 13:44:49.767: [sbi] WARNING: ogs_sbi_client_handler() failed [-1] (../lib/sbi/path.c:62)
08/13 13:45:00.712: [sbi] WARNING: [9767d514-9719-41f1-bcf4-e743f4aa2bd9] Retry registration with NRF (../lib/sbi/nf-sm.c:279)
08/13 13:45:00.777: [sbi] WARNING: Couldn't resolve host name (6): Could not resolve host: scp (../lib/sbi/client.c:767)
08/13 13:45:00.777: [sbi] WARNING: ogs_sbi_client_handler() failed [-1] (../lib/sbi/path.c:62)
08/13 13:45:11.719: [sbi] WARNING: [9767d514-9719-41f1-bcf4-e743f4aa2bd9] Retry registration with NRF (../lib/sbi/nf-sm.c:279)
08/13 13:45:11.785: [sbi] WARNING: Couldn't resolve host name (6): Could not resolve host: scp (../lib/sbi/client.c:767)
08/13 13:45:11.785: [sbi] WARNING: ogs_sbi_client_handler() failed [-1] (../lib/sbi/path.c:62)
08/13 13:45:22.722: [sbi] WARNING: [9767d514-9719-41f1-bcf4-e743f4aa2bd9] Retry registration with NRF (../lib/sbi/nf-sm.c:279)
08/13 13:45:22.791: [sbi] WARNING: Couldn't resolve host name (6): Could not resolve host: scp (../lib/sbi/client.c:767)
08/13 13:45:22.791: [sbi] WARNING: ogs_sbi_client_handler() failed [-1] (../lib/sbi/path.c:62)
08/13 13:45:33.726: [sbi] WARNING: [9767d514-9719-41f1-bcf4-e743f4aa2bd9] Retry registration with NRF (../lib/sbi/nf-sm.c:279)
08/13 13:45:33.805: [sbi] WARNING: Couldn't resolve host name (6): Could not resolve host: scp (../lib/sbi/client.c:767)
08/13 13:45:33.805: [sbi] WARNING: ogs_sbi_client_handler() failed [-1] (../lib/sbi/path.c:62)
08/13 13:45:44.731: [sbi] WARNING: [9767d514-9719-41f1-bcf4-e743f4aa2bd9] Retry registration with NRF (../lib/sbi/nf-sm.c:279)
08/13 13:45:44.797: [sbi] WARNING: Couldn't resolve host name (6): Could not resolve host: scp (../lib/sbi/client.c:767)
08/13 13:45:44.797: [sbi] WARNING: ogs_sbi_client_handler() failed [-1] (../lib/sbi/path.c:62)
08/13 13:45:55.741: [sbi] WARNING: [9767d514-9719-41f1-bcf4-e743f4aa2bd9] Retry registration with NRF (../lib/sbi/nf-sm.c:279)
08/13 13:45:55.807: [sbi] WARNING: Couldn't resolve host name (6): Could not resolve host: scp (../lib/sbi/client.c:767)
08/13 13:45:55.807: [sbi] WARNING: ogs_sbi_client_handler() failed [-1] (../lib/sbi/path.c:62)
08/13 13:46:06.752: [sbi] WARNING: [9767d514-9719-41f1-bcf4-e743f4aa2bd9] Retry registration with NRF (../lib/sbi/nf-sm.c:279)
08/13 13:46:06.817: [sbi] WARNING: Couldn't resolve host name (6): Could not resolve host: scp (../lib/sbi/client.c:767)
08/13 13:46:06.817: [sbi] WARNING: ogs_sbi_client_handler() failed [-1] (../lib/sbi/path.c:62)
08/13 13:46:17.764: [sbi] WARNING: [9767d514-9719-41f1-bcf4-e743f4aa2bd9] Retry registration with NRF (../lib/sbi/nf-sm.c:279)
08/13 13:46:17.828: [sbi] WARNING: Couldn't resolve host name (6): Could not resolve host: scp (../lib/sbi/client.c:767)
08/13 13:46:17.828: [sbi] WARNING: ogs_sbi_client_handler() failed [-1] (../lib/sbi/path.c:62)
08/13 13:46:28.775: [sbi] WARNING: [9767d514-9719-41f1-bcf4-e743f4aa2bd9] Retry registration with NRF (../lib/sbi/nf-sm.c:279)
08/13 13:46:28.846: [sbi] WARNING: Couldn't resolve host name (6): Could not resolve host: scp (../lib/sbi/client.c:767)
08/13 13:46:28.846: [sbi] WARNING: ogs_sbi_client_handler() failed [-1] (../lib/sbi/path.c:62)
08/13 13:46:39.782: [sbi] WARNING: [9767d514-9719-41f1-bcf4-e743f4aa2bd9] Retry registration with NRF (../lib/sbi/nf-sm.c:279)
08/13 13:46:39.849: [sbi] WARNING: Couldn't resolve host name (6): Could not resolve host: scp (../lib/sbi/client.c:767)
08/13 13:46:39.849: [sbi] WARNING: ogs_sbi_client_handler() failed [-1] (../lib/sbi/path.c:62)
08/13 13:46:50.791: [sbi] WARNING: [9767d514-9719-41f1-bcf4-e743f4aa2bd9] Retry registration with NRF (../lib/sbi/nf-sm.c:279)
08/13 13:46:50.857: [sbi] WARNING: Couldn't resolve host name (6): Could not resolve host: scp (../lib/sbi/client.c:767)
08/13 13:46:50.857: [sbi] WARNING: ogs_sbi_client_handler() failed [-1] (../lib/sbi/path.c:62)
08/13 13:47:01.803: [sbi] WARNING: [9767d514-9719-41f1-bcf4-e743f4aa2bd9] Retry registration with NRF (../lib/sbi/nf-sm.c:279)
08/13 13:47:01.870: [sbi] WARNING: Couldn't resolve host name (6): Could not resolve host: scp (../lib/sbi/client.c:767)
08/13 13:47:01.870: [sbi] WARNING: ogs_sbi_client_handler() failed [-1] (../lib/sbi/path.c:62)
08/13 13:47:12.810: [sbi] WARNING: [9767d514-9719-41f1-bcf4-e743f4aa2bd9] Retry registration with NRF (../lib/sbi/nf-sm.c:279)
08/13 13:47:12.877: [sbi] WARNING: Couldn't resolve host name (6): Could not resolve host: scp (../lib/sbi/client.c:767)
08/13 13:47:12.877: [sbi] WARNING: ogs_sbi_client_handler() failed [-1] (../lib/sbi/path.c:62)
08/13 13:47:23.812: [sbi] WARNING: [9767d514-9719-41f1-bcf4-e743f4aa2bd9] Retry registration with NRF (../lib/sbi/nf-sm.c:279)
08/13 13:47:23.877: [sbi] WARNING: Couldn't resolve host name (6): Could not resolve host: scp (../lib/sbi/client.c:767)
08/13 13:47:23.877: [sbi] WARNING: ogs_sbi_client_handler() failed [-1] (../lib/sbi/path.c:62)
08/13 13:47:34.813: [sbi] WARNING: [9767d514-9719-41f1-bcf4-e743f4aa2bd9] Retry registration with NRF (../lib/sbi/nf-sm.c:279)
08/13 13:47:34.878: [sbi] WARNING: Couldn't resolve host name (6): Could not resolve host: scp (../lib/sbi/client.c:767)
08/13 13:47:34.878: [sbi] WARNING: ogs_sbi_client_handler() failed [-1] (../lib/sbi/path.c:62)
08/13 13:47:45.824: [sbi] WARNING: [9767d514-9719-41f1-bcf4-e743f4aa2bd9] Retry registration with NRF (../lib/sbi/nf-sm.c:279)
08/13 13:47:45.890: [sbi] WARNING: Couldn't resolve host name (6): Could not resolve host: scp (../lib/sbi/client.c:767)
08/13 13:47:45.890: [sbi] WARNING: ogs_sbi_client_handler() failed [-1] (../lib/sbi/path.c:62)
08/13 13:47:56.835: [sbi] WARNING: [9767d514-9719-41f1-bcf4-e743f4aa2bd9] Retry registration with NRF (../lib/sbi/nf-sm.c:279)
08/13 13:47:56.872: [sbi] WARNING: Couldn't resolve host name (6): Could not resolve host: scp (../lib/sbi/client.c:767)
08/13 13:47:56.872: [sbi] WARNING: ogs_sbi_client_handler() failed [-1] (../lib/sbi/path.c:62)
08/13 13:48:07.846: [sbi] WARNING: [9767d514-9719-41f1-bcf4-e743f4aa2bd9] Retry registration with NRF (../lib/sbi/nf-sm.c:279)
08/13 13:48:07.910: [sbi] WARNING: Couldn't resolve host name (6): Could not resolve host: scp (../lib/sbi/client.c:767)
08/13 13:48:07.910: [sbi] WARNING: ogs_sbi_client_handler() failed [-1] (../lib/sbi/path.c:62)
08/13 13:48:18.857: [sbi] WARNING: [9767d514-9719-41f1-bcf4-e743f4aa2bd9] Retry registration with NRF (../lib/sbi/nf-sm.c:279)
08/13 13:48:18.922: [sbi] WARNING: Couldn't resolve host name (6): Could not resolve host: scp (../lib/sbi/client.c:767)
08/13 13:48:18.922: [sbi] WARNING: ogs_sbi_client_handler() failed [-1] (../lib/sbi/path.c:62)
08/13 13:48:29.865: [sbi] WARNING: [9767d514-9719-41f1-bcf4-e743f4aa2bd9] Retry registration with NRF (../lib/sbi/nf-sm.c:279)
08/13 13:48:29.930: [sbi] WARNING: Couldn't resolve host name (6): Could not resolve host: scp (../lib/sbi/client.c:767)
08/13 13:48:29.930: [sbi] WARNING: ogs_sbi_client_handler() failed [-1] (../lib/sbi/path.c:62)
08/13 13:48:40.876: [sbi] WARNING: [9767d514-9719-41f1-bcf4-e743f4aa2bd9] Retry registration with NRF (../lib/sbi/nf-sm.c:279)
08/13 13:48:40.941: [sbi] WARNING: Couldn't resolve host name (6): Could not resolve host: scp (../lib/sbi/client.c:767)
08/13 13:48:40.941: [sbi] WARNING: ogs_sbi_client_handler() failed [-1] (../lib/sbi/path.c:62)
08/13 13:48:51.887: [sbi] WARNING: [9767d514-9719-41f1-bcf4-e743f4aa2bd9] Retry registration with NRF (../lib/sbi/nf-sm.c:279)
08/13 13:48:51.953: [sbi] WARNING: Couldn't resolve host name (6): Could not resolve host: scp (../lib/sbi/client.c:767)
08/13 13:48:51.953: [sbi] WARNING: ogs_sbi_client_handler() failed [-1] (../lib/sbi/path.c:62)
08/13 13:49:02.896: [sbi] WARNING: [9767d514-9719-41f1-bcf4-e743f4aa2bd9] Retry registration with NRF (../lib/sbi/nf-sm.c:279)
08/13 13:49:02.962: [sbi] WARNING: Couldn't resolve host name (6): Could not resolve host: scp (../lib/sbi/client.c:767)
08/13 13:49:02.962: [sbi] WARNING: ogs_sbi_client_handler() failed [-1] (../lib/sbi/path.c:62)
08/13 13:49:13.908: [sbi] WARNING: [9767d514-9719-41f1-bcf4-e743f4aa2bd9] Retry registration with NRF (../lib/sbi/nf-sm.c:279)
08/13 13:49:13.973: [sbi] WARNING: Couldn't resolve host name (6): Could not resolve host: scp (../lib/sbi/client.c:767)
08/13 13:49:13.973: [sbi] WARNING: ogs_sbi_client_handler() failed [-1] (../lib/sbi/path.c:62)
08/13 13:49:24.920: [sbi] WARNING: [9767d514-9719-41f1-bcf4-e743f4aa2bd9] Retry registration with NRF (../lib/sbi/nf-sm.c:279)
08/13 13:49:24.984: [sbi] WARNING: Couldn't resolve host name (6): Could not resolve host: scp (../lib/sbi/client.c:767)
08/13 13:49:24.985: [sbi] WARNING: ogs_sbi_client_handler() failed [-1] (../lib/sbi/path.c:62)
08/13 13:49:35.932: [sbi] WARNING: [9767d514-9719-41f1-bcf4-e743f4aa2bd9] Retry registration with NRF (../lib/sbi/nf-sm.c:279)
08/13 13:49:35.997: [sbi] WARNING: Couldn't resolve host name (6): Could not resolve host: scp (../lib/sbi/client.c:767)
08/13 13:49:35.997: [sbi] WARNING: ogs_sbi_client_handler() failed [-1] (../lib/sbi/path.c:62)
08/13 13:49:46.944: [sbi] WARNING: [9767d514-9719-41f1-bcf4-e743f4aa2bd9] Retry registration with NRF (../lib/sbi/nf-sm.c:279)
08/13 13:49:47.007: [sbi] WARNING: Couldn't resolve host name (6): Could not resolve host: scp (../lib/sbi/client.c:767)
08/13 13:49:47.007: [sbi] WARNING: ogs_sbi_client_handler() failed [-1] (../lib/sbi/path.c:62)
08/13 13:49:57.954: [sbi] WARNING: [9767d514-9719-41f1-bcf4-e743f4aa2bd9] Retry registration with NRF (../lib/sbi/nf-sm.c:279)
08/13 13:49:58.019: [sbi] WARNING: Couldn't resolve host name (6): Could not resolve host: scp (../lib/sbi/client.c:767)
08/13 13:49:58.019: [sbi] WARNING: ogs_sbi_client_handler() failed [-1] (../lib/sbi/path.c:62)
08/13 13:50:08.959: [sbi] WARNING: [9767d514-9719-41f1-bcf4-e743f4aa2bd9] Retry registration with NRF (../lib/sbi/nf-sm.c:279)
08/13 13:50:09.024: [sbi] WARNING: Couldn't resolve host name (6): Could not resolve host: scp (../lib/sbi/client.c:767)
08/13 13:50:09.024: [sbi] WARNING: ogs_sbi_client_handler() failed [-1] (../lib/sbi/path.c:62)
08/13 13:50:19.962: [sbi] WARNING: [9767d514-9719-41f1-bcf4-e743f4aa2bd9] Retry registration with NRF (../lib/sbi/nf-sm.c:279)
08/13 13:50:20.026: [sbi] WARNING: Couldn't resolve host name (6): Could not resolve host: scp (../lib/sbi/client.c:767)
08/13 13:50:20.026: [sbi] WARNING: ogs_sbi_client_handler() failed [-1] (../lib/sbi/path.c:62)
08/13 13:50:30.966: [sbi] WARNING: [9767d514-9719-41f1-bcf4-e743f4aa2bd9] Retry registration with NRF (../lib/sbi/nf-sm.c:279)
08/13 13:50:31.032: [sbi] WARNING: Couldn't resolve host name (6): Could not resolve host: scp (../lib/sbi/client.c:767)
08/13 13:50:31.032: [sbi] WARNING: ogs_sbi_client_handler() failed [-1] (../lib/sbi/path.c:62)
08/13 13:50:41.970: [sbi] WARNING: [9767d514-9719-41f1-bcf4-e743f4aa2bd9] Retry registration with NRF (../lib/sbi/nf-sm.c:279)
08/13 13:50:42.036: [sbi] WARNING: Couldn't resolve host name (6): Could not resolve host: scp (../lib/sbi/client.c:767)
08/13 13:50:42.036: [sbi] WARNING: ogs_sbi_client_handler() failed [-1] (../lib/sbi/path.c:62)
08/13 13:50:52.982: [sbi] WARNING: [9767d514-9719-41f1-bcf4-e743f4aa2bd9] Retry registration with NRF (../lib/sbi/nf-sm.c:279)
08/13 13:50:53.048: [sbi] WARNING: Couldn't resolve host name (6): Could not resolve host: scp (../lib/sbi/client.c:767)
08/13 13:50:53.048: [sbi] WARNING: ogs_sbi_client_handler() failed [-1] (../lib/sbi/path.c:62)
08/13 13:51:03.992: [sbi] WARNING: [9767d514-9719-41f1-bcf4-e743f4aa2bd9] Retry registration with NRF (../lib/sbi/nf-sm.c:279)
08/13 13:51:04.057: [sbi] WARNING: Couldn't resolve host name (6): Could not resolve host: scp (../lib/sbi/client.c:767)
08/13 13:51:04.057: [sbi] WARNING: ogs_sbi_client_handler() failed [-1] (../lib/sbi/path.c:62)
08/13 13:51:14.994: [sbi] WARNING: [9767d514-9719-41f1-bcf4-e743f4aa2bd9] Retry registration with NRF (../lib/sbi/nf-sm.c:279)
08/13 13:51:15.060: [sbi] WARNING: Couldn't resolve host name (6): Could not resolve host: scp (../lib/sbi/client.c:767)
08/13 13:51:15.060: [sbi] WARNING: ogs_sbi_client_handler() failed [-1] (../lib/sbi/path.c:62)
08/13 13:51:26.005: [sbi] WARNING: [9767d514-9719-41f1-bcf4-e743f4aa2bd9] Retry registration with NRF (../lib/sbi/nf-sm.c:279)
08/13 13:51:26.071: [sbi] WARNING: Couldn't resolve host name (6): Could not resolve host: scp (../lib/sbi/client.c:767)
08/13 13:51:26.071: [sbi] WARNING: ogs_sbi_client_handler() failed [-1] (../lib/sbi/path.c:62)
08/13 13:51:37.018: [sbi] WARNING: [9767d514-9719-41f1-bcf4-e743f4aa2bd9] Retry registration with NRF (../lib/sbi/nf-sm.c:279)
08/13 13:51:37.084: [sbi] WARNING: Couldn't resolve host name (6): Could not resolve host: scp (../lib/sbi/client.c:767)
08/13 13:51:37.084: [sbi] WARNING: ogs_sbi_client_handler() failed [-1] (../lib/sbi/path.c:62)
08/13 13:51:48.029: [sbi] WARNING: [9767d514-9719-41f1-bcf4-e743f4aa2bd9] Retry registration with NRF (../lib/sbi/nf-sm.c:279)
08/13 13:51:48.095: [sbi] WARNING: Couldn't resolve host name (6): Could not resolve host: scp (../lib/sbi/client.c:767)
08/13 13:51:48.095: [sbi] WARNING: ogs_sbi_client_handler() failed [-1] (../lib/sbi/path.c:62)
08/13 13:51:59.040: [sbi] WARNING: [9767d514-9719-41f1-bcf4-e743f4aa2bd9] Retry registration with NRF (../lib/sbi/nf-sm.c:279)
08/13 13:51:59.106: [sbi] WARNING: Couldn't resolve host name (6): Could not resolve host: scp (../lib/sbi/client.c:767)
08/13 13:51:59.106: [sbi] WARNING: ogs_sbi_client_handler() failed [-1] (../lib/sbi/path.c:62)
08/13 13:52:10.042: [sbi] WARNING: [9767d514-9719-41f1-bcf4-e743f4aa2bd9] Retry registration with NRF (../lib/sbi/nf-sm.c:279)
08/13 13:52:10.107: [sbi] WARNING: Couldn't resolve host name (6): Could not resolve host: scp (../lib/sbi/client.c:767)
08/13 13:52:10.107: [sbi] WARNING: ogs_sbi_client_handler() failed [-1] (../lib/sbi/path.c:62)
08/13 13:52:21.049: [sbi] WARNING: [9767d514-9719-41f1-bcf4-e743f4aa2bd9] Retry registration with NRF (../lib/sbi/nf-sm.c:279)
08/13 13:52:21.115: [sbi] WARNING: Couldn't resolve host name (6): Could not resolve host: scp (../lib/sbi/client.c:767)
08/13 13:52:21.115: [sbi] WARNING: ogs_sbi_client_handler() failed [-1] (../lib/sbi/path.c:62)
08/13 13:52:32.057: [sbi] WARNING: [9767d514-9719-41f1-bcf4-e743f4aa2bd9] Retry registration with NRF (../lib/sbi/nf-sm.c:279)
08/13 13:52:32.123: [sbi] WARNING: Couldn't resolve host name (6): Could not resolve host: scp (../lib/sbi/client.c:767)
08/13 13:52:32.123: [sbi] WARNING: ogs_sbi_client_handler() failed [-1] (../lib/sbi/path.c:62)
08/13 13:52:43.065: [sbi] WARNING: [9767d514-9719-41f1-bcf4-e743f4aa2bd9] Retry registration with NRF (../lib/sbi/nf-sm.c:279)
08/13 13:52:43.128: [sbi] WARNING: Couldn't resolve host name (6): Could not resolve host: scp (../lib/sbi/client.c:767)
08/13 13:52:43.129: [sbi] WARNING: ogs_sbi_client_handler() failed [-1] (../lib/sbi/path.c:62)
08/13 13:52:54.072: [sbi] WARNING: [9767d514-9719-41f1-bcf4-e743f4aa2bd9] Retry registration with NRF (../lib/sbi/nf-sm.c:279)
08/13 13:52:54.137: [sbi] WARNING: Couldn't resolve host name (6): Could not resolve host: scp (../lib/sbi/client.c:767)
08/13 13:52:54.137: [sbi] WARNING: ogs_sbi_client_handler() failed [-1] (../lib/sbi/path.c:62)
08/13 13:53:05.082: [sbi] WARNING: [9767d514-9719-41f1-bcf4-e743f4aa2bd9] Retry registration with NRF (../lib/sbi/nf-sm.c:279)
08/13 13:53:05.147: [sbi] WARNING: Couldn't resolve host name (6): Could not resolve host: scp (../lib/sbi/client.c:767)
08/13 13:53:05.147: [sbi] WARNING: ogs_sbi_client_handler() failed [-1] (../lib/sbi/path.c:62)
08/13 13:53:16.093: [sbi] WARNING: [9767d514-9719-41f1-bcf4-e743f4aa2bd9] Retry registration with NRF (../lib/sbi/nf-sm.c:279)
08/13 13:53:16.157: [sbi] WARNING: Couldn't resolve host name (6): Could not resolve host: scp (../lib/sbi/client.c:767)
08/13 13:53:16.158: [sbi] WARNING: ogs_sbi_client_handler() failed [-1] (../lib/sbi/path.c:62)
08/13 13:53:27.095: [sbi] WARNING: [9767d514-9719-41f1-bcf4-e743f4aa2bd9] Retry registration with NRF (../lib/sbi/nf-sm.c:279)
08/13 13:53:27.161: [sbi] WARNING: Couldn't resolve host name (6): Could not resolve host: scp (../lib/sbi/client.c:767)
08/13 13:53:27.161: [sbi] WARNING: ogs_sbi_client_handler() failed [-1] (../lib/sbi/path.c:62)
08/13 13:53:38.102: [sbi] WARNING: [9767d514-9719-41f1-bcf4-e743f4aa2bd9] Retry registration with NRF (../lib/sbi/nf-sm.c:279)
08/13 13:53:38.168: [sbi] WARNING: Couldn't resolve host name (6): Could not resolve host: scp (../lib/sbi/client.c:767)
08/13 13:53:38.168: [sbi] WARNING: ogs_sbi_client_handler() failed [-1] (../lib/sbi/path.c:62)
08/13 13:53:49.112: [sbi] WARNING: [9767d514-9719-41f1-bcf4-e743f4aa2bd9] Retry registration with NRF (../lib/sbi/nf-sm.c:279)
08/13 13:53:49.181: [sbi] WARNING: Couldn't resolve host name (6): Could not resolve host: scp (../lib/sbi/client.c:767)
08/13 13:53:49.181: [sbi] WARNING: ogs_sbi_client_handler() failed [-1] (../lib/sbi/path.c:62)
08/13 13:54:00.113: [sbi] WARNING: [9767d514-9719-41f1-bcf4-e743f4aa2bd9] Retry registration with NRF (../lib/sbi/nf-sm.c:279)
08/13 13:54:00.183: [sbi] WARNING: Couldn't resolve host name (6): Could not resolve host: scp (../lib/sbi/client.c:767)
08/13 13:54:00.183: [sbi] WARNING: ogs_sbi_client_handler() failed [-1] (../lib/sbi/path.c:62)
08/13 13:54:11.124: [sbi] WARNING: [9767d514-9719-41f1-bcf4-e743f4aa2bd9] Retry registration with NRF (../lib/sbi/nf-sm.c:279)
08/13 13:54:11.190: [sbi] WARNING: Couldn't resolve host name (6): Could not resolve host: scp (../lib/sbi/client.c:767)
08/13 13:54:11.190: [sbi] WARNING: ogs_sbi_client_handler() failed [-1] (../lib/sbi/path.c:62)
08/13 13:54:22.135: [sbi] WARNING: [9767d514-9719-41f1-bcf4-e743f4aa2bd9] Retry registration with NRF (../lib/sbi/nf-sm.c:279)
08/13 13:54:22.201: [sbi] WARNING: Couldn't resolve host name (6): Could not resolve host: scp (../lib/sbi/client.c:767)
08/13 13:54:22.201: [sbi] WARNING: ogs_sbi_client_handler() failed [-1] (../lib/sbi/path.c:62)
08/13 13:54:33.143: [sbi] WARNING: [9767d514-9719-41f1-bcf4-e743f4aa2bd9] Retry registration with NRF (../lib/sbi/nf-sm.c:279)
08/13 13:54:33.206: [sbi] WARNING: Couldn't resolve host name (6): Could not resolve host: scp (../lib/sbi/client.c:767)
08/13 13:54:33.206: [sbi] WARNING: ogs_sbi_client_handler() failed [-1] (../lib/sbi/path.c:62)
08/13 13:54:44.152: [sbi] WARNING: [9767d514-9719-41f1-bcf4-e743f4aa2bd9] Retry registration with NRF (../lib/sbi/nf-sm.c:279)
08/13 13:54:44.217: [sbi] WARNING: Couldn't resolve host name (6): Could not resolve host: scp (../lib/sbi/client.c:767)
08/13 13:54:44.217: [sbi] WARNING: ogs_sbi_client_handler() failed [-1] (../lib/sbi/path.c:62)
08/13 13:54:55.163: [sbi] WARNING: [9767d514-9719-41f1-bcf4-e743f4aa2bd9] Retry registration with NRF (../lib/sbi/nf-sm.c:279)
08/13 13:54:55.227: [sbi] WARNING: Couldn't resolve host name (6): Could not resolve host: scp (../lib/sbi/client.c:767)
08/13 13:54:55.227: [sbi] WARNING: ogs_sbi_client_handler() failed [-1] (../lib/sbi/path.c:62)
08/13 13:55:06.175: [sbi] WARNING: [9767d514-9719-41f1-bcf4-e743f4aa2bd9] Retry registration with NRF (../lib/sbi/nf-sm.c:279)
08/13 13:55:06.240: [sbi] WARNING: Couldn't resolve host name (6): Could not resolve host: scp (../lib/sbi/client.c:767)
08/13 13:55:06.240: [sbi] WARNING: ogs_sbi_client_handler() failed [-1] (../lib/sbi/path.c:62)
08/13 13:55:17.182: [sbi] WARNING: [9767d514-9719-41f1-bcf4-e743f4aa2bd9] Retry registration with NRF (../lib/sbi/nf-sm.c:279)
08/13 13:55:17.246: [sbi] WARNING: Couldn't resolve host name (6): Could not resolve host: scp (../lib/sbi/client.c:767)
08/13 13:55:17.246: [sbi] WARNING: ogs_sbi_client_handler() failed [-1] (../lib/sbi/path.c:62)
08/13 13:55:28.183: [sbi] WARNING: [9767d514-9719-41f1-bcf4-e743f4aa2bd9] Retry registration with NRF (../lib/sbi/nf-sm.c:279)
08/13 13:55:28.247: [sbi] WARNING: Couldn't resolve host name (6): Could not resolve host: scp (../lib/sbi/client.c:767)
08/13 13:55:28.248: [sbi] WARNING: ogs_sbi_client_handler() failed [-1] (../lib/sbi/path.c:62)
08/13 13:55:39.195: [sbi] WARNING: [9767d514-9719-41f1-bcf4-e743f4aa2bd9] Retry registration with NRF (../lib/sbi/nf-sm.c:279)
08/13 13:55:39.260: [sbi] WARNING: Couldn't resolve host name (6): Could not resolve host: scp (../lib/sbi/client.c:767)
08/13 13:55:39.260: [sbi] WARNING: ogs_sbi_client_handler() failed [-1] (../lib/sbi/path.c:62)
08/13 13:55:50.203: [sbi] WARNING: [9767d514-9719-41f1-bcf4-e743f4aa2bd9] Retry registration with NRF (../lib/sbi/nf-sm.c:279)
08/13 13:55:50.276: [sbi] WARNING: Couldn't resolve host name (6): Could not resolve host: scp (../lib/sbi/client.c:767)
08/13 13:55:50.276: [sbi] WARNING: ogs_sbi_client_handler() failed [-1] (../lib/sbi/path.c:62)
08/13 13:56:01.213: [sbi] WARNING: [9767d514-9719-41f1-bcf4-e743f4aa2bd9] Retry registration with NRF (../lib/sbi/nf-sm.c:279)
08/13 13:56:01.278: [sbi] WARNING: Couldn't resolve host name (6): Could not resolve host: scp (../lib/sbi/client.c:767)
08/13 13:56:01.278: [sbi] WARNING: ogs_sbi_client_handler() failed [-1] (../lib/sbi/path.c:62)
08/13 13:56:12.225: [sbi] WARNING: [9767d514-9719-41f1-bcf4-e743f4aa2bd9] Retry registration with NRF (../lib/sbi/nf-sm.c:279)
08/13 13:56:12.289: [sbi] WARNING: Couldn't resolve host name (6): Could not resolve host: scp (../lib/sbi/client.c:767)
08/13 13:56:12.290: [sbi] WARNING: ogs_sbi_client_handler() failed [-1] (../lib/sbi/path.c:62)
08/13 13:56:23.232: [sbi] WARNING: [9767d514-9719-41f1-bcf4-e743f4aa2bd9] Retry registration with NRF (../lib/sbi/nf-sm.c:279)
08/13 13:56:23.297: [sbi] WARNING: Couldn't resolve host name (6): Could not resolve host: scp (../lib/sbi/client.c:767)
08/13 13:56:23.297: [sbi] WARNING: ogs_sbi_client_handler() failed [-1] (../lib/sbi/path.c:62)
08/13 13:56:34.241: [sbi] WARNING: [9767d514-9719-41f1-bcf4-e743f4aa2bd9] Retry registration with NRF (../lib/sbi/nf-sm.c:279)
08/13 13:56:34.306: [sbi] WARNING: Couldn't resolve host name (6): Could not resolve host: scp (../lib/sbi/client.c:767)
08/13 13:56:34.306: [sbi] WARNING: ogs_sbi_client_handler() failed [-1] (../lib/sbi/path.c:62)
08/13 13:56:45.250: [sbi] WARNING: [9767d514-9719-41f1-bcf4-e743f4aa2bd9] Retry registration with NRF (../lib/sbi/nf-sm.c:279)
08/13 13:56:45.316: [sbi] WARNING: Couldn't resolve host name (6): Could not resolve host: scp (../lib/sbi/client.c:767)
08/13 13:56:45.316: [sbi] WARNING: ogs_sbi_client_handler() failed [-1] (../lib/sbi/path.c:62)
08/13 13:56:56.261: [sbi] WARNING: [9767d514-9719-41f1-bcf4-e743f4aa2bd9] Retry registration with NRF (../lib/sbi/nf-sm.c:279)
08/13 13:56:56.327: [sbi] WARNING: Couldn't resolve host name (6): Could not resolve host: scp (../lib/sbi/client.c:767)
08/13 13:56:56.327: [sbi] WARNING: ogs_sbi_client_handler() failed [-1] (../lib/sbi/path.c:62)
08/13 13:57:07.272: [sbi] WARNING: [9767d514-9719-41f1-bcf4-e743f4aa2bd9] Retry registration with NRF (../lib/sbi/nf-sm.c:279)
08/13 13:57:07.336: [sbi] WARNING: Couldn't resolve host name (6): Could not resolve host: scp (../lib/sbi/client.c:767)
08/13 13:57:07.336: [sbi] WARNING: ogs_sbi_client_handler() failed [-1] (../lib/sbi/path.c:62)
08/13 13:57:18.281: [sbi] WARNING: [9767d514-9719-41f1-bcf4-e743f4aa2bd9] Retry registration with NRF (../lib/sbi/nf-sm.c:279)
08/13 13:57:18.345: [sbi] WARNING: Couldn't resolve host name (6): Could not resolve host: scp (../lib/sbi/client.c:767)
08/13 13:57:18.345: [sbi] WARNING: ogs_sbi_client_handler() failed [-1] (../lib/sbi/path.c:62)
08/13 13:57:29.292: [sbi] WARNING: [9767d514-9719-41f1-bcf4-e743f4aa2bd9] Retry registration with NRF (../lib/sbi/nf-sm.c:279)
08/13 13:57:29.356: [sbi] WARNING: Couldn't resolve host name (6): Could not resolve host: scp (../lib/sbi/client.c:767)
08/13 13:57:29.356: [sbi] WARNING: ogs_sbi_client_handler() failed [-1] (../lib/sbi/path.c:62)
08/13 13:57:40.304: [sbi] WARNING: [9767d514-9719-41f1-bcf4-e743f4aa2bd9] Retry registration with NRF (../lib/sbi/nf-sm.c:279)
08/13 13:57:40.370: [sbi] WARNING: Couldn't resolve host name (6): Could not resolve host: scp (../lib/sbi/client.c:767)
08/13 13:57:40.370: [sbi] WARNING: ogs_sbi_client_handler() failed [-1] (../lib/sbi/path.c:62)
08/13 13:57:51.316: [sbi] WARNING: [9767d514-9719-41f1-bcf4-e743f4aa2bd9] Retry registration with NRF (../lib/sbi/nf-sm.c:279)
08/13 13:57:51.380: [sbi] WARNING: Couldn't resolve host name (6): Could not resolve host: scp (../lib/sbi/client.c:767)
08/13 13:57:51.380: [sbi] WARNING: ogs_sbi_client_handler() failed [-1] (../lib/sbi/path.c:62)
08/13 13:58:02.328: [sbi] WARNING: [9767d514-9719-41f1-bcf4-e743f4aa2bd9] Retry registration with NRF (../lib/sbi/nf-sm.c:279)
08/13 13:58:02.392: [sbi] WARNING: Couldn't resolve host name (6): Could not resolve host: scp (../lib/sbi/client.c:767)
08/13 13:58:02.392: [sbi] WARNING: ogs_sbi_client_handler() failed [-1] (../lib/sbi/path.c:62)
08/13 13:58:13.338: [sbi] WARNING: [9767d514-9719-41f1-bcf4-e743f4aa2bd9] Retry registration with NRF (../lib/sbi/nf-sm.c:279)
08/13 13:58:13.403: [sbi] WARNING: Couldn't resolve host name (6): Could not resolve host: scp (../lib/sbi/client.c:767)
08/13 13:58:13.403: [sbi] WARNING: ogs_sbi_client_handler() failed [-1] (../lib/sbi/path.c:62)
08/13 13:58:24.347: [sbi] WARNING: [9767d514-9719-41f1-bcf4-e743f4aa2bd9] Retry registration with NRF (../lib/sbi/nf-sm.c:279)
08/13 13:58:24.413: [sbi] WARNING: Couldn't resolve host name (6): Could not resolve host: scp (../lib/sbi/client.c:767)
08/13 13:58:24.413: [sbi] WARNING: ogs_sbi_client_handler() failed [-1] (../lib/sbi/path.c:62)
08/13 13:58:35.356: [sbi] WARNING: [9767d514-9719-41f1-bcf4-e743f4aa2bd9] Retry registration with NRF (../lib/sbi/nf-sm.c:279)
08/13 13:58:35.421: [sbi] WARNING: Couldn't resolve host name (6): Could not resolve host: scp (../lib/sbi/client.c:767)
08/13 13:58:35.421: [sbi] WARNING: ogs_sbi_client_handler() failed [-1] (../lib/sbi/path.c:62)
08/13 13:58:46.362: [sbi] WARNING: [9767d514-9719-41f1-bcf4-e743f4aa2bd9] Retry registration with NRF (../lib/sbi/nf-sm.c:279)
08/13 13:58:46.428: [sbi] WARNING: Couldn't resolve host name (6): Could not resolve host: scp (../lib/sbi/client.c:767)
08/13 13:58:46.428: [sbi] WARNING: ogs_sbi_client_handler() failed [-1] (../lib/sbi/path.c:62)
08/13 13:58:57.368: [sbi] WARNING: [9767d514-9719-41f1-bcf4-e743f4aa2bd9] Retry registration with NRF (../lib/sbi/nf-sm.c:279)
08/13 13:58:57.433: [sbi] WARNING: Couldn't resolve host name (6): Could not resolve host: scp (../lib/sbi/client.c:767)
08/13 13:58:57.433: [sbi] WARNING: ogs_sbi_client_handler() failed [-1] (../lib/sbi/path.c:62)
08/13 13:59:08.373: [sbi] WARNING: [9767d514-9719-41f1-bcf4-e743f4aa2bd9] Retry registration with NRF (../lib/sbi/nf-sm.c:279)
08/13 13:59:08.437: [sbi] WARNING: Couldn't resolve host name (6): Could not resolve host: scp (../lib/sbi/client.c:767)
08/13 13:59:08.437: [sbi] WARNING: ogs_sbi_client_handler() failed [-1] (../lib/sbi/path.c:62)
08/13 13:59:19.378: [sbi] WARNING: [9767d514-9719-41f1-bcf4-e743f4aa2bd9] Retry registration with NRF (../lib/sbi/nf-sm.c:279)
08/13 13:59:19.445: [sbi] WARNING: Couldn't resolve host name (6): Could not resolve host: scp (../lib/sbi/client.c:767)
08/13 13:59:19.445: [sbi] WARNING: ogs_sbi_client_handler() failed [-1] (../lib/sbi/path.c:62)
08/13 13:59:30.382: [sbi] WARNING: [9767d514-9719-41f1-bcf4-e743f4aa2bd9] Retry registration with NRF (../lib/sbi/nf-sm.c:279)
08/13 13:59:30.447: [sbi] WARNING: Couldn't resolve host name (6): Could not resolve host: scp (../lib/sbi/client.c:767)
08/13 13:59:30.447: [sbi] WARNING: ogs_sbi_client_handler() failed [-1] (../lib/sbi/path.c:62)
08/13 13:59:41.391: [sbi] WARNING: [9767d514-9719-41f1-bcf4-e743f4aa2bd9] Retry registration with NRF (../lib/sbi/nf-sm.c:279)
08/13 13:59:41.456: [sbi] WARNING: Couldn't resolve host name (6): Could not resolve host: scp (../lib/sbi/client.c:767)
08/13 13:59:41.456: [sbi] WARNING: ogs_sbi_client_handler() failed [-1] (../lib/sbi/path.c:62)
08/13 13:59:52.402: [sbi] WARNING: [9767d514-9719-41f1-bcf4-e743f4aa2bd9] Retry registration with NRF (../lib/sbi/nf-sm.c:279)
08/13 13:59:52.467: [sbi] WARNING: Couldn't resolve host name (6): Could not resolve host: scp (../lib/sbi/client.c:767)
08/13 13:59:52.467: [sbi] WARNING: ogs_sbi_client_handler() failed [-1] (../lib/sbi/path.c:62)
08/13 14:00:03.413: [sbi] WARNING: [9767d514-9719-41f1-bcf4-e743f4aa2bd9] Retry registration with NRF (../lib/sbi/nf-sm.c:279)
08/13 14:00:03.477: [sbi] WARNING: Couldn't resolve host name (6): Could not resolve host: scp (../lib/sbi/client.c:767)
08/13 14:00:03.477: [sbi] WARNING: ogs_sbi_client_handler() failed [-1] (../lib/sbi/path.c:62)
08/13 14:00:14.419: [sbi] WARNING: [9767d514-9719-41f1-bcf4-e743f4aa2bd9] Retry registration with NRF (../lib/sbi/nf-sm.c:279)
08/13 14:00:14.485: [sbi] WARNING: Couldn't resolve host name (6): Could not resolve host: scp (../lib/sbi/client.c:767)
08/13 14:00:14.485: [sbi] WARNING: ogs_sbi_client_handler() failed [-1] (../lib/sbi/path.c:62)
08/13 14:00:25.426: [sbi] WARNING: [9767d514-9719-41f1-bcf4-e743f4aa2bd9] Retry registration with NRF (../lib/sbi/nf-sm.c:279)
08/13 14:00:25.492: [sbi] WARNING: Couldn't resolve host name (6): Could not resolve host: scp (../lib/sbi/client.c:767)
08/13 14:00:25.492: [sbi] WARNING: ogs_sbi_client_handler() failed [-1] (../lib/sbi/path.c:62)
08/13 14:00:36.437: [sbi] WARNING: [9767d514-9719-41f1-bcf4-e743f4aa2bd9] Retry registration with NRF (../lib/sbi/nf-sm.c:279)
08/13 14:00:36.502: [sbi] WARNING: Couldn't resolve host name (6): Could not resolve host: scp (../lib/sbi/client.c:767)
08/13 14:00:36.502: [sbi] WARNING: ogs_sbi_client_handler() failed [-1] (../lib/sbi/path.c:62)
08/13 14:00:47.447: [sbi] WARNING: [9767d514-9719-41f1-bcf4-e743f4aa2bd9] Retry registration with NRF (../lib/sbi/nf-sm.c:279)
08/13 14:00:47.513: [sbi] WARNING: Couldn't resolve host name (6): Could not resolve host: scp (../lib/sbi/client.c:767)
08/13 14:00:47.513: [sbi] WARNING: ogs_sbi_client_handler() failed [-1] (../lib/sbi/path.c:62)
08/13 14:00:58.452: [sbi] WARNING: [9767d514-9719-41f1-bcf4-e743f4aa2bd9] Retry registration with NRF (../lib/sbi/nf-sm.c:279)
08/13 14:00:58.517: [sbi] WARNING: Couldn't resolve host name (6): Could not resolve host: scp (../lib/sbi/client.c:767)
08/13 14:00:58.517: [sbi] WARNING: ogs_sbi_client_handler() failed [-1] (../lib/sbi/path.c:62)
08/13 14:01:09.460: [sbi] WARNING: [9767d514-9719-41f1-bcf4-e743f4aa2bd9] Retry registration with NRF (../lib/sbi/nf-sm.c:279)
08/13 14:01:09.525: [sbi] WARNING: Couldn't resolve host name (6): Could not resolve host: scp (../lib/sbi/client.c:767)
08/13 14:01:09.525: [sbi] WARNING: ogs_sbi_client_handler() failed [-1] (../lib/sbi/path.c:62)
08/13 14:01:20.462: [sbi] WARNING: [9767d514-9719-41f1-bcf4-e743f4aa2bd9] Retry registration with NRF (../lib/sbi/nf-sm.c:279)
08/13 14:01:20.528: [sbi] WARNING: Couldn't resolve host name (6): Could not resolve host: scp (../lib/sbi/client.c:767)
08/13 14:01:20.528: [sbi] WARNING: ogs_sbi_client_handler() failed [-1] (../lib/sbi/path.c:62)
08/13 14:01:31.471: [sbi] WARNING: [9767d514-9719-41f1-bcf4-e743f4aa2bd9] Retry registration with NRF (../lib/sbi/nf-sm.c:279)
08/13 14:01:31.536: [sbi] WARNING: Couldn't resolve host name (6): Could not resolve host: scp (../lib/sbi/client.c:767)
08/13 14:01:31.536: [sbi] WARNING: ogs_sbi_client_handler() failed [-1] (../lib/sbi/path.c:62)
08/13 14:01:42.473: [sbi] WARNING: [9767d514-9719-41f1-bcf4-e743f4aa2bd9] Retry registration with NRF (../lib/sbi/nf-sm.c:279)
08/13 14:01:42.538: [sbi] WARNING: Couldn't resolve host name (6): Could not resolve host: scp (../lib/sbi/client.c:767)
08/13 14:01:42.538: [sbi] WARNING: ogs_sbi_client_handler() failed [-1] (../lib/sbi/path.c:62)
08/13 14:01:53.481: [sbi] WARNING: [9767d514-9719-41f1-bcf4-e743f4aa2bd9] Retry registration with NRF (../lib/sbi/nf-sm.c:279)
08/13 14:01:53.545: [sbi] WARNING: Couldn't resolve host name (6): Could not resolve host: scp (../lib/sbi/client.c:767)
08/13 14:01:53.545: [sbi] WARNING: ogs_sbi_client_handler() failed [-1] (../lib/sbi/path.c:62)
08/13 14:02:04.492: [sbi] WARNING: [9767d514-9719-41f1-bcf4-e743f4aa2bd9] Retry registration with NRF (../lib/sbi/nf-sm.c:279)
08/13 14:02:04.557: [sbi] WARNING: Couldn't resolve host name (6): Could not resolve host: scp (../lib/sbi/client.c:767)
08/13 14:02:04.557: [sbi] WARNING: ogs_sbi_client_handler() failed [-1] (../lib/sbi/path.c:62)
08/13 14:02:15.504: [sbi] WARNING: [9767d514-9719-41f1-bcf4-e743f4aa2bd9] Retry registration with NRF (../lib/sbi/nf-sm.c:279)
08/13 14:02:15.575: [sbi] WARNING: Couldn't resolve host name (6): Could not resolve host: scp (../lib/sbi/client.c:767)
08/13 14:02:15.575: [sbi] WARNING: ogs_sbi_client_handler() failed [-1] (../lib/sbi/path.c:62)
08/13 14:02:26.516: [sbi] WARNING: [9767d514-9719-41f1-bcf4-e743f4aa2bd9] Retry registration with NRF (../lib/sbi/nf-sm.c:279)
08/13 14:02:26.582: [sbi] WARNING: Couldn't resolve host name (6): Could not resolve host: scp (../lib/sbi/client.c:767)
08/13 14:02:26.582: [sbi] WARNING: ogs_sbi_client_handler() failed [-1] (../lib/sbi/path.c:62)
08/13 14:02:37.528: [sbi] WARNING: [9767d514-9719-41f1-bcf4-e743f4aa2bd9] Retry registration with NRF (../lib/sbi/nf-sm.c:279)
08/13 14:02:37.593: [sbi] WARNING: Couldn't resolve host name (6): Could not resolve host: scp (../lib/sbi/client.c:767)
08/13 14:02:37.593: [sbi] WARNING: ogs_sbi_client_handler() failed [-1] (../lib/sbi/path.c:62)
08/13 14:02:48.540: [sbi] WARNING: [9767d514-9719-41f1-bcf4-e743f4aa2bd9] Retry registration with NRF (../lib/sbi/nf-sm.c:279)
08/13 14:02:48.605: [sbi] WARNING: Couldn't resolve host name (6): Could not resolve host: scp (../lib/sbi/client.c:767)
08/13 14:02:48.605: [sbi] WARNING: ogs_sbi_client_handler() failed [-1] (../lib/sbi/path.c:62)
08/13 14:02:59.551: [sbi] WARNING: [9767d514-9719-41f1-bcf4-e743f4aa2bd9] Retry registration with NRF (../lib/sbi/nf-sm.c:279)
08/13 14:02:59.617: [sbi] WARNING: Couldn't resolve host name (6): Could not resolve host: scp (../lib/sbi/client.c:767)
08/13 14:02:59.617: [sbi] WARNING: ogs_sbi_client_handler() failed [-1] (../lib/sbi/path.c:62)
08/13 14:03:10.563: [sbi] WARNING: [9767d514-9719-41f1-bcf4-e743f4aa2bd9] Retry registration with NRF (../lib/sbi/nf-sm.c:279)
08/13 14:03:10.629: [sbi] WARNING: Couldn't resolve host name (6): Could not resolve host: scp (../lib/sbi/client.c:767)
08/13 14:03:10.629: [sbi] WARNING: ogs_sbi_client_handler() failed [-1] (../lib/sbi/path.c:62)
08/13 14:03:21.572: [sbi] WARNING: [9767d514-9719-41f1-bcf4-e743f4aa2bd9] Retry registration with NRF (../lib/sbi/nf-sm.c:279)
08/13 14:03:21.637: [sbi] WARNING: Couldn't resolve host name (6): Could not resolve host: scp (../lib/sbi/client.c:767)
08/13 14:03:21.637: [sbi] WARNING: ogs_sbi_client_handler() failed [-1] (../lib/sbi/path.c:62)
08/13 14:03:32.578: [sbi] WARNING: [9767d514-9719-41f1-bcf4-e743f4aa2bd9] Retry registration with NRF (../lib/sbi/nf-sm.c:279)
08/13 14:03:32.644: [sbi] WARNING: Couldn't resolve host name (6): Could not resolve host: scp (../lib/sbi/client.c:767)
08/13 14:03:32.644: [sbi] WARNING: ogs_sbi_client_handler() failed [-1] (../lib/sbi/path.c:62)
08/13 14:03:43.583: [sbi] WARNING: [9767d514-9719-41f1-bcf4-e743f4aa2bd9] Retry registration with NRF (../lib/sbi/nf-sm.c:279)
08/13 14:03:43.649: [sbi] WARNING: Couldn't resolve host name (6): Could not resolve host: scp (../lib/sbi/client.c:767)
08/13 14:03:43.649: [sbi] WARNING: ogs_sbi_client_handler() failed [-1] (../lib/sbi/path.c:62)
08/13 14:03:54.591: [sbi] WARNING: [9767d514-9719-41f1-bcf4-e743f4aa2bd9] Retry registration with NRF (../lib/sbi/nf-sm.c:279)
08/13 14:03:54.655: [sbi] WARNING: Couldn't resolve host name (6): Could not resolve host: scp (../lib/sbi/client.c:767)
08/13 14:03:54.655: [sbi] WARNING: ogs_sbi_client_handler() failed [-1] (../lib/sbi/path.c:62)
08/13 14:04:05.601: [sbi] WARNING: [9767d514-9719-41f1-bcf4-e743f4aa2bd9] Retry registration with NRF (../lib/sbi/nf-sm.c:279)
08/13 14:04:05.665: [sbi] WARNING: Couldn't resolve host name (6): Could not resolve host: scp (../lib/sbi/client.c:767)
08/13 14:04:05.665: [sbi] WARNING: ogs_sbi_client_handler() failed [-1] (../lib/sbi/path.c:62)
08/13 14:04:16.613: [sbi] WARNING: [9767d514-9719-41f1-bcf4-e743f4aa2bd9] Retry registration with NRF (../lib/sbi/nf-sm.c:279)
08/13 14:04:16.679: [sbi] WARNING: Couldn't resolve host name (6): Could not resolve host: scp (../lib/sbi/client.c:767)
08/13 14:04:16.679: [sbi] WARNING: ogs_sbi_client_handler() failed [-1] (../lib/sbi/path.c:62)
08/13 14:04:27.614: [sbi] WARNING: [9767d514-9719-41f1-bcf4-e743f4aa2bd9] Retry registration with NRF (../lib/sbi/nf-sm.c:279)
08/13 14:04:27.679: [sbi] WARNING: Couldn't resolve host name (6): Could not resolve host: scp (../lib/sbi/client.c:767)
08/13 14:04:27.679: [sbi] WARNING: ogs_sbi_client_handler() failed [-1] (../lib/sbi/path.c:62)
08/13 14:04:38.626: [sbi] WARNING: [9767d514-9719-41f1-bcf4-e743f4aa2bd9] Retry registration with NRF (../lib/sbi/nf-sm.c:279)
08/13 14:04:38.691: [sbi] WARNING: Couldn't resolve host name (6): Could not resolve host: scp (../lib/sbi/client.c:767)
08/13 14:04:38.691: [sbi] WARNING: ogs_sbi_client_handler() failed [-1] (../lib/sbi/path.c:62)
08/13 14:04:49.634: [sbi] WARNING: [9767d514-9719-41f1-bcf4-e743f4aa2bd9] Retry registration with NRF (../lib/sbi/nf-sm.c:279)
08/13 14:04:49.698: [sbi] WARNING: Couldn't resolve host name (6): Could not resolve host: scp (../lib/sbi/client.c:767)
08/13 14:04:49.698: [sbi] WARNING: ogs_sbi_client_handler() failed [-1] (../lib/sbi/path.c:62)
08/13 14:05:00.644: [sbi] WARNING: [9767d514-9719-41f1-bcf4-e743f4aa2bd9] Retry registration with NRF (../lib/sbi/nf-sm.c:279)
08/13 14:05:00.708: [sbi] WARNING: Couldn't resolve host name (6): Could not resolve host: scp (../lib/sbi/client.c:767)
08/13 14:05:00.708: [sbi] WARNING: ogs_sbi_client_handler() failed [-1] (../lib/sbi/path.c:62)
08/13 14:05:11.655: [sbi] WARNING: [9767d514-9719-41f1-bcf4-e743f4aa2bd9] Retry registration with NRF (../lib/sbi/nf-sm.c:279)
08/13 14:05:11.720: [sbi] WARNING: Couldn't resolve host name (6): Could not resolve host: scp (../lib/sbi/client.c:767)
08/13 14:05:11.720: [sbi] WARNING: ogs_sbi_client_handler() failed [-1] (../lib/sbi/path.c:62)
08/13 14:05:22.658: [sbi] WARNING: [9767d514-9719-41f1-bcf4-e743f4aa2bd9] Retry registration with NRF (../lib/sbi/nf-sm.c:279)
08/13 14:05:22.724: [sbi] WARNING: Couldn't resolve host name (6): Could not resolve host: scp (../lib/sbi/client.c:767)
08/13 14:05:22.724: [sbi] WARNING: ogs_sbi_client_handler() failed [-1] (../lib/sbi/path.c:62)
08/13 14:05:33.670: [sbi] WARNING: [9767d514-9719-41f1-bcf4-e743f4aa2bd9] Retry registration with NRF (../lib/sbi/nf-sm.c:279)
08/13 14:05:33.735: [sbi] WARNING: Couldn't resolve host name (6): Could not resolve host: scp (../lib/sbi/client.c:767)
08/13 14:05:33.736: [sbi] WARNING: ogs_sbi_client_handler() failed [-1] (../lib/sbi/path.c:62)
08/13 14:05:44.680: [sbi] WARNING: [9767d514-9719-41f1-bcf4-e743f4aa2bd9] Retry registration with NRF (../lib/sbi/nf-sm.c:279)
08/13 14:05:44.745: [sbi] WARNING: Couldn't resolve host name (6): Could not resolve host: scp (../lib/sbi/client.c:767)
08/13 14:05:44.745: [sbi] WARNING: ogs_sbi_client_handler() failed [-1] (../lib/sbi/path.c:62)
08/13 14:05:55.687: [sbi] WARNING: [9767d514-9719-41f1-bcf4-e743f4aa2bd9] Retry registration with NRF (../lib/sbi/nf-sm.c:279)
08/13 14:05:55.752: [sbi] WARNING: Couldn't resolve host name (6): Could not resolve host: scp (../lib/sbi/client.c:767)
08/13 14:05:55.752: [sbi] WARNING: ogs_sbi_client_handler() failed [-1] (../lib/sbi/path.c:62)
08/13 14:06:06.690: [sbi] WARNING: [9767d514-9719-41f1-bcf4-e743f4aa2bd9] Retry registration with NRF (../lib/sbi/nf-sm.c:279)
08/13 14:06:06.754: [sbi] WARNING: Couldn't resolve host name (6): Could not resolve host: scp (../lib/sbi/client.c:767)
08/13 14:06:06.754: [sbi] WARNING: ogs_sbi_client_handler() failed [-1] (../lib/sbi/path.c:62)
08/13 14:06:17.694: [sbi] WARNING: [9767d514-9719-41f1-bcf4-e743f4aa2bd9] Retry registration with NRF (../lib/sbi/nf-sm.c:279)
08/13 14:06:17.759: [sbi] WARNING: Couldn't resolve host name (6): Could not resolve host: scp (../lib/sbi/client.c:767)
08/13 14:06:17.759: [sbi] WARNING: ogs_sbi_client_handler() failed [-1] (../lib/sbi/path.c:62)
08/13 14:06:28.705: [sbi] WARNING: [9767d514-9719-41f1-bcf4-e743f4aa2bd9] Retry registration with NRF (../lib/sbi/nf-sm.c:279)
08/13 14:06:28.771: [sbi] WARNING: Couldn't resolve host name (6): Could not resolve host: scp (../lib/sbi/client.c:767)
08/13 14:06:28.771: [sbi] WARNING: ogs_sbi_client_handler() failed [-1] (../lib/sbi/path.c:62)
08/13 14:06:39.717: [sbi] WARNING: [9767d514-9719-41f1-bcf4-e743f4aa2bd9] Retry registration with NRF (../lib/sbi/nf-sm.c:279)
08/13 14:06:39.782: [sbi] WARNING: Couldn't resolve host name (6): Could not resolve host: scp (../lib/sbi/client.c:767)
08/13 14:06:39.783: [sbi] WARNING: ogs_sbi_client_handler() failed [-1] (../lib/sbi/path.c:62)
08/13 14:06:50.724: [sbi] WARNING: [9767d514-9719-41f1-bcf4-e743f4aa2bd9] Retry registration with NRF (../lib/sbi/nf-sm.c:279)
08/13 14:06:50.790: [sbi] WARNING: Couldn't resolve host name (6): Could not resolve host: scp (../lib/sbi/client.c:767)
08/13 14:06:50.790: [sbi] WARNING: ogs_sbi_client_handler() failed [-1] (../lib/sbi/path.c:62)
08/13 14:07:01.732: [sbi] WARNING: [9767d514-9719-41f1-bcf4-e743f4aa2bd9] Retry registration with NRF (../lib/sbi/nf-sm.c:279)
08/13 14:07:01.797: [sbi] WARNING: Couldn't resolve host name (6): Could not resolve host: scp (../lib/sbi/client.c:767)
08/13 14:07:01.797: [sbi] WARNING: ogs_sbi_client_handler() failed [-1] (../lib/sbi/path.c:62)
08/13 14:07:12.741: [sbi] WARNING: [9767d514-9719-41f1-bcf4-e743f4aa2bd9] Retry registration with NRF (../lib/sbi/nf-sm.c:279)
08/13 14:07:12.807: [sbi] WARNING: Couldn't resolve host name (6): Could not resolve host: scp (../lib/sbi/client.c:767)
08/13 14:07:12.807: [sbi] WARNING: ogs_sbi_client_handler() failed [-1] (../lib/sbi/path.c:62)
08/13 14:07:23.752: [sbi] WARNING: [9767d514-9719-41f1-bcf4-e743f4aa2bd9] Retry registration with NRF (../lib/sbi/nf-sm.c:279)
08/13 14:07:23.818: [sbi] WARNING: Couldn't resolve host name (6): Could not resolve host: scp (../lib/sbi/client.c:767)
08/13 14:07:23.819: [sbi] WARNING: ogs_sbi_client_handler() failed [-1] (../lib/sbi/path.c:62)
08/13 14:07:34.764: [sbi] WARNING: [9767d514-9719-41f1-bcf4-e743f4aa2bd9] Retry registration with NRF (../lib/sbi/nf-sm.c:279)
08/13 14:07:34.831: [sbi] WARNING: Couldn't resolve host name (6): Could not resolve host: scp (../lib/sbi/client.c:767)
08/13 14:07:34.831: [sbi] WARNING: ogs_sbi_client_handler() failed [-1] (../lib/sbi/path.c:62)
08/13 14:07:45.776: [sbi] WARNING: [9767d514-9719-41f1-bcf4-e743f4aa2bd9] Retry registration with NRF (../lib/sbi/nf-sm.c:279)
08/13 14:07:45.842: [sbi] WARNING: Couldn't resolve host name (6): Could not resolve host: scp (../lib/sbi/client.c:767)
08/13 14:07:45.842: [sbi] WARNING: ogs_sbi_client_handler() failed [-1] (../lib/sbi/path.c:62)
08/13 14:07:56.778: [sbi] WARNING: [9767d514-9719-41f1-bcf4-e743f4aa2bd9] Retry registration with NRF (../lib/sbi/nf-sm.c:279)
08/13 14:07:56.842: [sbi] WARNING: Couldn't resolve host name (6): Could not resolve host: scp (../lib/sbi/client.c:767)
08/13 14:07:56.842: [sbi] WARNING: ogs_sbi_client_handler() failed [-1] (../lib/sbi/path.c:62)
08/13 14:08:07.789: [sbi] WARNING: [9767d514-9719-41f1-bcf4-e743f4aa2bd9] Retry registration with NRF (../lib/sbi/nf-sm.c:279)
08/13 14:08:07.856: [sbi] WARNING: Couldn't resolve host name (6): Could not resolve host: scp (../lib/sbi/client.c:767)
08/13 14:08:07.856: [sbi] WARNING: ogs_sbi_client_handler() failed [-1] (../lib/sbi/path.c:62)
08/13 14:08:18.793: [sbi] WARNING: [9767d514-9719-41f1-bcf4-e743f4aa2bd9] Retry registration with NRF (../lib/sbi/nf-sm.c:279)
08/13 14:08:18.859: [sbi] WARNING: Couldn't resolve host name (6): Could not resolve host: scp (../lib/sbi/client.c:767)
08/13 14:08:18.859: [sbi] WARNING: ogs_sbi_client_handler() failed [-1] (../lib/sbi/path.c:62)
08/13 14:08:29.798: [sbi] WARNING: [9767d514-9719-41f1-bcf4-e743f4aa2bd9] Retry registration with NRF (../lib/sbi/nf-sm.c:279)
08/13 14:08:29.863: [sbi] WARNING: Couldn't resolve host name (6): Could not resolve host: scp (../lib/sbi/client.c:767)
08/13 14:08:29.863: [sbi] WARNING: ogs_sbi_client_handler() failed [-1] (../lib/sbi/path.c:62)
08/13 14:08:40.809: [sbi] WARNING: [9767d514-9719-41f1-bcf4-e743f4aa2bd9] Retry registration with NRF (../lib/sbi/nf-sm.c:279)
08/13 14:08:40.873: [sbi] WARNING: Couldn't resolve host name (6): Could not resolve host: scp (../lib/sbi/client.c:767)
08/13 14:08:40.873: [sbi] WARNING: ogs_sbi_client_handler() failed [-1] (../lib/sbi/path.c:62)
08/13 14:08:51.821: [sbi] WARNING: [9767d514-9719-41f1-bcf4-e743f4aa2bd9] Retry registration with NRF (../lib/sbi/nf-sm.c:279)
08/13 14:08:51.884: [sbi] WARNING: Couldn't resolve host name (6): Could not resolve host: scp (../lib/sbi/client.c:767)
08/13 14:08:51.884: [sbi] WARNING: ogs_sbi_client_handler() failed [-1] (../lib/sbi/path.c:62)
08/13 14:09:02.823: [sbi] WARNING: [9767d514-9719-41f1-bcf4-e743f4aa2bd9] Retry registration with NRF (../lib/sbi/nf-sm.c:279)
08/13 14:09:02.890: [sbi] WARNING: Couldn't resolve host name (6): Could not resolve host: scp (../lib/sbi/client.c:767)
08/13 14:09:02.890: [sbi] WARNING: ogs_sbi_client_handler() failed [-1] (../lib/sbi/path.c:62)
08/13 14:09:13.835: [sbi] WARNING: [9767d514-9719-41f1-bcf4-e743f4aa2bd9] Retry registration with NRF (../lib/sbi/nf-sm.c:279)
08/13 14:09:13.901: [sbi] WARNING: Couldn't resolve host name (6): Could not resolve host: scp (../lib/sbi/client.c:767)
08/13 14:09:13.901: [sbi] WARNING: ogs_sbi_client_handler() failed [-1] (../lib/sbi/path.c:62)
08/13 14:09:24.845: [sbi] WARNING: [9767d514-9719-41f1-bcf4-e743f4aa2bd9] Retry registration with NRF (../lib/sbi/nf-sm.c:279)
08/13 14:09:24.928: [sbi] WARNING: Couldn't resolve host name (6): Could not resolve host: scp (../lib/sbi/client.c:767)
08/13 14:09:24.928: [sbi] WARNING: ogs_sbi_client_handler() failed [-1] (../lib/sbi/path.c:62)
08/13 14:09:35.855: [sbi] WARNING: [9767d514-9719-41f1-bcf4-e743f4aa2bd9] Retry registration with NRF (../lib/sbi/nf-sm.c:279)
08/13 14:09:35.932: [sbi] WARNING: Couldn't resolve host name (6): Could not resolve host: scp (../lib/sbi/client.c:767)
08/13 14:09:35.932: [sbi] WARNING: ogs_sbi_client_handler() failed [-1] (../lib/sbi/path.c:62)
08/13 14:09:46.862: [sbi] WARNING: [9767d514-9719-41f1-bcf4-e743f4aa2bd9] Retry registration with NRF (../lib/sbi/nf-sm.c:279)
08/13 14:09:46.925: [sbi] WARNING: Couldn't resolve host name (6): Could not resolve host: scp (../lib/sbi/client.c:767)
08/13 14:09:46.925: [sbi] WARNING: ogs_sbi_client_handler() failed [-1] (../lib/sbi/path.c:62)
08/13 14:09:57.873: [sbi] WARNING: [9767d514-9719-41f1-bcf4-e743f4aa2bd9] Retry registration with NRF (../lib/sbi/nf-sm.c:279)
08/13 14:09:57.948: [sbi] WARNING: Couldn't resolve host name (6): Could not resolve host: scp (../lib/sbi/client.c:767)
08/13 14:09:57.948: [sbi] WARNING: ogs_sbi_client_handler() failed [-1] (../lib/sbi/path.c:62)
08/13 14:10:08.885: [sbi] WARNING: [9767d514-9719-41f1-bcf4-e743f4aa2bd9] Retry registration with NRF (../lib/sbi/nf-sm.c:279)
08/13 14:10:08.949: [sbi] WARNING: Couldn't resolve host name (6): Could not resolve host: scp (../lib/sbi/client.c:767)
08/13 14:10:08.949: [sbi] WARNING: ogs_sbi_client_handler() failed [-1] (../lib/sbi/path.c:62)
08/13 14:10:19.898: [sbi] WARNING: [9767d514-9719-41f1-bcf4-e743f4aa2bd9] Retry registration with NRF (../lib/sbi/nf-sm.c:279)
08/13 14:10:19.972: [sbi] WARNING: Couldn't resolve host name (6): Could not resolve host: scp (../lib/sbi/client.c:767)
08/13 14:10:19.972: [sbi] WARNING: ogs_sbi_client_handler() failed [-1] (../lib/sbi/path.c:62)
08/13 14:10:30.910: [sbi] WARNING: [9767d514-9719-41f1-bcf4-e743f4aa2bd9] Retry registration with NRF (../lib/sbi/nf-sm.c:279)
08/13 14:10:30.976: [sbi] WARNING: Couldn't resolve host name (6): Could not resolve host: scp (../lib/sbi/client.c:767)
08/13 14:10:30.976: [sbi] WARNING: ogs_sbi_client_handler() failed [-1] (../lib/sbi/path.c:62)
08/13 14:10:41.915: [sbi] WARNING: [9767d514-9719-41f1-bcf4-e743f4aa2bd9] Retry registration with NRF (../lib/sbi/nf-sm.c:279)
08/13 14:10:41.981: [sbi] WARNING: Couldn't resolve host name (6): Could not resolve host: scp (../lib/sbi/client.c:767)
08/13 14:10:41.981: [sbi] WARNING: ogs_sbi_client_handler() failed [-1] (../lib/sbi/path.c:62)
08/13 14:10:52.927: [sbi] WARNING: [9767d514-9719-41f1-bcf4-e743f4aa2bd9] Retry registration with NRF (../lib/sbi/nf-sm.c:279)
08/13 14:10:52.991: [sbi] WARNING: Couldn't resolve host name (6): Could not resolve host: scp (../lib/sbi/client.c:767)
08/13 14:10:52.991: [sbi] WARNING: ogs_sbi_client_handler() failed [-1] (../lib/sbi/path.c:62)
08/13 14:11:03.934: [sbi] WARNING: [9767d514-9719-41f1-bcf4-e743f4aa2bd9] Retry registration with NRF (../lib/sbi/nf-sm.c:279)
08/13 14:11:03.999: [sbi] WARNING: Couldn't resolve host name (6): Could not resolve host: scp (../lib/sbi/client.c:767)
08/13 14:11:03.999: [sbi] WARNING: ogs_sbi_client_handler() failed [-1] (../lib/sbi/path.c:62)
08/13 14:11:14.945: [sbi] WARNING: [9767d514-9719-41f1-bcf4-e743f4aa2bd9] Retry registration with NRF (../lib/sbi/nf-sm.c:279)
08/13 14:11:15.011: [sbi] WARNING: Couldn't resolve host name (6): Could not resolve host: scp (../lib/sbi/client.c:767)
08/13 14:11:15.011: [sbi] WARNING: ogs_sbi_client_handler() failed [-1] (../lib/sbi/path.c:62)
08/13 14:11:25.951: [sbi] WARNING: [9767d514-9719-41f1-bcf4-e743f4aa2bd9] Retry registration with NRF (../lib/sbi/nf-sm.c:279)
08/13 14:11:26.016: [sbi] WARNING: Couldn't resolve host name (6): Could not resolve host: scp (../lib/sbi/client.c:767)
08/13 14:11:26.016: [sbi] WARNING: ogs_sbi_client_handler() failed [-1] (../lib/sbi/path.c:62)
08/13 14:11:36.962: [sbi] WARNING: [9767d514-9719-41f1-bcf4-e743f4aa2bd9] Retry registration with NRF (../lib/sbi/nf-sm.c:279)
08/13 14:11:37.027: [sbi] WARNING: Couldn't resolve host name (6): Could not resolve host: scp (../lib/sbi/client.c:767)
08/13 14:11:37.027: [sbi] WARNING: ogs_sbi_client_handler() failed [-1] (../lib/sbi/path.c:62)
08/13 14:11:47.971: [sbi] WARNING: [9767d514-9719-41f1-bcf4-e743f4aa2bd9] Retry registration with NRF (../lib/sbi/nf-sm.c:279)
08/13 14:11:48.038: [sbi] WARNING: Couldn't resolve host name (6): Could not resolve host: scp (../lib/sbi/client.c:767)
08/13 14:11:48.038: [sbi] WARNING: ogs_sbi_client_handler() failed [-1] (../lib/sbi/path.c:62)
08/13 14:11:58.976: [sbi] WARNING: [9767d514-9719-41f1-bcf4-e743f4aa2bd9] Retry registration with NRF (../lib/sbi/nf-sm.c:279)
08/13 14:11:59.041: [sbi] WARNING: Couldn't resolve host name (6): Could not resolve host: scp (../lib/sbi/client.c:767)
08/13 14:11:59.041: [sbi] WARNING: ogs_sbi_client_handler() failed [-1] (../lib/sbi/path.c:62)
08/13 14:12:09.986: [sbi] WARNING: [9767d514-9719-41f1-bcf4-e743f4aa2bd9] Retry registration with NRF (../lib/sbi/nf-sm.c:279)
08/13 14:12:10.050: [sbi] WARNING: Couldn't resolve host name (6): Could not resolve host: scp (../lib/sbi/client.c:767)
08/13 14:12:10.050: [sbi] WARNING: ogs_sbi_client_handler() failed [-1] (../lib/sbi/path.c:62)
08/13 14:12:20.994: [sbi] WARNING: [9767d514-9719-41f1-bcf4-e743f4aa2bd9] Retry registration with NRF (../lib/sbi/nf-sm.c:279)
08/13 14:12:21.059: [sbi] WARNING: Couldn't resolve host name (6): Could not resolve host: scp (../lib/sbi/client.c:767)
08/13 14:12:21.059: [sbi] WARNING: ogs_sbi_client_handler() failed [-1] (../lib/sbi/path.c:62)
08/13 14:12:32.005: [sbi] WARNING: [9767d514-9719-41f1-bcf4-e743f4aa2bd9] Retry registration with NRF (../lib/sbi/nf-sm.c:279)
08/13 14:12:32.071: [sbi] WARNING: Couldn't resolve host name (6): Could not resolve host: scp (../lib/sbi/client.c:767)
08/13 14:12:32.071: [sbi] WARNING: ogs_sbi_client_handler() failed [-1] (../lib/sbi/path.c:62)
08/13 14:12:43.011: [sbi] WARNING: [9767d514-9719-41f1-bcf4-e743f4aa2bd9] Retry registration with NRF (../lib/sbi/nf-sm.c:279)
08/13 14:12:43.076: [sbi] WARNING: Couldn't resolve host name (6): Could not resolve host: scp (../lib/sbi/client.c:767)
08/13 14:12:43.076: [sbi] WARNING: ogs_sbi_client_handler() failed [-1] (../lib/sbi/path.c:62)
08/13 14:12:54.015: [sbi] WARNING: [9767d514-9719-41f1-bcf4-e743f4aa2bd9] Retry registration with NRF (../lib/sbi/nf-sm.c:279)
08/13 14:12:54.079: [sbi] WARNING: Couldn't resolve host name (6): Could not resolve host: scp (../lib/sbi/client.c:767)
08/13 14:12:54.079: [sbi] WARNING: ogs_sbi_client_handler() failed [-1] (../lib/sbi/path.c:62)
08/13 14:13:05.017: [sbi] WARNING: [9767d514-9719-41f1-bcf4-e743f4aa2bd9] Retry registration with NRF (../lib/sbi/nf-sm.c:279)
08/13 14:13:05.090: [sbi] WARNING: Couldn't resolve host name (6): Could not resolve host: scp (../lib/sbi/client.c:767)
08/13 14:13:05.090: [sbi] WARNING: ogs_sbi_client_handler() failed [-1] (../lib/sbi/path.c:62)
08/13 14:13:16.029: [sbi] WARNING: [9767d514-9719-41f1-bcf4-e743f4aa2bd9] Retry registration with NRF (../lib/sbi/nf-sm.c:279)
08/13 14:13:16.095: [sbi] WARNING: Couldn't resolve host name (6): Could not resolve host: scp (../lib/sbi/client.c:767)
08/13 14:13:16.095: [sbi] WARNING: ogs_sbi_client_handler() failed [-1] (../lib/sbi/path.c:62)
08/13 14:13:27.037: [sbi] WARNING: [9767d514-9719-41f1-bcf4-e743f4aa2bd9] Retry registration with NRF (../lib/sbi/nf-sm.c:279)
08/13 14:13:27.102: [sbi] WARNING: Couldn't resolve host name (6): Could not resolve host: scp (../lib/sbi/client.c:767)
08/13 14:13:27.102: [sbi] WARNING: ogs_sbi_client_handler() failed [-1] (../lib/sbi/path.c:62)
08/13 14:13:38.048: [sbi] WARNING: [9767d514-9719-41f1-bcf4-e743f4aa2bd9] Retry registration with NRF (../lib/sbi/nf-sm.c:279)
08/13 14:13:38.113: [sbi] WARNING: Couldn't resolve host name (6): Could not resolve host: scp (../lib/sbi/client.c:767)
08/13 14:13:38.113: [sbi] WARNING: ogs_sbi_client_handler() failed [-1] (../lib/sbi/path.c:62)
08/13 14:13:49.059: [sbi] WARNING: [9767d514-9719-41f1-bcf4-e743f4aa2bd9] Retry registration with NRF (../lib/sbi/nf-sm.c:279)
08/13 14:13:49.124: [sbi] WARNING: Couldn't resolve host name (6): Could not resolve host: scp (../lib/sbi/client.c:767)
08/13 14:13:49.124: [sbi] WARNING: ogs_sbi_client_handler() failed [-1] (../lib/sbi/path.c:62)
08/13 14:14:00.066: [sbi] WARNING: [9767d514-9719-41f1-bcf4-e743f4aa2bd9] Retry registration with NRF (../lib/sbi/nf-sm.c:279)
08/13 14:14:00.131: [sbi] WARNING: Couldn't resolve host name (6): Could not resolve host: scp (../lib/sbi/client.c:767)
08/13 14:14:00.132: [sbi] WARNING: ogs_sbi_client_handler() failed [-1] (../lib/sbi/path.c:62)
08/13 14:14:11.070: [sbi] WARNING: [9767d514-9719-41f1-bcf4-e743f4aa2bd9] Retry registration with NRF (../lib/sbi/nf-sm.c:279)
08/13 14:14:11.136: [sbi] WARNING: Couldn't resolve host name (6): Could not resolve host: scp (../lib/sbi/client.c:767)
08/13 14:14:11.136: [sbi] WARNING: ogs_sbi_client_handler() failed [-1] (../lib/sbi/path.c:62)
08/13 14:14:22.081: [sbi] WARNING: [9767d514-9719-41f1-bcf4-e743f4aa2bd9] Retry registration with NRF (../lib/sbi/nf-sm.c:279)
08/13 14:14:22.145: [sbi] WARNING: Couldn't resolve host name (6): Could not resolve host: scp (../lib/sbi/client.c:767)
08/13 14:14:22.145: [sbi] WARNING: ogs_sbi_client_handler() failed [-1] (../lib/sbi/path.c:62)
08/13 14:14:33.092: [sbi] WARNING: [9767d514-9719-41f1-bcf4-e743f4aa2bd9] Retry registration with NRF (../lib/sbi/nf-sm.c:279)
08/13 14:14:33.156: [sbi] WARNING: Couldn't resolve host name (6): Could not resolve host: scp (../lib/sbi/client.c:767)
08/13 14:14:33.156: [sbi] WARNING: ogs_sbi_client_handler() failed [-1] (../lib/sbi/path.c:62)
08/13 14:14:44.094: [sbi] WARNING: [9767d514-9719-41f1-bcf4-e743f4aa2bd9] Retry registration with NRF (../lib/sbi/nf-sm.c:279)
08/13 14:14:44.159: [sbi] WARNING: Couldn't resolve host name (6): Could not resolve host: scp (../lib/sbi/client.c:767)
08/13 14:14:44.159: [sbi] WARNING: ogs_sbi_client_handler() failed [-1] (../lib/sbi/path.c:62)
08/13 14:14:55.096: [sbi] WARNING: [9767d514-9719-41f1-bcf4-e743f4aa2bd9] Retry registration with NRF (../lib/sbi/nf-sm.c:279)
08/13 14:14:55.163: [sbi] WARNING: Couldn't resolve host name (6): Could not resolve host: scp (../lib/sbi/client.c:767)
08/13 14:14:55.163: [sbi] WARNING: ogs_sbi_client_handler() failed [-1] (../lib/sbi/path.c:62)
08/13 14:15:06.108: [sbi] WARNING: [9767d514-9719-41f1-bcf4-e743f4aa2bd9] Retry registration with NRF (../lib/sbi/nf-sm.c:279)
08/13 14:15:06.174: [sbi] WARNING: Couldn't resolve host name (6): Could not resolve host: scp (../lib/sbi/client.c:767)
08/13 14:15:06.174: [sbi] WARNING: ogs_sbi_client_handler() failed [-1] (../lib/sbi/path.c:62)
08/13 14:15:17.120: [sbi] WARNING: [9767d514-9719-41f1-bcf4-e743f4aa2bd9] Retry registration with NRF (../lib/sbi/nf-sm.c:279)
08/13 14:15:17.185: [sbi] WARNING: Couldn't resolve host name (6): Could not resolve host: scp (../lib/sbi/client.c:767)
08/13 14:15:17.185: [sbi] WARNING: ogs_sbi_client_handler() failed [-1] (../lib/sbi/path.c:62)
08/13 14:15:28.125: [sbi] WARNING: [9767d514-9719-41f1-bcf4-e743f4aa2bd9] Retry registration with NRF (../lib/sbi/nf-sm.c:279)
08/13 14:15:28.190: [sbi] WARNING: Couldn't resolve host name (6): Could not resolve host: scp (../lib/sbi/client.c:767)
08/13 14:15:28.190: [sbi] WARNING: ogs_sbi_client_handler() failed [-1] (../lib/sbi/path.c:62)
08/13 14:15:39.137: [sbi] WARNING: [9767d514-9719-41f1-bcf4-e743f4aa2bd9] Retry registration with NRF (../lib/sbi/nf-sm.c:279)
08/13 14:15:39.202: [sbi] WARNING: Couldn't resolve host name (6): Could not resolve host: scp (../lib/sbi/client.c:767)
08/13 14:15:39.202: [sbi] WARNING: ogs_sbi_client_handler() failed [-1] (../lib/sbi/path.c:62)
08/13 14:15:50.145: [sbi] WARNING: [9767d514-9719-41f1-bcf4-e743f4aa2bd9] Retry registration with NRF (../lib/sbi/nf-sm.c:279)
08/13 14:15:50.211: [sbi] WARNING: Couldn't resolve host name (6): Could not resolve host: scp (../lib/sbi/client.c:767)
08/13 14:15:50.211: [sbi] WARNING: ogs_sbi_client_handler() failed [-1] (../lib/sbi/path.c:62)
08/13 14:16:01.155: [sbi] WARNING: [9767d514-9719-41f1-bcf4-e743f4aa2bd9] Retry registration with NRF (../lib/sbi/nf-sm.c:279)
08/13 14:16:01.221: [sbi] WARNING: Couldn't resolve host name (6): Could not resolve host: scp (../lib/sbi/client.c:767)
08/13 14:16:01.221: [sbi] WARNING: ogs_sbi_client_handler() failed [-1] (../lib/sbi/path.c:62)
08/13 14:16:12.167: [sbi] WARNING: [9767d514-9719-41f1-bcf4-e743f4aa2bd9] Retry registration with NRF (../lib/sbi/nf-sm.c:279)
08/13 14:16:12.232: [sbi] WARNING: Couldn't resolve host name (6): Could not resolve host: scp (../lib/sbi/client.c:767)
08/13 14:16:12.232: [sbi] WARNING: ogs_sbi_client_handler() failed [-1] (../lib/sbi/path.c:62)
08/13 14:16:23.178: [sbi] WARNING: [9767d514-9719-41f1-bcf4-e743f4aa2bd9] Retry registration with NRF (../lib/sbi/nf-sm.c:279)
08/13 14:16:23.242: [sbi] WARNING: Couldn't resolve host name (6): Could not resolve host: scp (../lib/sbi/client.c:767)
08/13 14:16:23.242: [sbi] WARNING: ogs_sbi_client_handler() failed [-1] (../lib/sbi/path.c:62)
08/13 14:16:34.190: [sbi] WARNING: [9767d514-9719-41f1-bcf4-e743f4aa2bd9] Retry registration with NRF (../lib/sbi/nf-sm.c:279)
08/13 14:16:34.257: [sbi] WARNING: Couldn't resolve host name (6): Could not resolve host: scp (../lib/sbi/client.c:767)
08/13 14:16:34.257: [sbi] WARNING: ogs_sbi_client_handler() failed [-1] (../lib/sbi/path.c:62)
08/13 14:16:45.192: [sbi] WARNING: [9767d514-9719-41f1-bcf4-e743f4aa2bd9] Retry registration with NRF (../lib/sbi/nf-sm.c:279)
08/13 14:16:45.257: [sbi] WARNING: Couldn't resolve host name (6): Could not resolve host: scp (../lib/sbi/client.c:767)
08/13 14:16:45.257: [sbi] WARNING: ogs_sbi_client_handler() failed [-1] (../lib/sbi/path.c:62)
08/13 14:16:56.204: [sbi] WARNING: [9767d514-9719-41f1-bcf4-e743f4aa2bd9] Retry registration with NRF (../lib/sbi/nf-sm.c:279)
08/13 14:16:56.269: [sbi] WARNING: Couldn't resolve host name (6): Could not resolve host: scp (../lib/sbi/client.c:767)
08/13 14:16:56.269: [sbi] WARNING: ogs_sbi_client_handler() failed [-1] (../lib/sbi/path.c:62)
08/13 14:17:07.214: [sbi] WARNING: [9767d514-9719-41f1-bcf4-e743f4aa2bd9] Retry registration with NRF (../lib/sbi/nf-sm.c:279)
08/13 14:17:07.279: [sbi] WARNING: Couldn't resolve host name (6): Could not resolve host: scp (../lib/sbi/client.c:767)
08/13 14:17:07.279: [sbi] WARNING: ogs_sbi_client_handler() failed [-1] (../lib/sbi/path.c:62)
08/13 14:17:18.221: [sbi] WARNING: [9767d514-9719-41f1-bcf4-e743f4aa2bd9] Retry registration with NRF (../lib/sbi/nf-sm.c:279)
08/13 14:17:18.286: [sbi] WARNING: Couldn't resolve host name (6): Could not resolve host: scp (../lib/sbi/client.c:767)
08/13 14:17:18.286: [sbi] WARNING: ogs_sbi_client_handler() failed [-1] (../lib/sbi/path.c:62)
08/13 14:17:29.233: [sbi] WARNING: [9767d514-9719-41f1-bcf4-e743f4aa2bd9] Retry registration with NRF (../lib/sbi/nf-sm.c:279)
08/13 14:17:29.298: [sbi] WARNING: Couldn't resolve host name (6): Could not resolve host: scp (../lib/sbi/client.c:767)
08/13 14:17:29.298: [sbi] WARNING: ogs_sbi_client_handler() failed [-1] (../lib/sbi/path.c:62)
08/13 14:17:40.241: [sbi] WARNING: [9767d514-9719-41f1-bcf4-e743f4aa2bd9] Retry registration with NRF (../lib/sbi/nf-sm.c:279)
08/13 14:17:40.306: [sbi] WARNING: Couldn't resolve host name (6): Could not resolve host: scp (../lib/sbi/client.c:767)
08/13 14:17:40.306: [sbi] WARNING: ogs_sbi_client_handler() failed [-1] (../lib/sbi/path.c:62)
08/13 14:17:51.249: [sbi] WARNING: [9767d514-9719-41f1-bcf4-e743f4aa2bd9] Retry registration with NRF (../lib/sbi/nf-sm.c:279)
08/13 14:17:51.316: [sbi] WARNING: Couldn't resolve host name (6): Could not resolve host: scp (../lib/sbi/client.c:767)
08/13 14:17:51.316: [sbi] WARNING: ogs_sbi_client_handler() failed [-1] (../lib/sbi/path.c:62)
08/13 14:18:02.251: [sbi] WARNING: [9767d514-9719-41f1-bcf4-e743f4aa2bd9] Retry registration with NRF (../lib/sbi/nf-sm.c:279)
08/13 14:18:02.315: [sbi] WARNING: Couldn't resolve host name (6): Could not resolve host: scp (../lib/sbi/client.c:767)
08/13 14:18:02.315: [sbi] WARNING: ogs_sbi_client_handler() failed [-1] (../lib/sbi/path.c:62)
08/13 14:18:13.262: [sbi] WARNING: [9767d514-9719-41f1-bcf4-e743f4aa2bd9] Retry registration with NRF (../lib/sbi/nf-sm.c:279)
08/13 14:18:13.327: [sbi] WARNING: Couldn't resolve host name (6): Could not resolve host: scp (../lib/sbi/client.c:767)
08/13 14:18:13.327: [sbi] WARNING: ogs_sbi_client_handler() failed [-1] (../lib/sbi/path.c:62)
08/13 14:18:24.271: [sbi] WARNING: [9767d514-9719-41f1-bcf4-e743f4aa2bd9] Retry registration with NRF (../lib/sbi/nf-sm.c:279)
08/13 14:18:24.336: [sbi] WARNING: Couldn't resolve host name (6): Could not resolve host: scp (../lib/sbi/client.c:767)
08/13 14:18:24.336: [sbi] WARNING: ogs_sbi_client_handler() failed [-1] (../lib/sbi/path.c:62)
08/13 14:18:35.281: [sbi] WARNING: [9767d514-9719-41f1-bcf4-e743f4aa2bd9] Retry registration with NRF (../lib/sbi/nf-sm.c:279)
08/13 14:18:35.348: [sbi] WARNING: Couldn't resolve host name (6): Could not resolve host: scp (../lib/sbi/client.c:767)
08/13 14:18:35.348: [sbi] WARNING: ogs_sbi_client_handler() failed [-1] (../lib/sbi/path.c:62)
08/13 14:18:46.289: [sbi] WARNING: [9767d514-9719-41f1-bcf4-e743f4aa2bd9] Retry registration with NRF (../lib/sbi/nf-sm.c:279)
08/13 14:18:46.354: [sbi] WARNING: Couldn't resolve host name (6): Could not resolve host: scp (../lib/sbi/client.c:767)
08/13 14:18:46.354: [sbi] WARNING: ogs_sbi_client_handler() failed [-1] (../lib/sbi/path.c:62)
08/13 14:18:57.294: [sbi] WARNING: [9767d514-9719-41f1-bcf4-e743f4aa2bd9] Retry registration with NRF (../lib/sbi/nf-sm.c:279)
08/13 14:18:57.359: [sbi] WARNING: Couldn't resolve host name (6): Could not resolve host: scp (../lib/sbi/client.c:767)
08/13 14:18:57.359: [sbi] WARNING: ogs_sbi_client_handler() failed [-1] (../lib/sbi/path.c:62)
08/13 14:19:08.301: [sbi] WARNING: [9767d514-9719-41f1-bcf4-e743f4aa2bd9] Retry registration with NRF (../lib/sbi/nf-sm.c:279)
08/13 14:19:08.365: [sbi] WARNING: Couldn't resolve host name (6): Could not resolve host: scp (../lib/sbi/client.c:767)
08/13 14:19:08.365: [sbi] WARNING: ogs_sbi_client_handler() failed [-1] (../lib/sbi/path.c:62)
08/13 14:19:19.312: [sbi] WARNING: [9767d514-9719-41f1-bcf4-e743f4aa2bd9] Retry registration with NRF (../lib/sbi/nf-sm.c:279)
08/13 14:19:19.379: [sbi] WARNING: Couldn't resolve host name (6): Could not resolve host: scp (../lib/sbi/client.c:767)
08/13 14:19:19.379: [sbi] WARNING: ogs_sbi_client_handler() failed [-1] (../lib/sbi/path.c:62)
08/13 14:19:30.320: [sbi] WARNING: [9767d514-9719-41f1-bcf4-e743f4aa2bd9] Retry registration with NRF (../lib/sbi/nf-sm.c:279)
08/13 14:19:30.384: [sbi] WARNING: Couldn't resolve host name (6): Could not resolve host: scp (../lib/sbi/client.c:767)
08/13 14:19:30.384: [sbi] WARNING: ogs_sbi_client_handler() failed [-1] (../lib/sbi/path.c:62)
08/13 14:19:41.322: [sbi] WARNING: [9767d514-9719-41f1-bcf4-e743f4aa2bd9] Retry registration with NRF (../lib/sbi/nf-sm.c:279)
08/13 14:19:41.387: [sbi] WARNING: Couldn't resolve host name (6): Could not resolve host: scp (../lib/sbi/client.c:767)
08/13 14:19:41.387: [sbi] WARNING: ogs_sbi_client_handler() failed [-1] (../lib/sbi/path.c:62)
08/13 14:19:52.334: [sbi] WARNING: [9767d514-9719-41f1-bcf4-e743f4aa2bd9] Retry registration with NRF (../lib/sbi/nf-sm.c:279)
08/13 14:19:52.399: [sbi] WARNING: Couldn't resolve host name (6): Could not resolve host: scp (../lib/sbi/client.c:767)
08/13 14:19:52.399: [sbi] WARNING: ogs_sbi_client_handler() failed [-1] (../lib/sbi/path.c:62)
08/13 14:20:03.337: [sbi] WARNING: [9767d514-9719-41f1-bcf4-e743f4aa2bd9] Retry registration with NRF (../lib/sbi/nf-sm.c:279)
08/13 14:20:03.402: [sbi] WARNING: Couldn't resolve host name (6): Could not resolve host: scp (../lib/sbi/client.c:767)
08/13 14:20:03.402: [sbi] WARNING: ogs_sbi_client_handler() failed [-1] (../lib/sbi/path.c:62)
08/13 14:20:14.349: [sbi] WARNING: [9767d514-9719-41f1-bcf4-e743f4aa2bd9] Retry registration with NRF (../lib/sbi/nf-sm.c:279)
08/13 14:20:14.414: [sbi] WARNING: Couldn't resolve host name (6): Could not resolve host: scp (../lib/sbi/client.c:767)
08/13 14:20:14.414: [sbi] WARNING: ogs_sbi_client_handler() failed [-1] (../lib/sbi/path.c:62)
08/13 14:20:25.356: [sbi] WARNING: [9767d514-9719-41f1-bcf4-e743f4aa2bd9] Retry registration with NRF (../lib/sbi/nf-sm.c:279)
08/13 14:20:25.421: [sbi] WARNING: Couldn't resolve host name (6): Could not resolve host: scp (../lib/sbi/client.c:767)
08/13 14:20:25.421: [sbi] WARNING: ogs_sbi_client_handler() failed [-1] (../lib/sbi/path.c:62)
08/13 14:20:36.366: [sbi] WARNING: [9767d514-9719-41f1-bcf4-e743f4aa2bd9] Retry registration with NRF (../lib/sbi/nf-sm.c:279)
08/13 14:20:36.431: [sbi] WARNING: Couldn't resolve host name (6): Could not resolve host: scp (../lib/sbi/client.c:767)
08/13 14:20:36.431: [sbi] WARNING: ogs_sbi_client_handler() failed [-1] (../lib/sbi/path.c:62)
08/13 14:20:47.372: [sbi] WARNING: [9767d514-9719-41f1-bcf4-e743f4aa2bd9] Retry registration with NRF (../lib/sbi/nf-sm.c:279)
08/13 14:20:47.438: [sbi] WARNING: Couldn't resolve host name (6): Could not resolve host: scp (../lib/sbi/client.c:767)
08/13 14:20:47.438: [sbi] WARNING: ogs_sbi_client_handler() failed [-1] (../lib/sbi/path.c:62)
08/13 14:20:58.382: [sbi] WARNING: [9767d514-9719-41f1-bcf4-e743f4aa2bd9] Retry registration with NRF (../lib/sbi/nf-sm.c:279)
08/13 14:20:58.448: [sbi] WARNING: Couldn't resolve host name (6): Could not resolve host: scp (../lib/sbi/client.c:767)
08/13 14:20:58.448: [sbi] WARNING: ogs_sbi_client_handler() failed [-1] (../lib/sbi/path.c:62)
08/13 14:21:09.391: [sbi] WARNING: [9767d514-9719-41f1-bcf4-e743f4aa2bd9] Retry registration with NRF (../lib/sbi/nf-sm.c:279)
08/13 14:21:09.456: [sbi] WARNING: Couldn't resolve host name (6): Could not resolve host: scp (../lib/sbi/client.c:767)
08/13 14:21:09.456: [sbi] WARNING: ogs_sbi_client_handler() failed [-1] (../lib/sbi/path.c:62)
08/13 14:21:20.403: [sbi] WARNING: [9767d514-9719-41f1-bcf4-e743f4aa2bd9] Retry registration with NRF (../lib/sbi/nf-sm.c:279)
08/13 14:21:20.469: [sbi] WARNING: Couldn't resolve host name (6): Could not resolve host: scp (../lib/sbi/client.c:767)
08/13 14:21:20.469: [sbi] WARNING: ogs_sbi_client_handler() failed [-1] (../lib/sbi/path.c:62)
08/13 14:21:31.414: [sbi] WARNING: [9767d514-9719-41f1-bcf4-e743f4aa2bd9] Retry registration with NRF (../lib/sbi/nf-sm.c:279)
08/13 14:21:31.478: [sbi] WARNING: Couldn't resolve host name (6): Could not resolve host: scp (../lib/sbi/client.c:767)
08/13 14:21:31.478: [sbi] WARNING: ogs_sbi_client_handler() failed [-1] (../lib/sbi/path.c:62)
08/13 14:21:42.427: [sbi] WARNING: [9767d514-9719-41f1-bcf4-e743f4aa2bd9] Retry registration with NRF (../lib/sbi/nf-sm.c:279)
08/13 14:21:42.492: [sbi] WARNING: Couldn't resolve host name (6): Could not resolve host: scp (../lib/sbi/client.c:767)
08/13 14:21:42.492: [sbi] WARNING: ogs_sbi_client_handler() failed [-1] (../lib/sbi/path.c:62)
08/13 14:21:53.433: [sbi] WARNING: [9767d514-9719-41f1-bcf4-e743f4aa2bd9] Retry registration with NRF (../lib/sbi/nf-sm.c:279)
08/13 14:21:53.497: [sbi] WARNING: Couldn't resolve host name (6): Could not resolve host: scp (../lib/sbi/client.c:767)
08/13 14:21:53.497: [sbi] WARNING: ogs_sbi_client_handler() failed [-1] (../lib/sbi/path.c:62)
08/13 14:22:04.444: [sbi] WARNING: [9767d514-9719-41f1-bcf4-e743f4aa2bd9] Retry registration with NRF (../lib/sbi/nf-sm.c:279)
08/13 14:22:04.509: [sbi] WARNING: Couldn't resolve host name (6): Could not resolve host: scp (../lib/sbi/client.c:767)
08/13 14:22:04.509: [sbi] WARNING: ogs_sbi_client_handler() failed [-1] (../lib/sbi/path.c:62)
08/13 14:22:15.451: [sbi] WARNING: [9767d514-9719-41f1-bcf4-e743f4aa2bd9] Retry registration with NRF (../lib/sbi/nf-sm.c:279)
08/13 14:22:15.516: [sbi] WARNING: Couldn't resolve host name (6): Could not resolve host: scp (../lib/sbi/client.c:767)
08/13 14:22:15.516: [sbi] WARNING: ogs_sbi_client_handler() failed [-1] (../lib/sbi/path.c:62)
08/13 14:22:26.461: [sbi] WARNING: [9767d514-9719-41f1-bcf4-e743f4aa2bd9] Retry registration with NRF (../lib/sbi/nf-sm.c:279)
08/13 14:22:26.525: [sbi] WARNING: Couldn't resolve host name (6): Could not resolve host: scp (../lib/sbi/client.c:767)
08/13 14:22:26.525: [sbi] WARNING: ogs_sbi_client_handler() failed [-1] (../lib/sbi/path.c:62)
08/13 14:22:37.462: [sbi] WARNING: [9767d514-9719-41f1-bcf4-e743f4aa2bd9] Retry registration with NRF (../lib/sbi/nf-sm.c:279)
08/13 14:22:37.526: [sbi] WARNING: Couldn't resolve host name (6): Could not resolve host: scp (../lib/sbi/client.c:767)
08/13 14:22:37.526: [sbi] WARNING: ogs_sbi_client_handler() failed [-1] (../lib/sbi/path.c:62)
08/13 14:22:48.467: [sbi] WARNING: [9767d514-9719-41f1-bcf4-e743f4aa2bd9] Retry registration with NRF (../lib/sbi/nf-sm.c:279)
08/13 14:22:48.530: [sbi] WARNING: Couldn't resolve host name (6): Could not resolve host: scp (../lib/sbi/client.c:767)
08/13 14:22:48.530: [sbi] WARNING: ogs_sbi_client_handler() failed [-1] (../lib/sbi/path.c:62)
08/13 14:22:59.478: [sbi] WARNING: [9767d514-9719-41f1-bcf4-e743f4aa2bd9] Retry registration with NRF (../lib/sbi/nf-sm.c:279)
08/13 14:22:59.542: [sbi] WARNING: Couldn't resolve host name (6): Could not resolve host: scp (../lib/sbi/client.c:767)
08/13 14:22:59.542: [sbi] WARNING: ogs_sbi_client_handler() failed [-1] (../lib/sbi/path.c:62)
08/13 14:23:10.488: [sbi] WARNING: [9767d514-9719-41f1-bcf4-e743f4aa2bd9] Retry registration with NRF (../lib/sbi/nf-sm.c:279)
08/13 14:23:10.553: [sbi] WARNING: Couldn't resolve host name (6): Could not resolve host: scp (../lib/sbi/client.c:767)
08/13 14:23:10.553: [sbi] WARNING: ogs_sbi_client_handler() failed [-1] (../lib/sbi/path.c:62)
08/13 14:23:21.497: [sbi] WARNING: [9767d514-9719-41f1-bcf4-e743f4aa2bd9] Retry registration with NRF (../lib/sbi/nf-sm.c:279)
08/13 14:23:21.563: [sbi] WARNING: Couldn't resolve host name (6): Could not resolve host: scp (../lib/sbi/client.c:767)
08/13 14:23:21.563: [sbi] WARNING: ogs_sbi_client_handler() failed [-1] (../lib/sbi/path.c:62)
08/13 14:23:32.509: [sbi] WARNING: [9767d514-9719-41f1-bcf4-e743f4aa2bd9] Retry registration with NRF (../lib/sbi/nf-sm.c:279)
08/13 14:23:32.572: [sbi] WARNING: Couldn't resolve host name (6): Could not resolve host: scp (../lib/sbi/client.c:767)
08/13 14:23:32.572: [sbi] WARNING: ogs_sbi_client_handler() failed [-1] (../lib/sbi/path.c:62)
08/13 14:23:43.514: [sbi] WARNING: [9767d514-9719-41f1-bcf4-e743f4aa2bd9] Retry registration with NRF (../lib/sbi/nf-sm.c:279)
08/13 14:23:43.578: [sbi] WARNING: Couldn't resolve host name (6): Could not resolve host: scp (../lib/sbi/client.c:767)
08/13 14:23:43.578: [sbi] WARNING: ogs_sbi_client_handler() failed [-1] (../lib/sbi/path.c:62)
08/13 14:23:54.522: [sbi] WARNING: [9767d514-9719-41f1-bcf4-e743f4aa2bd9] Retry registration with NRF (../lib/sbi/nf-sm.c:279)
08/13 14:23:54.587: [sbi] WARNING: Couldn't resolve host name (6): Could not resolve host: scp (../lib/sbi/client.c:767)
08/13 14:23:54.587: [sbi] WARNING: ogs_sbi_client_handler() failed [-1] (../lib/sbi/path.c:62)
08/13 14:24:05.533: [sbi] WARNING: [9767d514-9719-41f1-bcf4-e743f4aa2bd9] Retry registration with NRF (../lib/sbi/nf-sm.c:279)
08/13 14:24:05.598: [sbi] WARNING: Couldn't resolve host name (6): Could not resolve host: scp (../lib/sbi/client.c:767)
08/13 14:24:05.598: [sbi] WARNING: ogs_sbi_client_handler() failed [-1] (../lib/sbi/path.c:62)
08/13 14:24:16.540: [sbi] WARNING: [9767d514-9719-41f1-bcf4-e743f4aa2bd9] Retry registration with NRF (../lib/sbi/nf-sm.c:279)
08/13 14:24:16.604: [sbi] WARNING: Couldn't resolve host name (6): Could not resolve host: scp (../lib/sbi/client.c:767)
08/13 14:24:16.604: [sbi] WARNING: ogs_sbi_client_handler() failed [-1] (../lib/sbi/path.c:62)
08/13 14:24:27.543: [sbi] WARNING: [9767d514-9719-41f1-bcf4-e743f4aa2bd9] Retry registration with NRF (../lib/sbi/nf-sm.c:279)
08/13 14:24:27.607: [sbi] WARNING: Couldn't resolve host name (6): Could not resolve host: scp (../lib/sbi/client.c:767)
08/13 14:24:27.608: [sbi] WARNING: ogs_sbi_client_handler() failed [-1] (../lib/sbi/path.c:62)
08/13 14:24:38.545: [sbi] WARNING: [9767d514-9719-41f1-bcf4-e743f4aa2bd9] Retry registration with NRF (../lib/sbi/nf-sm.c:279)
08/13 14:24:38.610: [sbi] WARNING: Couldn't resolve host name (6): Could not resolve host: scp (../lib/sbi/client.c:767)
08/13 14:24:38.610: [sbi] WARNING: ogs_sbi_client_handler() failed [-1] (../lib/sbi/path.c:62)
08/13 14:24:49.550: [sbi] WARNING: [9767d514-9719-41f1-bcf4-e743f4aa2bd9] Retry registration with NRF (../lib/sbi/nf-sm.c:279)
08/13 14:24:49.615: [sbi] WARNING: Couldn't resolve host name (6): Could not resolve host: scp (../lib/sbi/client.c:767)
08/13 14:24:49.615: [sbi] WARNING: ogs_sbi_client_handler() failed [-1] (../lib/sbi/path.c:62)
08/13 14:25:00.562: [sbi] WARNING: [9767d514-9719-41f1-bcf4-e743f4aa2bd9] Retry registration with NRF (../lib/sbi/nf-sm.c:279)
08/13 14:25:00.628: [sbi] WARNING: Couldn't resolve host name (6): Could not resolve host: scp (../lib/sbi/client.c:767)
08/13 14:25:00.628: [sbi] WARNING: ogs_sbi_client_handler() failed [-1] (../lib/sbi/path.c:62)
08/13 14:25:11.574: [sbi] WARNING: [9767d514-9719-41f1-bcf4-e743f4aa2bd9] Retry registration with NRF (../lib/sbi/nf-sm.c:279)
08/13 14:25:11.642: [sbi] WARNING: Couldn't resolve host name (6): Could not resolve host: scp (../lib/sbi/client.c:767)
08/13 14:25:11.642: [sbi] WARNING: ogs_sbi_client_handler() failed [-1] (../lib/sbi/path.c:62)
08/13 14:25:22.581: [sbi] WARNING: [9767d514-9719-41f1-bcf4-e743f4aa2bd9] Retry registration with NRF (../lib/sbi/nf-sm.c:279)
08/13 14:25:22.647: [sbi] WARNING: Couldn't resolve host name (6): Could not resolve host: scp (../lib/sbi/client.c:767)
08/13 14:25:22.647: [sbi] WARNING: ogs_sbi_client_handler() failed [-1] (../lib/sbi/path.c:62)
08/13 14:25:33.585: [sbi] WARNING: [9767d514-9719-41f1-bcf4-e743f4aa2bd9] Retry registration with NRF (../lib/sbi/nf-sm.c:279)
08/13 14:25:33.650: [sbi] WARNING: Couldn't resolve host name (6): Could not resolve host: scp (../lib/sbi/client.c:767)
08/13 14:25:33.651: [sbi] WARNING: ogs_sbi_client_handler() failed [-1] (../lib/sbi/path.c:62)
08/13 14:25:44.591: [sbi] WARNING: [9767d514-9719-41f1-bcf4-e743f4aa2bd9] Retry registration with NRF (../lib/sbi/nf-sm.c:279)
08/13 14:25:44.656: [sbi] WARNING: Couldn't resolve host name (6): Could not resolve host: scp (../lib/sbi/client.c:767)
08/13 14:25:44.656: [sbi] WARNING: ogs_sbi_client_handler() failed [-1] (../lib/sbi/path.c:62)
08/13 14:25:55.595: [sbi] WARNING: [9767d514-9719-41f1-bcf4-e743f4aa2bd9] Retry registration with NRF (../lib/sbi/nf-sm.c:279)
08/13 14:25:55.658: [sbi] WARNING: Couldn't resolve host name (6): Could not resolve host: scp (../lib/sbi/client.c:767)
08/13 14:25:55.659: [sbi] WARNING: ogs_sbi_client_handler() failed [-1] (../lib/sbi/path.c:62)
08/13 14:26:06.606: [sbi] WARNING: [9767d514-9719-41f1-bcf4-e743f4aa2bd9] Retry registration with NRF (../lib/sbi/nf-sm.c:279)
08/13 14:26:06.671: [sbi] WARNING: Couldn't resolve host name (6): Could not resolve host: scp (../lib/sbi/client.c:767)
08/13 14:26:06.671: [sbi] WARNING: ogs_sbi_client_handler() failed [-1] (../lib/sbi/path.c:62)
08/13 14:26:17.610: [sbi] WARNING: [9767d514-9719-41f1-bcf4-e743f4aa2bd9] Retry registration with NRF (../lib/sbi/nf-sm.c:279)
08/13 14:26:17.674: [sbi] WARNING: Couldn't resolve host name (6): Could not resolve host: scp (../lib/sbi/client.c:767)
08/13 14:26:17.674: [sbi] WARNING: ogs_sbi_client_handler() failed [-1] (../lib/sbi/path.c:62)
08/13 14:26:28.621: [sbi] WARNING: [9767d514-9719-41f1-bcf4-e743f4aa2bd9] Retry registration with NRF (../lib/sbi/nf-sm.c:279)
08/13 14:26:28.687: [sbi] WARNING: Couldn't resolve host name (6): Could not resolve host: scp (../lib/sbi/client.c:767)
08/13 14:26:28.687: [sbi] WARNING: ogs_sbi_client_handler() failed [-1] (../lib/sbi/path.c:62)
08/13 14:26:39.632: [sbi] WARNING: [9767d514-9719-41f1-bcf4-e743f4aa2bd9] Retry registration with NRF (../lib/sbi/nf-sm.c:279)
08/13 14:26:39.697: [sbi] WARNING: Couldn't resolve host name (6): Could not resolve host: scp (../lib/sbi/client.c:767)
08/13 14:26:39.697: [sbi] WARNING: ogs_sbi_client_handler() failed [-1] (../lib/sbi/path.c:62)
08/13 14:26:50.639: [sbi] WARNING: [9767d514-9719-41f1-bcf4-e743f4aa2bd9] Retry registration with NRF (../lib/sbi/nf-sm.c:279)
08/13 14:26:50.704: [sbi] WARNING: Couldn't resolve host name (6): Could not resolve host: scp (../lib/sbi/client.c:767)
08/13 14:26:50.704: [sbi] WARNING: ogs_sbi_client_handler() failed [-1] (../lib/sbi/path.c:62)
08/13 14:27:01.649: [sbi] WARNING: [9767d514-9719-41f1-bcf4-e743f4aa2bd9] Retry registration with NRF (../lib/sbi/nf-sm.c:279)
08/13 14:27:01.714: [sbi] WARNING: Couldn't resolve host name (6): Could not resolve host: scp (../lib/sbi/client.c:767)
08/13 14:27:01.714: [sbi] WARNING: ogs_sbi_client_handler() failed [-1] (../lib/sbi/path.c:62)
08/13 14:27:12.653: [sbi] WARNING: [9767d514-9719-41f1-bcf4-e743f4aa2bd9] Retry registration with NRF (../lib/sbi/nf-sm.c:279)
08/13 14:27:12.719: [sbi] WARNING: Couldn't resolve host name (6): Could not resolve host: scp (../lib/sbi/client.c:767)
08/13 14:27:12.719: [sbi] WARNING: ogs_sbi_client_handler() failed [-1] (../lib/sbi/path.c:62)
08/13 14:27:23.660: [sbi] WARNING: [9767d514-9719-41f1-bcf4-e743f4aa2bd9] Retry registration with NRF (../lib/sbi/nf-sm.c:279)
08/13 14:27:23.725: [sbi] WARNING: Couldn't resolve host name (6): Could not resolve host: scp (../lib/sbi/client.c:767)
08/13 14:27:23.725: [sbi] WARNING: ogs_sbi_client_handler() failed [-1] (../lib/sbi/path.c:62)
08/13 14:27:34.668: [sbi] WARNING: [9767d514-9719-41f1-bcf4-e743f4aa2bd9] Retry registration with NRF (../lib/sbi/nf-sm.c:279)
08/13 14:27:34.733: [sbi] WARNING: Couldn't resolve host name (6): Could not resolve host: scp (../lib/sbi/client.c:767)
08/13 14:27:34.733: [sbi] WARNING: ogs_sbi_client_handler() failed [-1] (../lib/sbi/path.c:62)
08/13 14:27:45.679: [sbi] WARNING: [9767d514-9719-41f1-bcf4-e743f4aa2bd9] Retry registration with NRF (../lib/sbi/nf-sm.c:279)
08/13 14:27:45.744: [sbi] WARNING: Couldn't resolve host name (6): Could not resolve host: scp (../lib/sbi/client.c:767)
08/13 14:27:45.745: [sbi] WARNING: ogs_sbi_client_handler() failed [-1] (../lib/sbi/path.c:62)
08/13 14:27:56.689: [sbi] WARNING: [9767d514-9719-41f1-bcf4-e743f4aa2bd9] Retry registration with NRF (../lib/sbi/nf-sm.c:279)
08/13 14:27:56.754: [sbi] WARNING: Couldn't resolve host name (6): Could not resolve host: scp (../lib/sbi/client.c:767)
08/13 14:27:56.754: [sbi] WARNING: ogs_sbi_client_handler() failed [-1] (../lib/sbi/path.c:62)
08/13 14:28:07.695: [sbi] WARNING: [9767d514-9719-41f1-bcf4-e743f4aa2bd9] Retry registration with NRF (../lib/sbi/nf-sm.c:279)
08/13 14:28:07.762: [sbi] WARNING: Couldn't resolve host name (6): Could not resolve host: scp (../lib/sbi/client.c:767)
08/13 14:28:07.762: [sbi] WARNING: ogs_sbi_client_handler() failed [-1] (../lib/sbi/path.c:62)
08/13 14:28:18.701: [sbi] WARNING: [9767d514-9719-41f1-bcf4-e743f4aa2bd9] Retry registration with NRF (../lib/sbi/nf-sm.c:279)
08/13 14:28:18.780: [sbi] WARNING: Couldn't resolve host name (6): Could not resolve host: scp (../lib/sbi/client.c:767)
08/13 14:28:18.780: [sbi] WARNING: ogs_sbi_client_handler() failed [-1] (../lib/sbi/path.c:62)
08/13 14:28:29.710: [sbi] WARNING: [9767d514-9719-41f1-bcf4-e743f4aa2bd9] Retry registration with NRF (../lib/sbi/nf-sm.c:279)
08/13 14:28:29.779: [sbi] WARNING: Couldn't resolve host name (6): Could not resolve host: scp (../lib/sbi/client.c:767)
08/13 14:28:29.779: [sbi] WARNING: ogs_sbi_client_handler() failed [-1] (../lib/sbi/path.c:62)
08/13 14:28:40.721: [sbi] WARNING: [9767d514-9719-41f1-bcf4-e743f4aa2bd9] Retry registration with NRF (../lib/sbi/nf-sm.c:279)
08/13 14:28:40.786: [sbi] WARNING: Couldn't resolve host name (6): Could not resolve host: scp (../lib/sbi/client.c:767)
08/13 14:28:40.786: [sbi] WARNING: ogs_sbi_client_handler() failed [-1] (../lib/sbi/path.c:62)
08/13 14:28:51.730: [sbi] WARNING: [9767d514-9719-41f1-bcf4-e743f4aa2bd9] Retry registration with NRF (../lib/sbi/nf-sm.c:279)
08/13 14:28:51.796: [sbi] WARNING: Couldn't resolve host name (6): Could not resolve host: scp (../lib/sbi/client.c:767)
08/13 14:28:51.796: [sbi] WARNING: ogs_sbi_client_handler() failed [-1] (../lib/sbi/path.c:62)
08/13 14:29:02.738: [sbi] WARNING: [9767d514-9719-41f1-bcf4-e743f4aa2bd9] Retry registration with NRF (../lib/sbi/nf-sm.c:279)
08/13 14:29:02.803: [sbi] WARNING: Couldn't resolve host name (6): Could not resolve host: scp (../lib/sbi/client.c:767)
08/13 14:29:02.803: [sbi] WARNING: ogs_sbi_client_handler() failed [-1] (../lib/sbi/path.c:62)
08/13 14:29:13.748: [sbi] WARNING: [9767d514-9719-41f1-bcf4-e743f4aa2bd9] Retry registration with NRF (../lib/sbi/nf-sm.c:279)
08/13 14:29:13.812: [sbi] WARNING: Couldn't resolve host name (6): Could not resolve host: scp (../lib/sbi/client.c:767)
08/13 14:29:13.812: [sbi] WARNING: ogs_sbi_client_handler() failed [-1] (../lib/sbi/path.c:62)
08/13 14:29:24.759: [sbi] WARNING: [9767d514-9719-41f1-bcf4-e743f4aa2bd9] Retry registration with NRF (../lib/sbi/nf-sm.c:279)
08/13 14:29:24.825: [sbi] WARNING: Couldn't resolve host name (6): Could not resolve host: scp (../lib/sbi/client.c:767)
08/13 14:29:24.826: [sbi] WARNING: ogs_sbi_client_handler() failed [-1] (../lib/sbi/path.c:62)
08/13 14:29:35.771: [sbi] WARNING: [9767d514-9719-41f1-bcf4-e743f4aa2bd9] Retry registration with NRF (../lib/sbi/nf-sm.c:279)
08/13 14:29:35.836: [sbi] WARNING: Couldn't resolve host name (6): Could not resolve host: scp (../lib/sbi/client.c:767)
08/13 14:29:35.837: [sbi] WARNING: ogs_sbi_client_handler() failed [-1] (../lib/sbi/path.c:62)
08/13 14:29:46.783: [sbi] WARNING: [9767d514-9719-41f1-bcf4-e743f4aa2bd9] Retry registration with NRF (../lib/sbi/nf-sm.c:279)
08/13 14:29:46.850: [sbi] WARNING: Couldn't resolve host name (6): Could not resolve host: scp (../lib/sbi/client.c:767)
08/13 14:29:46.850: [sbi] WARNING: ogs_sbi_client_handler() failed [-1] (../lib/sbi/path.c:62)
08/13 14:29:57.794: [sbi] WARNING: [9767d514-9719-41f1-bcf4-e743f4aa2bd9] Retry registration with NRF (../lib/sbi/nf-sm.c:279)
08/13 14:29:57.864: [sbi] WARNING: Couldn't resolve host name (6): Could not resolve host: scp (../lib/sbi/client.c:767)
08/13 14:29:57.864: [sbi] WARNING: ogs_sbi_client_handler() failed [-1] (../lib/sbi/path.c:62)
08/13 14:30:08.804: [sbi] WARNING: [9767d514-9719-41f1-bcf4-e743f4aa2bd9] Retry registration with NRF (../lib/sbi/nf-sm.c:279)
08/13 14:30:08.870: [sbi] WARNING: Couldn't resolve host name (6): Could not resolve host: scp (../lib/sbi/client.c:767)
08/13 14:30:08.870: [sbi] WARNING: ogs_sbi_client_handler() failed [-1] (../lib/sbi/path.c:62)
08/13 14:30:19.810: [sbi] WARNING: [9767d514-9719-41f1-bcf4-e743f4aa2bd9] Retry registration with NRF (../lib/sbi/nf-sm.c:279)
08/13 14:30:19.875: [sbi] WARNING: Couldn't resolve host name (6): Could not resolve host: scp (../lib/sbi/client.c:767)
08/13 14:30:19.875: [sbi] WARNING: ogs_sbi_client_handler() failed [-1] (../lib/sbi/path.c:62)
08/13 14:30:30.818: [sbi] WARNING: [9767d514-9719-41f1-bcf4-e743f4aa2bd9] Retry registration with NRF (../lib/sbi/nf-sm.c:279)
08/13 14:30:30.884: [sbi] WARNING: Couldn't resolve host name (6): Could not resolve host: scp (../lib/sbi/client.c:767)
08/13 14:30:30.884: [sbi] WARNING: ogs_sbi_client_handler() failed [-1] (../lib/sbi/path.c:62)
08/13 14:30:41.829: [sbi] WARNING: [9767d514-9719-41f1-bcf4-e743f4aa2bd9] Retry registration with NRF (../lib/sbi/nf-sm.c:279)
08/13 14:30:41.894: [sbi] WARNING: Couldn't resolve host name (6): Could not resolve host: scp (../lib/sbi/client.c:767)
08/13 14:30:41.894: [sbi] WARNING: ogs_sbi_client_handler() failed [-1] (../lib/sbi/path.c:62)
08/13 14:30:52.841: [sbi] WARNING: [9767d514-9719-41f1-bcf4-e743f4aa2bd9] Retry registration with NRF (../lib/sbi/nf-sm.c:279)
08/13 14:30:52.906: [sbi] WARNING: Couldn't resolve host name (6): Could not resolve host: scp (../lib/sbi/client.c:767)
08/13 14:30:52.907: [sbi] WARNING: ogs_sbi_client_handler() failed [-1] (../lib/sbi/path.c:62)
08/13 14:31:03.852: [sbi] WARNING: [9767d514-9719-41f1-bcf4-e743f4aa2bd9] Retry registration with NRF (../lib/sbi/nf-sm.c:279)
08/13 14:31:03.918: [sbi] WARNING: Couldn't resolve host name (6): Could not resolve host: scp (../lib/sbi/client.c:767)
08/13 14:31:03.918: [sbi] WARNING: ogs_sbi_client_handler() failed [-1] (../lib/sbi/path.c:62)
08/13 14:31:14.862: [sbi] WARNING: [9767d514-9719-41f1-bcf4-e743f4aa2bd9] Retry registration with NRF (../lib/sbi/nf-sm.c:279)
08/13 14:31:14.945: [sbi] WARNING: Couldn't resolve host name (6): Could not resolve host: scp (../lib/sbi/client.c:767)
08/13 14:31:14.945: [sbi] WARNING: ogs_sbi_client_handler() failed [-1] (../lib/sbi/path.c:62)
08/13 14:31:25.865: [sbi] WARNING: [9767d514-9719-41f1-bcf4-e743f4aa2bd9] Retry registration with NRF (../lib/sbi/nf-sm.c:279)
08/13 14:31:25.930: [sbi] WARNING: Couldn't resolve host name (6): Could not resolve host: scp (../lib/sbi/client.c:767)
08/13 14:31:25.930: [sbi] WARNING: ogs_sbi_client_handler() failed [-1] (../lib/sbi/path.c:62)
08/13 14:31:36.866: [sbi] WARNING: [9767d514-9719-41f1-bcf4-e743f4aa2bd9] Retry registration with NRF (../lib/sbi/nf-sm.c:279)
08/13 14:31:36.930: [sbi] WARNING: Couldn't resolve host name (6): Could not resolve host: scp (../lib/sbi/client.c:767)
08/13 14:31:36.930: [sbi] WARNING: ogs_sbi_client_handler() failed [-1] (../lib/sbi/path.c:62)
08/13 14:31:47.877: [sbi] WARNING: [9767d514-9719-41f1-bcf4-e743f4aa2bd9] Retry registration with NRF (../lib/sbi/nf-sm.c:279)
08/13 14:31:47.943: [sbi] WARNING: Couldn't resolve host name (6): Could not resolve host: scp (../lib/sbi/client.c:767)
08/13 14:31:47.944: [sbi] WARNING: ogs_sbi_client_handler() failed [-1] (../lib/sbi/path.c:62)
08/13 14:31:58.883: [sbi] WARNING: [9767d514-9719-41f1-bcf4-e743f4aa2bd9] Retry registration with NRF (../lib/sbi/nf-sm.c:279)
08/13 14:31:58.947: [sbi] WARNING: Couldn't resolve host name (6): Could not resolve host: scp (../lib/sbi/client.c:767)
08/13 14:31:58.947: [sbi] WARNING: ogs_sbi_client_handler() failed [-1] (../lib/sbi/path.c:62)
08/13 14:32:09.892: [sbi] WARNING: [9767d514-9719-41f1-bcf4-e743f4aa2bd9] Retry registration with NRF (../lib/sbi/nf-sm.c:279)
08/13 14:32:09.956: [sbi] WARNING: Couldn't resolve host name (6): Could not resolve host: scp (../lib/sbi/client.c:767)
08/13 14:32:09.956: [sbi] WARNING: ogs_sbi_client_handler() failed [-1] (../lib/sbi/path.c:62)
08/13 14:32:20.900: [sbi] WARNING: [9767d514-9719-41f1-bcf4-e743f4aa2bd9] Retry registration with NRF (../lib/sbi/nf-sm.c:279)
08/13 14:32:20.964: [sbi] WARNING: Couldn't resolve host name (6): Could not resolve host: scp (../lib/sbi/client.c:767)
08/13 14:32:20.964: [sbi] WARNING: ogs_sbi_client_handler() failed [-1] (../lib/sbi/path.c:62)
08/13 14:32:31.902: [sbi] WARNING: [9767d514-9719-41f1-bcf4-e743f4aa2bd9] Retry registration with NRF (../lib/sbi/nf-sm.c:279)
08/13 14:32:31.968: [sbi] WARNING: Couldn't resolve host name (6): Could not resolve host: scp (../lib/sbi/client.c:767)
08/13 14:32:31.968: [sbi] WARNING: ogs_sbi_client_handler() failed [-1] (../lib/sbi/path.c:62)
08/13 14:32:42.912: [sbi] WARNING: [9767d514-9719-41f1-bcf4-e743f4aa2bd9] Retry registration with NRF (../lib/sbi/nf-sm.c:279)
08/13 14:32:42.977: [sbi] WARNING: Couldn't resolve host name (6): Could not resolve host: scp (../lib/sbi/client.c:767)
08/13 14:32:42.977: [sbi] WARNING: ogs_sbi_client_handler() failed [-1] (../lib/sbi/path.c:62)
08/13 14:32:53.921: [sbi] WARNING: [9767d514-9719-41f1-bcf4-e743f4aa2bd9] Retry registration with NRF (../lib/sbi/nf-sm.c:279)
08/13 14:32:53.986: [sbi] WARNING: Couldn't resolve host name (6): Could not resolve host: scp (../lib/sbi/client.c:767)
08/13 14:32:53.986: [sbi] WARNING: ogs_sbi_client_handler() failed [-1] (../lib/sbi/path.c:62)
08/13 14:33:04.933: [sbi] WARNING: [9767d514-9719-41f1-bcf4-e743f4aa2bd9] Retry registration with NRF (../lib/sbi/nf-sm.c:279)
08/13 14:33:04.997: [sbi] WARNING: Couldn't resolve host name (6): Could not resolve host: scp (../lib/sbi/client.c:767)
08/13 14:33:04.997: [sbi] WARNING: ogs_sbi_client_handler() failed [-1] (../lib/sbi/path.c:62)
08/13 14:33:15.938: [sbi] WARNING: [9767d514-9719-41f1-bcf4-e743f4aa2bd9] Retry registration with NRF (../lib/sbi/nf-sm.c:279)
08/13 14:33:16.003: [sbi] WARNING: Couldn't resolve host name (6): Could not resolve host: scp (../lib/sbi/client.c:767)
08/13 14:33:16.003: [sbi] WARNING: ogs_sbi_client_handler() failed [-1] (../lib/sbi/path.c:62)
08/13 14:33:26.944: [sbi] WARNING: [9767d514-9719-41f1-bcf4-e743f4aa2bd9] Retry registration with NRF (../lib/sbi/nf-sm.c:279)
08/13 14:33:27.009: [sbi] WARNING: Couldn't resolve host name (6): Could not resolve host: scp (../lib/sbi/client.c:767)
08/13 14:33:27.009: [sbi] WARNING: ogs_sbi_client_handler() failed [-1] (../lib/sbi/path.c:62)
08/13 14:33:37.952: [sbi] WARNING: [9767d514-9719-41f1-bcf4-e743f4aa2bd9] Retry registration with NRF (../lib/sbi/nf-sm.c:279)
08/13 14:33:38.017: [sbi] WARNING: Couldn't resolve host name (6): Could not resolve host: scp (../lib/sbi/client.c:767)
08/13 14:33:38.017: [sbi] WARNING: ogs_sbi_client_handler() failed [-1] (../lib/sbi/path.c:62)
08/13 14:33:48.955: [sbi] WARNING: [9767d514-9719-41f1-bcf4-e743f4aa2bd9] Retry registration with NRF (../lib/sbi/nf-sm.c:279)
08/13 14:33:49.022: [sbi] WARNING: Couldn't resolve host name (6): Could not resolve host: scp (../lib/sbi/client.c:767)
08/13 14:33:49.022: [sbi] WARNING: ogs_sbi_client_handler() failed [-1] (../lib/sbi/path.c:62)
08/13 14:33:59.963: [sbi] WARNING: [9767d514-9719-41f1-bcf4-e743f4aa2bd9] Retry registration with NRF (../lib/sbi/nf-sm.c:279)
08/13 14:34:00.027: [sbi] WARNING: Couldn't resolve host name (6): Could not resolve host: scp (../lib/sbi/client.c:767)
08/13 14:34:00.027: [sbi] WARNING: ogs_sbi_client_handler() failed [-1] (../lib/sbi/path.c:62)
08/13 14:34:10.971: [sbi] WARNING: [9767d514-9719-41f1-bcf4-e743f4aa2bd9] Retry registration with NRF (../lib/sbi/nf-sm.c:279)
08/13 14:34:11.035: [sbi] WARNING: Couldn't resolve host name (6): Could not resolve host: scp (../lib/sbi/client.c:767)
08/13 14:34:11.035: [sbi] WARNING: ogs_sbi_client_handler() failed [-1] (../lib/sbi/path.c:62)
08/13 14:34:21.982: [sbi] WARNING: [9767d514-9719-41f1-bcf4-e743f4aa2bd9] Retry registration with NRF (../lib/sbi/nf-sm.c:279)
08/13 14:34:22.047: [sbi] WARNING: Couldn't resolve host name (6): Could not resolve host: scp (../lib/sbi/client.c:767)
08/13 14:34:22.047: [sbi] WARNING: ogs_sbi_client_handler() failed [-1] (../lib/sbi/path.c:62)
08/13 14:34:32.994: [sbi] WARNING: [9767d514-9719-41f1-bcf4-e743f4aa2bd9] Retry registration with NRF (../lib/sbi/nf-sm.c:279)
08/13 14:34:33.058: [sbi] WARNING: Couldn't resolve host name (6): Could not resolve host: scp (../lib/sbi/client.c:767)
08/13 14:34:33.058: [sbi] WARNING: ogs_sbi_client_handler() failed [-1] (../lib/sbi/path.c:62)
08/13 14:34:44.003: [sbi] WARNING: [9767d514-9719-41f1-bcf4-e743f4aa2bd9] Retry registration with NRF (../lib/sbi/nf-sm.c:279)
08/13 14:34:44.068: [sbi] WARNING: Couldn't resolve host name (6): Could not resolve host: scp (../lib/sbi/client.c:767)
08/13 14:34:44.068: [sbi] WARNING: ogs_sbi_client_handler() failed [-1] (../lib/sbi/path.c:62)
08/13 14:34:55.013: [sbi] WARNING: [9767d514-9719-41f1-bcf4-e743f4aa2bd9] Retry registration with NRF (../lib/sbi/nf-sm.c:279)
08/13 14:34:55.078: [sbi] WARNING: Couldn't resolve host name (6): Could not resolve host: scp (../lib/sbi/client.c:767)
08/13 14:34:55.078: [sbi] WARNING: ogs_sbi_client_handler() failed [-1] (../lib/sbi/path.c:62)
08/13 14:35:06.017: [sbi] WARNING: [9767d514-9719-41f1-bcf4-e743f4aa2bd9] Retry registration with NRF (../lib/sbi/nf-sm.c:279)
08/13 14:35:06.083: [sbi] WARNING: Couldn't resolve host name (6): Could not resolve host: scp (../lib/sbi/client.c:767)
08/13 14:35:06.083: [sbi] WARNING: ogs_sbi_client_handler() failed [-1] (../lib/sbi/path.c:62)
08/13 14:35:17.028: [sbi] WARNING: [9767d514-9719-41f1-bcf4-e743f4aa2bd9] Retry registration with NRF (../lib/sbi/nf-sm.c:279)
08/13 14:35:17.093: [sbi] WARNING: Couldn't resolve host name (6): Could not resolve host: scp (../lib/sbi/client.c:767)
08/13 14:35:17.093: [sbi] WARNING: ogs_sbi_client_handler() failed [-1] (../lib/sbi/path.c:62)
08/13 14:35:28.038: [sbi] WARNING: [9767d514-9719-41f1-bcf4-e743f4aa2bd9] Retry registration with NRF (../lib/sbi/nf-sm.c:279)
08/13 14:35:28.114: [sbi] WARNING: Couldn't resolve host name (6): Could not resolve host: scp (../lib/sbi/client.c:767)
08/13 14:35:28.114: [sbi] WARNING: ogs_sbi_client_handler() failed [-1] (../lib/sbi/path.c:62)
08/13 14:35:39.049: [sbi] WARNING: [9767d514-9719-41f1-bcf4-e743f4aa2bd9] Retry registration with NRF (../lib/sbi/nf-sm.c:279)
08/13 14:35:39.116: [sbi] WARNING: Couldn't resolve host name (6): Could not resolve host: scp (../lib/sbi/client.c:767)
08/13 14:35:39.117: [sbi] WARNING: ogs_sbi_client_handler() failed [-1] (../lib/sbi/path.c:62)
08/13 14:35:50.061: [sbi] WARNING: [9767d514-9719-41f1-bcf4-e743f4aa2bd9] Retry registration with NRF (../lib/sbi/nf-sm.c:279)
08/13 14:35:50.128: [sbi] WARNING: Couldn't resolve host name (6): Could not resolve host: scp (../lib/sbi/client.c:767)
08/13 14:35:50.128: [sbi] WARNING: ogs_sbi_client_handler() failed [-1] (../lib/sbi/path.c:62)
08/13 14:36:01.072: [sbi] WARNING: [9767d514-9719-41f1-bcf4-e743f4aa2bd9] Retry registration with NRF (../lib/sbi/nf-sm.c:279)
08/13 14:36:01.136: [sbi] WARNING: Couldn't resolve host name (6): Could not resolve host: scp (../lib/sbi/client.c:767)
08/13 14:36:01.136: [sbi] WARNING: ogs_sbi_client_handler() failed [-1] (../lib/sbi/path.c:62)
08/13 14:36:12.081: [sbi] WARNING: [9767d514-9719-41f1-bcf4-e743f4aa2bd9] Retry registration with NRF (../lib/sbi/nf-sm.c:279)
08/13 14:36:12.147: [sbi] WARNING: Couldn't resolve host name (6): Could not resolve host: scp (../lib/sbi/client.c:767)
08/13 14:36:12.147: [sbi] WARNING: ogs_sbi_client_handler() failed [-1] (../lib/sbi/path.c:62)
08/13 14:36:23.086: [sbi] WARNING: [9767d514-9719-41f1-bcf4-e743f4aa2bd9] Retry registration with NRF (../lib/sbi/nf-sm.c:279)
08/13 14:36:23.149: [sbi] WARNING: Couldn't resolve host name (6): Could not resolve host: scp (../lib/sbi/client.c:767)
08/13 14:36:23.149: [sbi] WARNING: ogs_sbi_client_handler() failed [-1] (../lib/sbi/path.c:62)
08/13 14:36:34.091: [sbi] WARNING: [9767d514-9719-41f1-bcf4-e743f4aa2bd9] Retry registration with NRF (../lib/sbi/nf-sm.c:279)
08/13 14:36:34.157: [sbi] WARNING: Couldn't resolve host name (6): Could not resolve host: scp (../lib/sbi/client.c:767)
08/13 14:36:34.157: [sbi] WARNING: ogs_sbi_client_handler() failed [-1] (../lib/sbi/path.c:62)
08/13 14:36:45.102: [sbi] WARNING: [9767d514-9719-41f1-bcf4-e743f4aa2bd9] Retry registration with NRF (../lib/sbi/nf-sm.c:279)
08/13 14:36:45.168: [sbi] WARNING: Couldn't resolve host name (6): Could not resolve host: scp (../lib/sbi/client.c:767)
08/13 14:36:45.168: [sbi] WARNING: ogs_sbi_client_handler() failed [-1] (../lib/sbi/path.c:62)
08/13 14:36:56.114: [sbi] WARNING: [9767d514-9719-41f1-bcf4-e743f4aa2bd9] Retry registration with NRF (../lib/sbi/nf-sm.c:279)
08/13 14:36:56.179: [sbi] WARNING: Couldn't resolve host name (6): Could not resolve host: scp (../lib/sbi/client.c:767)
08/13 14:36:56.179: [sbi] WARNING: ogs_sbi_client_handler() failed [-1] (../lib/sbi/path.c:62)
08/13 14:37:07.124: [sbi] WARNING: [9767d514-9719-41f1-bcf4-e743f4aa2bd9] Retry registration with NRF (../lib/sbi/nf-sm.c:279)
08/13 14:37:07.189: [sbi] WARNING: Couldn't resolve host name (6): Could not resolve host: scp (../lib/sbi/client.c:767)
08/13 14:37:07.189: [sbi] WARNING: ogs_sbi_client_handler() failed [-1] (../lib/sbi/path.c:62)
08/13 14:37:18.126: [sbi] WARNING: [9767d514-9719-41f1-bcf4-e743f4aa2bd9] Retry registration with NRF (../lib/sbi/nf-sm.c:279)
08/13 14:37:18.192: [sbi] WARNING: Couldn't resolve host name (6): Could not resolve host: scp (../lib/sbi/client.c:767)
08/13 14:37:18.192: [sbi] WARNING: ogs_sbi_client_handler() failed [-1] (../lib/sbi/path.c:62)
08/13 14:37:29.130: [sbi] WARNING: [9767d514-9719-41f1-bcf4-e743f4aa2bd9] Retry registration with NRF (../lib/sbi/nf-sm.c:279)
08/13 14:37:29.195: [sbi] WARNING: Couldn't resolve host name (6): Could not resolve host: scp (../lib/sbi/client.c:767)
08/13 14:37:29.195: [sbi] WARNING: ogs_sbi_client_handler() failed [-1] (../lib/sbi/path.c:62)
08/13 14:37:40.142: [sbi] WARNING: [9767d514-9719-41f1-bcf4-e743f4aa2bd9] Retry registration with NRF (../lib/sbi/nf-sm.c:279)
08/13 14:37:40.207: [sbi] WARNING: Couldn't resolve host name (6): Could not resolve host: scp (../lib/sbi/client.c:767)
08/13 14:37:40.207: [sbi] WARNING: ogs_sbi_client_handler() failed [-1] (../lib/sbi/path.c:62)
08/13 14:37:51.152: [sbi] WARNING: [9767d514-9719-41f1-bcf4-e743f4aa2bd9] Retry registration with NRF (../lib/sbi/nf-sm.c:279)
08/13 14:37:51.217: [sbi] WARNING: Couldn't resolve host name (6): Could not resolve host: scp (../lib/sbi/client.c:767)
08/13 14:37:51.217: [sbi] WARNING: ogs_sbi_client_handler() failed [-1] (../lib/sbi/path.c:62)
08/13 14:38:02.163: [sbi] WARNING: [9767d514-9719-41f1-bcf4-e743f4aa2bd9] Retry registration with NRF (../lib/sbi/nf-sm.c:279)
08/13 14:38:02.228: [sbi] WARNING: Couldn't resolve host name (6): Could not resolve host: scp (../lib/sbi/client.c:767)
08/13 14:38:02.228: [sbi] WARNING: ogs_sbi_client_handler() failed [-1] (../lib/sbi/path.c:62)
08/13 14:38:13.169: [sbi] WARNING: [9767d514-9719-41f1-bcf4-e743f4aa2bd9] Retry registration with NRF (../lib/sbi/nf-sm.c:279)
08/13 14:38:13.234: [sbi] WARNING: Couldn't resolve host name (6): Could not resolve host: scp (../lib/sbi/client.c:767)
08/13 14:38:13.234: [sbi] WARNING: ogs_sbi_client_handler() failed [-1] (../lib/sbi/path.c:62)
08/13 14:38:24.171: [sbi] WARNING: [9767d514-9719-41f1-bcf4-e743f4aa2bd9] Retry registration with NRF (../lib/sbi/nf-sm.c:279)
08/13 14:38:24.236: [sbi] WARNING: Couldn't resolve host name (6): Could not resolve host: scp (../lib/sbi/client.c:767)
08/13 14:38:24.236: [sbi] WARNING: ogs_sbi_client_handler() failed [-1] (../lib/sbi/path.c:62)
08/13 14:38:35.174: [sbi] WARNING: [9767d514-9719-41f1-bcf4-e743f4aa2bd9] Retry registration with NRF (../lib/sbi/nf-sm.c:279)
08/13 14:38:35.239: [sbi] WARNING: Couldn't resolve host name (6): Could not resolve host: scp (../lib/sbi/client.c:767)
08/13 14:38:35.239: [sbi] WARNING: ogs_sbi_client_handler() failed [-1] (../lib/sbi/path.c:62)
08/13 14:38:46.181: [sbi] WARNING: [9767d514-9719-41f1-bcf4-e743f4aa2bd9] Retry registration with NRF (../lib/sbi/nf-sm.c:279)
08/13 14:38:46.246: [sbi] WARNING: Couldn't resolve host name (6): Could not resolve host: scp (../lib/sbi/client.c:767)
08/13 14:38:46.246: [sbi] WARNING: ogs_sbi_client_handler() failed [-1] (../lib/sbi/path.c:62)
08/13 14:38:57.183: [sbi] WARNING: [9767d514-9719-41f1-bcf4-e743f4aa2bd9] Retry registration with NRF (../lib/sbi/nf-sm.c:279)
08/13 14:38:57.248: [sbi] WARNING: Couldn't resolve host name (6): Could not resolve host: scp (../lib/sbi/client.c:767)
08/13 14:38:57.248: [sbi] WARNING: ogs_sbi_client_handler() failed [-1] (../lib/sbi/path.c:62)
08/13 14:39:08.185: [sbi] WARNING: [9767d514-9719-41f1-bcf4-e743f4aa2bd9] Retry registration with NRF (../lib/sbi/nf-sm.c:279)
08/13 14:39:08.250: [sbi] WARNING: Couldn't resolve host name (6): Could not resolve host: scp (../lib/sbi/client.c:767)
08/13 14:39:08.250: [sbi] WARNING: ogs_sbi_client_handler() failed [-1] (../lib/sbi/path.c:62)
08/13 14:39:19.195: [sbi] WARNING: [9767d514-9719-41f1-bcf4-e743f4aa2bd9] Retry registration with NRF (../lib/sbi/nf-sm.c:279)
08/13 14:39:19.260: [sbi] WARNING: Couldn't resolve host name (6): Could not resolve host: scp (../lib/sbi/client.c:767)
08/13 14:39:19.260: [sbi] WARNING: ogs_sbi_client_handler() failed [-1] (../lib/sbi/path.c:62)
08/13 14:39:30.205: [sbi] WARNING: [9767d514-9719-41f1-bcf4-e743f4aa2bd9] Retry registration with NRF (../lib/sbi/nf-sm.c:279)
08/13 14:39:30.270: [sbi] WARNING: Couldn't resolve host name (6): Could not resolve host: scp (../lib/sbi/client.c:767)
08/13 14:39:30.270: [sbi] WARNING: ogs_sbi_client_handler() failed [-1] (../lib/sbi/path.c:62)
08/13 14:39:41.216: [sbi] WARNING: [9767d514-9719-41f1-bcf4-e743f4aa2bd9] Retry registration with NRF (../lib/sbi/nf-sm.c:279)
08/13 14:39:41.280: [sbi] WARNING: Couldn't resolve host name (6): Could not resolve host: scp (../lib/sbi/client.c:767)
08/13 14:39:41.280: [sbi] WARNING: ogs_sbi_client_handler() failed [-1] (../lib/sbi/path.c:62)
08/13 14:39:52.225: [sbi] WARNING: [9767d514-9719-41f1-bcf4-e743f4aa2bd9] Retry registration with NRF (../lib/sbi/nf-sm.c:279)
08/13 14:39:52.294: [sbi] WARNING: Couldn't resolve host name (6): Could not resolve host: scp (../lib/sbi/client.c:767)
08/13 14:39:52.294: [sbi] WARNING: ogs_sbi_client_handler() failed [-1] (../lib/sbi/path.c:62)
08/13 14:40:03.235: [sbi] WARNING: [9767d514-9719-41f1-bcf4-e743f4aa2bd9] Retry registration with NRF (../lib/sbi/nf-sm.c:279)
08/13 14:40:03.301: [sbi] WARNING: Couldn't resolve host name (6): Could not resolve host: scp (../lib/sbi/client.c:767)
08/13 14:40:03.301: [sbi] WARNING: ogs_sbi_client_handler() failed [-1] (../lib/sbi/path.c:62)
08/13 14:40:14.246: [sbi] WARNING: [9767d514-9719-41f1-bcf4-e743f4aa2bd9] Retry registration with NRF (../lib/sbi/nf-sm.c:279)
08/13 14:40:14.311: [sbi] WARNING: Couldn't resolve host name (6): Could not resolve host: scp (../lib/sbi/client.c:767)
08/13 14:40:14.311: [sbi] WARNING: ogs_sbi_client_handler() failed [-1] (../lib/sbi/path.c:62)
08/13 14:40:25.247: [sbi] WARNING: [9767d514-9719-41f1-bcf4-e743f4aa2bd9] Retry registration with NRF (../lib/sbi/nf-sm.c:279)
08/13 14:40:25.311: [sbi] WARNING: Couldn't resolve host name (6): Could not resolve host: scp (../lib/sbi/client.c:767)
08/13 14:40:25.311: [sbi] WARNING: ogs_sbi_client_handler() failed [-1] (../lib/sbi/path.c:62)
08/13 14:40:36.259: [sbi] WARNING: [9767d514-9719-41f1-bcf4-e743f4aa2bd9] Retry registration with NRF (../lib/sbi/nf-sm.c:279)
08/13 14:40:36.325: [sbi] WARNING: Couldn't resolve host name (6): Could not resolve host: scp (../lib/sbi/client.c:767)
08/13 14:40:36.325: [sbi] WARNING: ogs_sbi_client_handler() failed [-1] (../lib/sbi/path.c:62)
08/13 14:40:47.263: [sbi] WARNING: [9767d514-9719-41f1-bcf4-e743f4aa2bd9] Retry registration with NRF (../lib/sbi/nf-sm.c:279)
08/13 14:40:47.327: [sbi] WARNING: Couldn't resolve host name (6): Could not resolve host: scp (../lib/sbi/client.c:767)
08/13 14:40:47.327: [sbi] WARNING: ogs_sbi_client_handler() failed [-1] (../lib/sbi/path.c:62)
08/13 14:40:58.275: [sbi] WARNING: [9767d514-9719-41f1-bcf4-e743f4aa2bd9] Retry registration with NRF (../lib/sbi/nf-sm.c:279)
08/13 14:40:58.338: [sbi] WARNING: Couldn't resolve host name (6): Could not resolve host: scp (../lib/sbi/client.c:767)
08/13 14:40:58.338: [sbi] WARNING: ogs_sbi_client_handler() failed [-1] (../lib/sbi/path.c:62)
08/13 14:41:09.286: [sbi] WARNING: [9767d514-9719-41f1-bcf4-e743f4aa2bd9] Retry registration with NRF (../lib/sbi/nf-sm.c:279)
08/13 14:41:09.350: [sbi] WARNING: Couldn't resolve host name (6): Could not resolve host: scp (../lib/sbi/client.c:767)
08/13 14:41:09.350: [sbi] WARNING: ogs_sbi_client_handler() failed [-1] (../lib/sbi/path.c:62)
08/13 14:41:20.297: [sbi] WARNING: [9767d514-9719-41f1-bcf4-e743f4aa2bd9] Retry registration with NRF (../lib/sbi/nf-sm.c:279)
08/13 14:41:20.362: [sbi] WARNING: Couldn't resolve host name (6): Could not resolve host: scp (../lib/sbi/client.c:767)
08/13 14:41:20.362: [sbi] WARNING: ogs_sbi_client_handler() failed [-1] (../lib/sbi/path.c:62)
08/13 14:41:31.302: [sbi] WARNING: [9767d514-9719-41f1-bcf4-e743f4aa2bd9] Retry registration with NRF (../lib/sbi/nf-sm.c:279)
08/13 14:41:31.367: [sbi] WARNING: Couldn't resolve host name (6): Could not resolve host: scp (../lib/sbi/client.c:767)
08/13 14:41:31.367: [sbi] WARNING: ogs_sbi_client_handler() failed [-1] (../lib/sbi/path.c:62)
08/13 14:41:42.313: [sbi] WARNING: [9767d514-9719-41f1-bcf4-e743f4aa2bd9] Retry registration with NRF (../lib/sbi/nf-sm.c:279)
08/13 14:41:42.378: [sbi] WARNING: Couldn't resolve host name (6): Could not resolve host: scp (../lib/sbi/client.c:767)
08/13 14:41:42.378: [sbi] WARNING: ogs_sbi_client_handler() failed [-1] (../lib/sbi/path.c:62)
08/13 14:41:53.324: [sbi] WARNING: [9767d514-9719-41f1-bcf4-e743f4aa2bd9] Retry registration with NRF (../lib/sbi/nf-sm.c:279)
08/13 14:41:53.388: [sbi] WARNING: Couldn't resolve host name (6): Could not resolve host: scp (../lib/sbi/client.c:767)
08/13 14:41:53.388: [sbi] WARNING: ogs_sbi_client_handler() failed [-1] (../lib/sbi/path.c:62)
08/13 14:42:04.332: [sbi] WARNING: [9767d514-9719-41f1-bcf4-e743f4aa2bd9] Retry registration with NRF (../lib/sbi/nf-sm.c:279)
08/13 14:42:04.398: [sbi] WARNING: Couldn't resolve host name (6): Could not resolve host: scp (../lib/sbi/client.c:767)
08/13 14:42:04.398: [sbi] WARNING: ogs_sbi_client_handler() failed [-1] (../lib/sbi/path.c:62)
08/13 14:42:15.344: [sbi] WARNING: [9767d514-9719-41f1-bcf4-e743f4aa2bd9] Retry registration with NRF (../lib/sbi/nf-sm.c:279)
08/13 14:42:15.409: [sbi] WARNING: Couldn't resolve host name (6): Could not resolve host: scp (../lib/sbi/client.c:767)
08/13 14:42:15.409: [sbi] WARNING: ogs_sbi_client_handler() failed [-1] (../lib/sbi/path.c:62)
08/13 14:42:26.354: [sbi] WARNING: [9767d514-9719-41f1-bcf4-e743f4aa2bd9] Retry registration with NRF (../lib/sbi/nf-sm.c:279)
08/13 14:42:26.419: [sbi] WARNING: Couldn't resolve host name (6): Could not resolve host: scp (../lib/sbi/client.c:767)
08/13 14:42:26.419: [sbi] WARNING: ogs_sbi_client_handler() failed [-1] (../lib/sbi/path.c:62)
08/13 14:42:37.366: [sbi] WARNING: [9767d514-9719-41f1-bcf4-e743f4aa2bd9] Retry registration with NRF (../lib/sbi/nf-sm.c:279)
08/13 14:42:37.431: [sbi] WARNING: Couldn't resolve host name (6): Could not resolve host: scp (../lib/sbi/client.c:767)
08/13 14:42:37.431: [sbi] WARNING: ogs_sbi_client_handler() failed [-1] (../lib/sbi/path.c:62)
08/13 14:42:48.378: [sbi] WARNING: [9767d514-9719-41f1-bcf4-e743f4aa2bd9] Retry registration with NRF (../lib/sbi/nf-sm.c:279)
08/13 14:42:48.442: [sbi] WARNING: Couldn't resolve host name (6): Could not resolve host: scp (../lib/sbi/client.c:767)
08/13 14:42:48.442: [sbi] WARNING: ogs_sbi_client_handler() failed [-1] (../lib/sbi/path.c:62)
08/13 14:42:59.383: [sbi] WARNING: [9767d514-9719-41f1-bcf4-e743f4aa2bd9] Retry registration with NRF (../lib/sbi/nf-sm.c:279)
08/13 14:42:59.448: [sbi] WARNING: Couldn't resolve host name (6): Could not resolve host: scp (../lib/sbi/client.c:767)
08/13 14:42:59.448: [sbi] WARNING: ogs_sbi_client_handler() failed [-1] (../lib/sbi/path.c:62)
08/13 14:43:10.392: [sbi] WARNING: [9767d514-9719-41f1-bcf4-e743f4aa2bd9] Retry registration with NRF (../lib/sbi/nf-sm.c:279)
08/13 14:43:10.457: [sbi] WARNING: Couldn't resolve host name (6): Could not resolve host: scp (../lib/sbi/client.c:767)
08/13 14:43:10.457: [sbi] WARNING: ogs_sbi_client_handler() failed [-1] (../lib/sbi/path.c:62)
08/13 14:43:21.403: [sbi] WARNING: [9767d514-9719-41f1-bcf4-e743f4aa2bd9] Retry registration with NRF (../lib/sbi/nf-sm.c:279)
08/13 14:43:21.467: [sbi] WARNING: Couldn't resolve host name (6): Could not resolve host: scp (../lib/sbi/client.c:767)
08/13 14:43:21.467: [sbi] WARNING: ogs_sbi_client_handler() failed [-1] (../lib/sbi/path.c:62)
08/13 14:43:32.415: [sbi] WARNING: [9767d514-9719-41f1-bcf4-e743f4aa2bd9] Retry registration with NRF (../lib/sbi/nf-sm.c:279)
08/13 14:43:32.483: [sbi] WARNING: Couldn't resolve host name (6): Could not resolve host: scp (../lib/sbi/client.c:767)
08/13 14:43:32.483: [sbi] WARNING: ogs_sbi_client_handler() failed [-1] (../lib/sbi/path.c:62)
08/13 14:43:43.427: [sbi] WARNING: [9767d514-9719-41f1-bcf4-e743f4aa2bd9] Retry registration with NRF (../lib/sbi/nf-sm.c:279)
08/13 14:43:43.509: [sbi] WARNING: Couldn't resolve host name (6): Could not resolve host: scp (../lib/sbi/client.c:767)
08/13 14:43:43.509: [sbi] WARNING: ogs_sbi_client_handler() failed [-1] (../lib/sbi/path.c:62)
08/13 14:43:54.437: [sbi] WARNING: [9767d514-9719-41f1-bcf4-e743f4aa2bd9] Retry registration with NRF (../lib/sbi/nf-sm.c:279)
08/13 14:43:54.502: [sbi] WARNING: Couldn't resolve host name (6): Could not resolve host: scp (../lib/sbi/client.c:767)
08/13 14:43:54.502: [sbi] WARNING: ogs_sbi_client_handler() failed [-1] (../lib/sbi/path.c:62)
08/13 14:44:05.449: [sbi] WARNING: [9767d514-9719-41f1-bcf4-e743f4aa2bd9] Retry registration with NRF (../lib/sbi/nf-sm.c:279)
08/13 14:44:05.515: [sbi] WARNING: Couldn't resolve host name (6): Could not resolve host: scp (../lib/sbi/client.c:767)
08/13 14:44:05.516: [sbi] WARNING: ogs_sbi_client_handler() failed [-1] (../lib/sbi/path.c:62)
08/13 14:44:16.455: [sbi] WARNING: [9767d514-9719-41f1-bcf4-e743f4aa2bd9] Retry registration with NRF (../lib/sbi/nf-sm.c:279)
08/13 14:44:16.521: [sbi] WARNING: Couldn't resolve host name (6): Could not resolve host: scp (../lib/sbi/client.c:767)
08/13 14:44:16.521: [sbi] WARNING: ogs_sbi_client_handler() failed [-1] (../lib/sbi/path.c:62)
08/13 14:44:27.466: [sbi] WARNING: [9767d514-9719-41f1-bcf4-e743f4aa2bd9] Retry registration with NRF (../lib/sbi/nf-sm.c:279)
08/13 14:44:27.500: [sbi] WARNING: Couldn't resolve host name (6): Could not resolve host: scp (../lib/sbi/client.c:767)
08/13 14:44:27.501: [sbi] WARNING: ogs_sbi_client_handler() failed [-1] (../lib/sbi/path.c:62)
08/13 14:44:38.471: [sbi] WARNING: [9767d514-9719-41f1-bcf4-e743f4aa2bd9] Retry registration with NRF (../lib/sbi/nf-sm.c:279)
08/13 14:44:38.536: [sbi] WARNING: Couldn't resolve host name (6): Could not resolve host: scp (../lib/sbi/client.c:767)
08/13 14:44:38.537: [sbi] WARNING: ogs_sbi_client_handler() failed [-1] (../lib/sbi/path.c:62)
08/13 14:44:49.483: [sbi] WARNING: [9767d514-9719-41f1-bcf4-e743f4aa2bd9] Retry registration with NRF (../lib/sbi/nf-sm.c:279)
08/13 14:44:49.550: [sbi] WARNING: Couldn't resolve host name (6): Could not resolve host: scp (../lib/sbi/client.c:767)
08/13 14:44:49.550: [sbi] WARNING: ogs_sbi_client_handler() failed [-1] (../lib/sbi/path.c:62)
08/13 14:45:00.489: [sbi] WARNING: [9767d514-9719-41f1-bcf4-e743f4aa2bd9] Retry registration with NRF (../lib/sbi/nf-sm.c:279)
08/13 14:45:00.553: [sbi] WARNING: Couldn't resolve host name (6): Could not resolve host: scp (../lib/sbi/client.c:767)
08/13 14:45:00.553: [sbi] WARNING: ogs_sbi_client_handler() failed [-1] (../lib/sbi/path.c:62)
08/13 14:45:11.499: [sbi] WARNING: [9767d514-9719-41f1-bcf4-e743f4aa2bd9] Retry registration with NRF (../lib/sbi/nf-sm.c:279)
08/13 14:45:11.564: [sbi] WARNING: Couldn't resolve host name (6): Could not resolve host: scp (../lib/sbi/client.c:767)
08/13 14:45:11.564: [sbi] WARNING: ogs_sbi_client_handler() failed [-1] (../lib/sbi/path.c:62)
08/13 14:45:22.508: [sbi] WARNING: [9767d514-9719-41f1-bcf4-e743f4aa2bd9] Retry registration with NRF (../lib/sbi/nf-sm.c:279)
08/13 14:45:22.573: [sbi] WARNING: Couldn't resolve host name (6): Could not resolve host: scp (../lib/sbi/client.c:767)
08/13 14:45:22.573: [sbi] WARNING: ogs_sbi_client_handler() failed [-1] (../lib/sbi/path.c:62)
08/13 14:45:33.519: [sbi] WARNING: [9767d514-9719-41f1-bcf4-e743f4aa2bd9] Retry registration with NRF (../lib/sbi/nf-sm.c:279)
08/13 14:45:33.585: [sbi] WARNING: Couldn't resolve host name (6): Could not resolve host: scp (../lib/sbi/client.c:767)
08/13 14:45:33.585: [sbi] WARNING: ogs_sbi_client_handler() failed [-1] (../lib/sbi/path.c:62)
08/13 14:45:44.530: [sbi] WARNING: [9767d514-9719-41f1-bcf4-e743f4aa2bd9] Retry registration with NRF (../lib/sbi/nf-sm.c:279)
08/13 14:45:44.594: [sbi] WARNING: Couldn't resolve host name (6): Could not resolve host: scp (../lib/sbi/client.c:767)
08/13 14:45:44.594: [sbi] WARNING: ogs_sbi_client_handler() failed [-1] (../lib/sbi/path.c:62)
08/13 14:45:55.540: [sbi] WARNING: [9767d514-9719-41f1-bcf4-e743f4aa2bd9] Retry registration with NRF (../lib/sbi/nf-sm.c:279)
08/13 14:45:55.605: [sbi] WARNING: Couldn't resolve host name (6): Could not resolve host: scp (../lib/sbi/client.c:767)
08/13 14:45:55.605: [sbi] WARNING: ogs_sbi_client_handler() failed [-1] (../lib/sbi/path.c:62)
08/13 14:46:06.551: [sbi] WARNING: [9767d514-9719-41f1-bcf4-e743f4aa2bd9] Retry registration with NRF (../lib/sbi/nf-sm.c:279)
08/13 14:46:06.616: [sbi] WARNING: Couldn't resolve host name (6): Could not resolve host: scp (../lib/sbi/client.c:767)
08/13 14:46:06.616: [sbi] WARNING: ogs_sbi_client_handler() failed [-1] (../lib/sbi/path.c:62)
08/13 14:46:17.562: [sbi] WARNING: [9767d514-9719-41f1-bcf4-e743f4aa2bd9] Retry registration with NRF (../lib/sbi/nf-sm.c:279)
08/13 14:46:17.626: [sbi] WARNING: Couldn't resolve host name (6): Could not resolve host: scp (../lib/sbi/client.c:767)
08/13 14:46:17.626: [sbi] WARNING: ogs_sbi_client_handler() failed [-1] (../lib/sbi/path.c:62)
08/13 14:46:28.570: [sbi] WARNING: [9767d514-9719-41f1-bcf4-e743f4aa2bd9] Retry registration with NRF (../lib/sbi/nf-sm.c:279)
08/13 14:46:28.635: [sbi] WARNING: Couldn't resolve host name (6): Could not resolve host: scp (../lib/sbi/client.c:767)
08/13 14:46:28.636: [sbi] WARNING: ogs_sbi_client_handler() failed [-1] (../lib/sbi/path.c:62)
08/13 14:46:39.582: [sbi] WARNING: [9767d514-9719-41f1-bcf4-e743f4aa2bd9] Retry registration with NRF (../lib/sbi/nf-sm.c:279)
08/13 14:46:39.647: [sbi] WARNING: Couldn't resolve host name (6): Could not resolve host: scp (../lib/sbi/client.c:767)
08/13 14:46:39.647: [sbi] WARNING: ogs_sbi_client_handler() failed [-1] (../lib/sbi/path.c:62)
08/13 14:46:50.591: [sbi] WARNING: [9767d514-9719-41f1-bcf4-e743f4aa2bd9] Retry registration with NRF (../lib/sbi/nf-sm.c:279)
08/13 14:46:50.657: [sbi] WARNING: Couldn't resolve host name (6): Could not resolve host: scp (../lib/sbi/client.c:767)
08/13 14:46:50.657: [sbi] WARNING: ogs_sbi_client_handler() failed [-1] (../lib/sbi/path.c:62)
08/13 14:47:01.603: [sbi] WARNING: [9767d514-9719-41f1-bcf4-e743f4aa2bd9] Retry registration with NRF (../lib/sbi/nf-sm.c:279)
08/13 14:47:01.667: [sbi] WARNING: Couldn't resolve host name (6): Could not resolve host: scp (../lib/sbi/client.c:767)
08/13 14:47:01.667: [sbi] WARNING: ogs_sbi_client_handler() failed [-1] (../lib/sbi/path.c:62)
08/13 14:47:12.613: [sbi] WARNING: [9767d514-9719-41f1-bcf4-e743f4aa2bd9] Retry registration with NRF (../lib/sbi/nf-sm.c:279)
08/13 14:47:12.677: [sbi] WARNING: Couldn't resolve host name (6): Could not resolve host: scp (../lib/sbi/client.c:767)
08/13 14:47:12.677: [sbi] WARNING: ogs_sbi_client_handler() failed [-1] (../lib/sbi/path.c:62)
08/13 14:47:23.624: [sbi] WARNING: [9767d514-9719-41f1-bcf4-e743f4aa2bd9] Retry registration with NRF (../lib/sbi/nf-sm.c:279)
08/13 14:47:23.690: [sbi] WARNING: Couldn't resolve host name (6): Could not resolve host: scp (../lib/sbi/client.c:767)
08/13 14:47:23.690: [sbi] WARNING: ogs_sbi_client_handler() failed [-1] (../lib/sbi/path.c:62)
08/13 14:47:34.636: [sbi] WARNING: [9767d514-9719-41f1-bcf4-e743f4aa2bd9] Retry registration with NRF (../lib/sbi/nf-sm.c:279)
08/13 14:47:34.702: [sbi] WARNING: Couldn't resolve host name (6): Could not resolve host: scp (../lib/sbi/client.c:767)
08/13 14:47:34.702: [sbi] WARNING: ogs_sbi_client_handler() failed [-1] (../lib/sbi/path.c:62)
08/13 14:47:45.648: [sbi] WARNING: [9767d514-9719-41f1-bcf4-e743f4aa2bd9] Retry registration with NRF (../lib/sbi/nf-sm.c:279)
08/13 14:47:45.713: [sbi] WARNING: Couldn't resolve host name (6): Could not resolve host: scp (../lib/sbi/client.c:767)
08/13 14:47:45.713: [sbi] WARNING: ogs_sbi_client_handler() failed [-1] (../lib/sbi/path.c:62)
08/13 14:47:56.660: [sbi] WARNING: [9767d514-9719-41f1-bcf4-e743f4aa2bd9] Retry registration with NRF (../lib/sbi/nf-sm.c:279)
08/13 14:47:56.726: [sbi] WARNING: Couldn't resolve host name (6): Could not resolve host: scp (../lib/sbi/client.c:767)
08/13 14:47:56.726: [sbi] WARNING: ogs_sbi_client_handler() failed [-1] (../lib/sbi/path.c:62)
08/13 14:48:07.672: [sbi] WARNING: [9767d514-9719-41f1-bcf4-e743f4aa2bd9] Retry registration with NRF (../lib/sbi/nf-sm.c:279)
08/13 14:48:07.738: [sbi] WARNING: Couldn't resolve host name (6): Could not resolve host: scp (../lib/sbi/client.c:767)
08/13 14:48:07.738: [sbi] WARNING: ogs_sbi_client_handler() failed [-1] (../lib/sbi/path.c:62)
08/13 14:48:18.684: [sbi] WARNING: [9767d514-9719-41f1-bcf4-e743f4aa2bd9] Retry registration with NRF (../lib/sbi/nf-sm.c:279)
08/13 14:48:18.748: [sbi] WARNING: Couldn't resolve host name (6): Could not resolve host: scp (../lib/sbi/client.c:767)
08/13 14:48:18.748: [sbi] WARNING: ogs_sbi_client_handler() failed [-1] (../lib/sbi/path.c:62)
08/13 14:48:29.688: [sbi] WARNING: [9767d514-9719-41f1-bcf4-e743f4aa2bd9] Retry registration with NRF (../lib/sbi/nf-sm.c:279)
08/13 14:48:29.755: [sbi] WARNING: Couldn't resolve host name (6): Could not resolve host: scp (../lib/sbi/client.c:767)
08/13 14:48:29.755: [sbi] WARNING: ogs_sbi_client_handler() failed [-1] (../lib/sbi/path.c:62)
08/13 14:48:40.699: [sbi] WARNING: [9767d514-9719-41f1-bcf4-e743f4aa2bd9] Retry registration with NRF (../lib/sbi/nf-sm.c:279)
08/13 14:48:40.763: [sbi] WARNING: Couldn't resolve host name (6): Could not resolve host: scp (../lib/sbi/client.c:767)
08/13 14:48:40.763: [sbi] WARNING: ogs_sbi_client_handler() failed [-1] (../lib/sbi/path.c:62)
08/13 14:48:51.700: [sbi] WARNING: [9767d514-9719-41f1-bcf4-e743f4aa2bd9] Retry registration with NRF (../lib/sbi/nf-sm.c:279)
08/13 14:48:51.765: [sbi] WARNING: Couldn't resolve host name (6): Could not resolve host: scp (../lib/sbi/client.c:767)
08/13 14:48:51.765: [sbi] WARNING: ogs_sbi_client_handler() failed [-1] (../lib/sbi/path.c:62)
08/13 14:49:02.706: [sbi] WARNING: [9767d514-9719-41f1-bcf4-e743f4aa2bd9] Retry registration with NRF (../lib/sbi/nf-sm.c:279)
08/13 14:49:02.771: [sbi] WARNING: Couldn't resolve host name (6): Could not resolve host: scp (../lib/sbi/client.c:767)
08/13 14:49:02.771: [sbi] WARNING: ogs_sbi_client_handler() failed [-1] (../lib/sbi/path.c:62)
08/13 14:49:13.715: [sbi] WARNING: [9767d514-9719-41f1-bcf4-e743f4aa2bd9] Retry registration with NRF (../lib/sbi/nf-sm.c:279)
08/13 14:49:13.779: [sbi] WARNING: Couldn't resolve host name (6): Could not resolve host: scp (../lib/sbi/client.c:767)
08/13 14:49:13.779: [sbi] WARNING: ogs_sbi_client_handler() failed [-1] (../lib/sbi/path.c:62)
08/13 14:49:24.719: [sbi] WARNING: [9767d514-9719-41f1-bcf4-e743f4aa2bd9] Retry registration with NRF (../lib/sbi/nf-sm.c:279)
08/13 14:49:24.784: [sbi] WARNING: Couldn't resolve host name (6): Could not resolve host: scp (../lib/sbi/client.c:767)
08/13 14:49:24.784: [sbi] WARNING: ogs_sbi_client_handler() failed [-1] (../lib/sbi/path.c:62)
08/13 14:49:35.730: [sbi] WARNING: [9767d514-9719-41f1-bcf4-e743f4aa2bd9] Retry registration with NRF (../lib/sbi/nf-sm.c:279)
08/13 14:49:35.796: [sbi] WARNING: Couldn't resolve host name (6): Could not resolve host: scp (../lib/sbi/client.c:767)
08/13 14:49:35.797: [sbi] WARNING: ogs_sbi_client_handler() failed [-1] (../lib/sbi/path.c:62)
08/13 14:49:46.739: [sbi] WARNING: [9767d514-9719-41f1-bcf4-e743f4aa2bd9] Retry registration with NRF (../lib/sbi/nf-sm.c:279)
08/13 14:49:46.806: [sbi] WARNING: Couldn't resolve host name (6): Could not resolve host: scp (../lib/sbi/client.c:767)
08/13 14:49:46.806: [sbi] WARNING: ogs_sbi_client_handler() failed [-1] (../lib/sbi/path.c:62)
08/13 14:49:57.750: [sbi] WARNING: [9767d514-9719-41f1-bcf4-e743f4aa2bd9] Retry registration with NRF (../lib/sbi/nf-sm.c:279)
08/13 14:49:57.814: [sbi] WARNING: Couldn't resolve host name (6): Could not resolve host: scp (../lib/sbi/client.c:767)
08/13 14:49:57.814: [sbi] WARNING: ogs_sbi_client_handler() failed [-1] (../lib/sbi/path.c:62)
08/13 14:50:08.761: [sbi] WARNING: [9767d514-9719-41f1-bcf4-e743f4aa2bd9] Retry registration with NRF (../lib/sbi/nf-sm.c:279)
08/13 14:50:08.827: [sbi] WARNING: Couldn't resolve host name (6): Could not resolve host: scp (../lib/sbi/client.c:767)
08/13 14:50:08.827: [sbi] WARNING: ogs_sbi_client_handler() failed [-1] (../lib/sbi/path.c:62)
08/13 14:50:19.773: [sbi] WARNING: [9767d514-9719-41f1-bcf4-e743f4aa2bd9] Retry registration with NRF (../lib/sbi/nf-sm.c:279)
08/13 14:50:19.837: [sbi] WARNING: Couldn't resolve host name (6): Could not resolve host: scp (../lib/sbi/client.c:767)
08/13 14:50:19.837: [sbi] WARNING: ogs_sbi_client_handler() failed [-1] (../lib/sbi/path.c:62)
08/13 14:50:30.785: [sbi] WARNING: [9767d514-9719-41f1-bcf4-e743f4aa2bd9] Retry registration with NRF (../lib/sbi/nf-sm.c:279)
08/13 14:50:30.850: [sbi] WARNING: Couldn't resolve host name (6): Could not resolve host: scp (../lib/sbi/client.c:767)
08/13 14:50:30.850: [sbi] WARNING: ogs_sbi_client_handler() failed [-1] (../lib/sbi/path.c:62)
08/13 14:50:41.797: [sbi] WARNING: [9767d514-9719-41f1-bcf4-e743f4aa2bd9] Retry registration with NRF (../lib/sbi/nf-sm.c:279)
08/13 14:50:41.862: [sbi] WARNING: Couldn't resolve host name (6): Could not resolve host: scp (../lib/sbi/client.c:767)
08/13 14:50:41.862: [sbi] WARNING: ogs_sbi_client_handler() failed [-1] (../lib/sbi/path.c:62)
08/13 14:50:52.808: [sbi] WARNING: [9767d514-9719-41f1-bcf4-e743f4aa2bd9] Retry registration with NRF (../lib/sbi/nf-sm.c:279)
08/13 14:50:52.873: [sbi] WARNING: Couldn't resolve host name (6): Could not resolve host: scp (../lib/sbi/client.c:767)
08/13 14:50:52.873: [sbi] WARNING: ogs_sbi_client_handler() failed [-1] (../lib/sbi/path.c:62)
08/13 14:51:03.820: [sbi] WARNING: [9767d514-9719-41f1-bcf4-e743f4aa2bd9] Retry registration with NRF (../lib/sbi/nf-sm.c:279)
08/13 14:51:03.885: [sbi] WARNING: Couldn't resolve host name (6): Could not resolve host: scp (../lib/sbi/client.c:767)
08/13 14:51:03.885: [sbi] WARNING: ogs_sbi_client_handler() failed [-1] (../lib/sbi/path.c:62)
08/13 14:51:14.827: [sbi] WARNING: [9767d514-9719-41f1-bcf4-e743f4aa2bd9] Retry registration with NRF (../lib/sbi/nf-sm.c:279)
08/13 14:51:14.892: [sbi] WARNING: Couldn't resolve host name (6): Could not resolve host: scp (../lib/sbi/client.c:767)
08/13 14:51:14.892: [sbi] WARNING: ogs_sbi_client_handler() failed [-1] (../lib/sbi/path.c:62)
08/13 14:51:25.834: [sbi] WARNING: [9767d514-9719-41f1-bcf4-e743f4aa2bd9] Retry registration with NRF (../lib/sbi/nf-sm.c:279)
08/13 14:51:25.899: [sbi] WARNING: Couldn't resolve host name (6): Could not resolve host: scp (../lib/sbi/client.c:767)
08/13 14:51:25.899: [sbi] WARNING: ogs_sbi_client_handler() failed [-1] (../lib/sbi/path.c:62)
08/13 14:51:36.846: [sbi] WARNING: [9767d514-9719-41f1-bcf4-e743f4aa2bd9] Retry registration with NRF (../lib/sbi/nf-sm.c:279)
08/13 14:51:36.924: [sbi] WARNING: Couldn't resolve host name (6): Could not resolve host: scp (../lib/sbi/client.c:767)
08/13 14:51:36.924: [sbi] WARNING: ogs_sbi_client_handler() failed [-1] (../lib/sbi/path.c:62)
08/13 14:51:47.856: [sbi] WARNING: [9767d514-9719-41f1-bcf4-e743f4aa2bd9] Retry registration with NRF (../lib/sbi/nf-sm.c:279)
08/13 14:51:47.921: [sbi] WARNING: Couldn't resolve host name (6): Could not resolve host: scp (../lib/sbi/client.c:767)
08/13 14:51:47.922: [sbi] WARNING: ogs_sbi_client_handler() failed [-1] (../lib/sbi/path.c:62)
08/13 14:51:58.868: [sbi] WARNING: [9767d514-9719-41f1-bcf4-e743f4aa2bd9] Retry registration with NRF (../lib/sbi/nf-sm.c:279)
08/13 14:51:58.933: [sbi] WARNING: Couldn't resolve host name (6): Could not resolve host: scp (../lib/sbi/client.c:767)
08/13 14:51:58.933: [sbi] WARNING: ogs_sbi_client_handler() failed [-1] (../lib/sbi/path.c:62)
08/13 14:52:09.877: [sbi] WARNING: [9767d514-9719-41f1-bcf4-e743f4aa2bd9] Retry registration with NRF (../lib/sbi/nf-sm.c:279)
08/13 14:52:09.942: [sbi] WARNING: Couldn't resolve host name (6): Could not resolve host: scp (../lib/sbi/client.c:767)
08/13 14:52:09.942: [sbi] WARNING: ogs_sbi_client_handler() failed [-1] (../lib/sbi/path.c:62)
08/13 14:52:20.882: [sbi] WARNING: [9767d514-9719-41f1-bcf4-e743f4aa2bd9] Retry registration with NRF (../lib/sbi/nf-sm.c:279)
08/13 14:52:20.946: [sbi] WARNING: Couldn't resolve host name (6): Could not resolve host: scp (../lib/sbi/client.c:767)
08/13 14:52:20.946: [sbi] WARNING: ogs_sbi_client_handler() failed [-1] (../lib/sbi/path.c:62)
08/13 14:52:31.892: [sbi] WARNING: [9767d514-9719-41f1-bcf4-e743f4aa2bd9] Retry registration with NRF (../lib/sbi/nf-sm.c:279)
08/13 14:52:31.956: [sbi] WARNING: Couldn't resolve host name (6): Could not resolve host: scp (../lib/sbi/client.c:767)
08/13 14:52:31.956: [sbi] WARNING: ogs_sbi_client_handler() failed [-1] (../lib/sbi/path.c:62)
08/13 14:52:42.900: [sbi] WARNING: [9767d514-9719-41f1-bcf4-e743f4aa2bd9] Retry registration with NRF (../lib/sbi/nf-sm.c:279)
08/13 14:52:42.966: [sbi] WARNING: Couldn't resolve host name (6): Could not resolve host: scp (../lib/sbi/client.c:767)
08/13 14:52:42.967: [sbi] WARNING: ogs_sbi_client_handler() failed [-1] (../lib/sbi/path.c:62)
08/13 14:52:53.904: [sbi] WARNING: [9767d514-9719-41f1-bcf4-e743f4aa2bd9] Retry registration with NRF (../lib/sbi/nf-sm.c:279)
08/13 14:52:53.969: [sbi] WARNING: Couldn't resolve host name (6): Could not resolve host: scp (../lib/sbi/client.c:767)
08/13 14:52:53.969: [sbi] WARNING: ogs_sbi_client_handler() failed [-1] (../lib/sbi/path.c:62)
08/13 14:53:04.911: [sbi] WARNING: [9767d514-9719-41f1-bcf4-e743f4aa2bd9] Retry registration with NRF (../lib/sbi/nf-sm.c:279)
08/13 14:53:04.977: [sbi] WARNING: Couldn't resolve host name (6): Could not resolve host: scp (../lib/sbi/client.c:767)
08/13 14:53:04.977: [sbi] WARNING: ogs_sbi_client_handler() failed [-1] (../lib/sbi/path.c:62)
08/13 14:53:15.918: [sbi] WARNING: [9767d514-9719-41f1-bcf4-e743f4aa2bd9] Retry registration with NRF (../lib/sbi/nf-sm.c:279)
08/13 14:53:15.984: [sbi] WARNING: Couldn't resolve host name (6): Could not resolve host: scp (../lib/sbi/client.c:767)
08/13 14:53:15.984: [sbi] WARNING: ogs_sbi_client_handler() failed [-1] (../lib/sbi/path.c:62)
08/13 14:53:26.929: [sbi] WARNING: [9767d514-9719-41f1-bcf4-e743f4aa2bd9] Retry registration with NRF (../lib/sbi/nf-sm.c:279)
08/13 14:53:26.994: [sbi] WARNING: Couldn't resolve host name (6): Could not resolve host: scp (../lib/sbi/client.c:767)
08/13 14:53:26.994: [sbi] WARNING: ogs_sbi_client_handler() failed [-1] (../lib/sbi/path.c:62)
08/13 14:53:37.935: [sbi] WARNING: [9767d514-9719-41f1-bcf4-e743f4aa2bd9] Retry registration with NRF (../lib/sbi/nf-sm.c:279)
08/13 14:53:38.000: [sbi] WARNING: Couldn't resolve host name (6): Could not resolve host: scp (../lib/sbi/client.c:767)
08/13 14:53:38.001: [sbi] WARNING: ogs_sbi_client_handler() failed [-1] (../lib/sbi/path.c:62)
08/13 14:53:48.938: [sbi] WARNING: [9767d514-9719-41f1-bcf4-e743f4aa2bd9] Retry registration with NRF (../lib/sbi/nf-sm.c:279)
08/13 14:53:49.003: [sbi] WARNING: Couldn't resolve host name (6): Could not resolve host: scp (../lib/sbi/client.c:767)
08/13 14:53:49.003: [sbi] WARNING: ogs_sbi_client_handler() failed [-1] (../lib/sbi/path.c:62)
08/13 14:53:59.941: [sbi] WARNING: [9767d514-9719-41f1-bcf4-e743f4aa2bd9] Retry registration with NRF (../lib/sbi/nf-sm.c:279)
08/13 14:54:00.006: [sbi] WARNING: Couldn't resolve host name (6): Could not resolve host: scp (../lib/sbi/client.c:767)
08/13 14:54:00.006: [sbi] WARNING: ogs_sbi_client_handler() failed [-1] (../lib/sbi/path.c:62)
08/13 14:54:10.943: [sbi] WARNING: [9767d514-9719-41f1-bcf4-e743f4aa2bd9] Retry registration with NRF (../lib/sbi/nf-sm.c:279)
08/13 14:54:11.010: [sbi] WARNING: Couldn't resolve host name (6): Could not resolve host: scp (../lib/sbi/client.c:767)
08/13 14:54:11.010: [sbi] WARNING: ogs_sbi_client_handler() failed [-1] (../lib/sbi/path.c:62)
08/13 14:54:21.944: [sbi] WARNING: [9767d514-9719-41f1-bcf4-e743f4aa2bd9] Retry registration with NRF (../lib/sbi/nf-sm.c:279)
08/13 14:54:22.009: [sbi] WARNING: Couldn't resolve host name (6): Could not resolve host: scp (../lib/sbi/client.c:767)
08/13 14:54:22.009: [sbi] WARNING: ogs_sbi_client_handler() failed [-1] (../lib/sbi/path.c:62)
08/13 14:54:32.954: [sbi] WARNING: [9767d514-9719-41f1-bcf4-e743f4aa2bd9] Retry registration with NRF (../lib/sbi/nf-sm.c:279)
08/13 14:54:33.017: [sbi] WARNING: Couldn't resolve host name (6): Could not resolve host: scp (../lib/sbi/client.c:767)
08/13 14:54:33.018: [sbi] WARNING: ogs_sbi_client_handler() failed [-1] (../lib/sbi/path.c:62)
08/13 14:54:43.964: [sbi] WARNING: [9767d514-9719-41f1-bcf4-e743f4aa2bd9] Retry registration with NRF (../lib/sbi/nf-sm.c:279)
08/13 14:54:44.030: [sbi] WARNING: Couldn't resolve host name (6): Could not resolve host: scp (../lib/sbi/client.c:767)
08/13 14:54:44.030: [sbi] WARNING: ogs_sbi_client_handler() failed [-1] (../lib/sbi/path.c:62)
08/13 14:54:54.975: [sbi] WARNING: [9767d514-9719-41f1-bcf4-e743f4aa2bd9] Retry registration with NRF (../lib/sbi/nf-sm.c:279)
08/13 14:54:55.041: [sbi] WARNING: Couldn't resolve host name (6): Could not resolve host: scp (../lib/sbi/client.c:767)
08/13 14:54:55.041: [sbi] WARNING: ogs_sbi_client_handler() failed [-1] (../lib/sbi/path.c:62)
08/13 14:55:05.986: [sbi] WARNING: [9767d514-9719-41f1-bcf4-e743f4aa2bd9] Retry registration with NRF (../lib/sbi/nf-sm.c:279)
08/13 14:55:06.053: [sbi] WARNING: Couldn't resolve host name (6): Could not resolve host: scp (../lib/sbi/client.c:767)
08/13 14:55:06.053: [sbi] WARNING: ogs_sbi_client_handler() failed [-1] (../lib/sbi/path.c:62)
08/13 14:55:16.992: [sbi] WARNING: [9767d514-9719-41f1-bcf4-e743f4aa2bd9] Retry registration with NRF (../lib/sbi/nf-sm.c:279)
08/13 14:55:17.058: [sbi] WARNING: Couldn't resolve host name (6): Could not resolve host: scp (../lib/sbi/client.c:767)
08/13 14:55:17.058: [sbi] WARNING: ogs_sbi_client_handler() failed [-1] (../lib/sbi/path.c:62)
08/13 14:55:28.004: [sbi] WARNING: [9767d514-9719-41f1-bcf4-e743f4aa2bd9] Retry registration with NRF (../lib/sbi/nf-sm.c:279)
08/13 14:55:28.070: [sbi] WARNING: Couldn't resolve host name (6): Could not resolve host: scp (../lib/sbi/client.c:767)
08/13 14:55:28.070: [sbi] WARNING: ogs_sbi_client_handler() failed [-1] (../lib/sbi/path.c:62)
08/13 14:55:39.016: [sbi] WARNING: [9767d514-9719-41f1-bcf4-e743f4aa2bd9] Retry registration with NRF (../lib/sbi/nf-sm.c:279)
08/13 14:55:39.082: [sbi] WARNING: Couldn't resolve host name (6): Could not resolve host: scp (../lib/sbi/client.c:767)
08/13 14:55:39.082: [sbi] WARNING: ogs_sbi_client_handler() failed [-1] (../lib/sbi/path.c:62)
08/13 14:55:50.020: [sbi] WARNING: [9767d514-9719-41f1-bcf4-e743f4aa2bd9] Retry registration with NRF (../lib/sbi/nf-sm.c:279)
08/13 14:55:50.086: [sbi] WARNING: Couldn't resolve host name (6): Could not resolve host: scp (../lib/sbi/client.c:767)
08/13 14:55:50.086: [sbi] WARNING: ogs_sbi_client_handler() failed [-1] (../lib/sbi/path.c:62)
08/13 14:56:01.030: [sbi] WARNING: [9767d514-9719-41f1-bcf4-e743f4aa2bd9] Retry registration with NRF (../lib/sbi/nf-sm.c:279)
08/13 14:56:01.095: [sbi] WARNING: Couldn't resolve host name (6): Could not resolve host: scp (../lib/sbi/client.c:767)
08/13 14:56:01.095: [sbi] WARNING: ogs_sbi_client_handler() failed [-1] (../lib/sbi/path.c:62)
08/13 14:56:12.041: [sbi] WARNING: [9767d514-9719-41f1-bcf4-e743f4aa2bd9] Retry registration with NRF (../lib/sbi/nf-sm.c:279)
08/13 14:56:12.106: [sbi] WARNING: Couldn't resolve host name (6): Could not resolve host: scp (../lib/sbi/client.c:767)
08/13 14:56:12.106: [sbi] WARNING: ogs_sbi_client_handler() failed [-1] (../lib/sbi/path.c:62)
08/13 14:56:23.051: [sbi] WARNING: [9767d514-9719-41f1-bcf4-e743f4aa2bd9] Retry registration with NRF (../lib/sbi/nf-sm.c:279)
08/13 14:56:23.116: [sbi] WARNING: Couldn't resolve host name (6): Could not resolve host: scp (../lib/sbi/client.c:767)
08/13 14:56:23.116: [sbi] WARNING: ogs_sbi_client_handler() failed [-1] (../lib/sbi/path.c:62)
08/13 14:56:34.062: [sbi] WARNING: [9767d514-9719-41f1-bcf4-e743f4aa2bd9] Retry registration with NRF (../lib/sbi/nf-sm.c:279)
08/13 14:56:34.128: [sbi] WARNING: Couldn't resolve host name (6): Could not resolve host: scp (../lib/sbi/client.c:767)
08/13 14:56:34.128: [sbi] WARNING: ogs_sbi_client_handler() failed [-1] (../lib/sbi/path.c:62)
08/13 14:56:45.074: [sbi] WARNING: [9767d514-9719-41f1-bcf4-e743f4aa2bd9] Retry registration with NRF (../lib/sbi/nf-sm.c:279)
08/13 14:56:45.140: [sbi] WARNING: Couldn't resolve host name (6): Could not resolve host: scp (../lib/sbi/client.c:767)
08/13 14:56:45.140: [sbi] WARNING: ogs_sbi_client_handler() failed [-1] (../lib/sbi/path.c:62)
08/13 14:56:56.081: [sbi] WARNING: [9767d514-9719-41f1-bcf4-e743f4aa2bd9] Retry registration with NRF (../lib/sbi/nf-sm.c:279)
08/13 14:56:56.147: [sbi] WARNING: Couldn't resolve host name (6): Could not resolve host: scp (../lib/sbi/client.c:767)
08/13 14:56:56.147: [sbi] WARNING: ogs_sbi_client_handler() failed [-1] (../lib/sbi/path.c:62)
08/13 14:57:07.087: [sbi] WARNING: [9767d514-9719-41f1-bcf4-e743f4aa2bd9] Retry registration with NRF (../lib/sbi/nf-sm.c:279)
08/13 14:57:07.186: [sbi] WARNING: Couldn't resolve host name (6): Could not resolve host: scp (../lib/sbi/client.c:767)
08/13 14:57:07.186: [sbi] WARNING: ogs_sbi_client_handler() failed [-1] (../lib/sbi/path.c:62)
08/13 14:57:18.088: [sbi] WARNING: [9767d514-9719-41f1-bcf4-e743f4aa2bd9] Retry registration with NRF (../lib/sbi/nf-sm.c:279)
08/13 14:57:18.154: [sbi] WARNING: Couldn't resolve host name (6): Could not resolve host: scp (../lib/sbi/client.c:767)
08/13 14:57:18.154: [sbi] WARNING: ogs_sbi_client_handler() failed [-1] (../lib/sbi/path.c:62)
08/13 14:57:29.095: [sbi] WARNING: [9767d514-9719-41f1-bcf4-e743f4aa2bd9] Retry registration with NRF (../lib/sbi/nf-sm.c:279)
08/13 14:57:29.158: [sbi] WARNING: Couldn't resolve host name (6): Could not resolve host: scp (../lib/sbi/client.c:767)
08/13 14:57:29.158: [sbi] WARNING: ogs_sbi_client_handler() failed [-1] (../lib/sbi/path.c:62)
08/13 14:57:40.096: [sbi] WARNING: [9767d514-9719-41f1-bcf4-e743f4aa2bd9] Retry registration with NRF (../lib/sbi/nf-sm.c:279)
08/13 14:57:40.160: [sbi] WARNING: Couldn't resolve host name (6): Could not resolve host: scp (../lib/sbi/client.c:767)
08/13 14:57:40.160: [sbi] WARNING: ogs_sbi_client_handler() failed [-1] (../lib/sbi/path.c:62)
08/13 14:57:51.108: [sbi] WARNING: [9767d514-9719-41f1-bcf4-e743f4aa2bd9] Retry registration with NRF (../lib/sbi/nf-sm.c:279)
08/13 14:57:51.174: [sbi] WARNING: Couldn't resolve host name (6): Could not resolve host: scp (../lib/sbi/client.c:767)
08/13 14:57:51.174: [sbi] WARNING: ogs_sbi_client_handler() failed [-1] (../lib/sbi/path.c:62)
08/13 14:58:02.110: [sbi] WARNING: [9767d514-9719-41f1-bcf4-e743f4aa2bd9] Retry registration with NRF (../lib/sbi/nf-sm.c:279)
08/13 14:58:02.175: [sbi] WARNING: Couldn't resolve host name (6): Could not resolve host: scp (../lib/sbi/client.c:767)
08/13 14:58:02.175: [sbi] WARNING: ogs_sbi_client_handler() failed [-1] (../lib/sbi/path.c:62)
08/13 14:58:13.121: [sbi] WARNING: [9767d514-9719-41f1-bcf4-e743f4aa2bd9] Retry registration with NRF (../lib/sbi/nf-sm.c:279)
08/13 14:58:13.186: [sbi] WARNING: Couldn't resolve host name (6): Could not resolve host: scp (../lib/sbi/client.c:767)
08/13 14:58:13.186: [sbi] WARNING: ogs_sbi_client_handler() failed [-1] (../lib/sbi/path.c:62)
08/13 14:58:24.127: [sbi] WARNING: [9767d514-9719-41f1-bcf4-e743f4aa2bd9] Retry registration with NRF (../lib/sbi/nf-sm.c:279)
08/13 14:58:24.191: [sbi] WARNING: Couldn't resolve host name (6): Could not resolve host: scp (../lib/sbi/client.c:767)
08/13 14:58:24.191: [sbi] WARNING: ogs_sbi_client_handler() failed [-1] (../lib/sbi/path.c:62)
08/13 14:58:35.129: [sbi] WARNING: [9767d514-9719-41f1-bcf4-e743f4aa2bd9] Retry registration with NRF (../lib/sbi/nf-sm.c:279)
08/13 14:58:35.193: [sbi] WARNING: Couldn't resolve host name (6): Could not resolve host: scp (../lib/sbi/client.c:767)
08/13 14:58:35.194: [sbi] WARNING: ogs_sbi_client_handler() failed [-1] (../lib/sbi/path.c:62)
08/13 14:58:46.131: [sbi] WARNING: [9767d514-9719-41f1-bcf4-e743f4aa2bd9] Retry registration with NRF (../lib/sbi/nf-sm.c:279)
08/13 14:58:46.196: [sbi] WARNING: Couldn't resolve host name (6): Could not resolve host: scp (../lib/sbi/client.c:767)
08/13 14:58:46.196: [sbi] WARNING: ogs_sbi_client_handler() failed [-1] (../lib/sbi/path.c:62)
08/13 14:58:57.132: [sbi] WARNING: [9767d514-9719-41f1-bcf4-e743f4aa2bd9] Retry registration with NRF (../lib/sbi/nf-sm.c:279)
08/13 14:58:57.197: [sbi] WARNING: Couldn't resolve host name (6): Could not resolve host: scp (../lib/sbi/client.c:767)
08/13 14:58:57.197: [sbi] WARNING: ogs_sbi_client_handler() failed [-1] (../lib/sbi/path.c:62)
08/13 14:59:08.144: [sbi] WARNING: [9767d514-9719-41f1-bcf4-e743f4aa2bd9] Retry registration with NRF (../lib/sbi/nf-sm.c:279)
08/13 14:59:08.210: [sbi] WARNING: Couldn't resolve host name (6): Could not resolve host: scp (../lib/sbi/client.c:767)
08/13 14:59:08.210: [sbi] WARNING: ogs_sbi_client_handler() failed [-1] (../lib/sbi/path.c:62)
08/13 14:59:19.152: [sbi] WARNING: [9767d514-9719-41f1-bcf4-e743f4aa2bd9] Retry registration with NRF (../lib/sbi/nf-sm.c:279)
08/13 14:59:19.217: [sbi] WARNING: Couldn't resolve host name (6): Could not resolve host: scp (../lib/sbi/client.c:767)
08/13 14:59:19.217: [sbi] WARNING: ogs_sbi_client_handler() failed [-1] (../lib/sbi/path.c:62)
08/13 14:59:30.154: [sbi] WARNING: [9767d514-9719-41f1-bcf4-e743f4aa2bd9] Retry registration with NRF (../lib/sbi/nf-sm.c:279)
08/13 14:59:30.221: [sbi] WARNING: Couldn't resolve host name (6): Could not resolve host: scp (../lib/sbi/client.c:767)
08/13 14:59:30.221: [sbi] WARNING: ogs_sbi_client_handler() failed [-1] (../lib/sbi/path.c:62)
08/13 14:59:41.164: [sbi] WARNING: [9767d514-9719-41f1-bcf4-e743f4aa2bd9] Retry registration with NRF (../lib/sbi/nf-sm.c:279)
08/13 14:59:41.231: [sbi] WARNING: Couldn't resolve host name (6): Could not resolve host: scp (../lib/sbi/client.c:767)
08/13 14:59:41.231: [sbi] WARNING: ogs_sbi_client_handler() failed [-1] (../lib/sbi/path.c:62)
08/13 14:59:52.169: [sbi] WARNING: [9767d514-9719-41f1-bcf4-e743f4aa2bd9] Retry registration with NRF (../lib/sbi/nf-sm.c:279)
08/13 14:59:52.234: [sbi] WARNING: Couldn't resolve host name (6): Could not resolve host: scp (../lib/sbi/client.c:767)
08/13 14:59:52.234: [sbi] WARNING: ogs_sbi_client_handler() failed [-1] (../lib/sbi/path.c:62)
08/13 15:00:03.181: [sbi] WARNING: [9767d514-9719-41f1-bcf4-e743f4aa2bd9] Retry registration with NRF (../lib/sbi/nf-sm.c:279)
08/13 15:00:03.244: [sbi] WARNING: Couldn't resolve host name (6): Could not resolve host: scp (../lib/sbi/client.c:767)
08/13 15:00:03.244: [sbi] WARNING: ogs_sbi_client_handler() failed [-1] (../lib/sbi/path.c:62)
08/13 15:00:14.188: [sbi] WARNING: [9767d514-9719-41f1-bcf4-e743f4aa2bd9] Retry registration with NRF (../lib/sbi/nf-sm.c:279)
08/13 15:00:14.252: [sbi] WARNING: Couldn't resolve host name (6): Could not resolve host: scp (../lib/sbi/client.c:767)
08/13 15:00:14.252: [sbi] WARNING: ogs_sbi_client_handler() failed [-1] (../lib/sbi/path.c:62)
08/13 15:00:25.193: [sbi] WARNING: [9767d514-9719-41f1-bcf4-e743f4aa2bd9] Retry registration with NRF (../lib/sbi/nf-sm.c:279)
08/13 15:00:25.256: [sbi] WARNING: Couldn't resolve host name (6): Could not resolve host: scp (../lib/sbi/client.c:767)
08/13 15:00:25.256: [sbi] WARNING: ogs_sbi_client_handler() failed [-1] (../lib/sbi/path.c:62)
08/13 15:00:36.198: [sbi] WARNING: [9767d514-9719-41f1-bcf4-e743f4aa2bd9] Retry registration with NRF (../lib/sbi/nf-sm.c:279)
08/13 15:00:36.263: [sbi] WARNING: Couldn't resolve host name (6): Could not resolve host: scp (../lib/sbi/client.c:767)
08/13 15:00:36.263: [sbi] WARNING: ogs_sbi_client_handler() failed [-1] (../lib/sbi/path.c:62)
08/13 15:00:47.209: [sbi] WARNING: [9767d514-9719-41f1-bcf4-e743f4aa2bd9] Retry registration with NRF (../lib/sbi/nf-sm.c:279)
08/13 15:00:47.275: [sbi] WARNING: Couldn't resolve host name (6): Could not resolve host: scp (../lib/sbi/client.c:767)
08/13 15:00:47.275: [sbi] WARNING: ogs_sbi_client_handler() failed [-1] (../lib/sbi/path.c:62)
08/13 15:00:58.212: [sbi] WARNING: [9767d514-9719-41f1-bcf4-e743f4aa2bd9] Retry registration with NRF (../lib/sbi/nf-sm.c:279)
08/13 15:00:58.277: [sbi] WARNING: Couldn't resolve host name (6): Could not resolve host: scp (../lib/sbi/client.c:767)
08/13 15:00:58.277: [sbi] WARNING: ogs_sbi_client_handler() failed [-1] (../lib/sbi/path.c:62)
08/13 15:01:09.223: [sbi] WARNING: [9767d514-9719-41f1-bcf4-e743f4aa2bd9] Retry registration with NRF (../lib/sbi/nf-sm.c:279)
08/13 15:01:09.287: [sbi] WARNING: Couldn't resolve host name (6): Could not resolve host: scp (../lib/sbi/client.c:767)
08/13 15:01:09.287: [sbi] WARNING: ogs_sbi_client_handler() failed [-1] (../lib/sbi/path.c:62)
08/13 15:01:20.234: [sbi] WARNING: [9767d514-9719-41f1-bcf4-e743f4aa2bd9] Retry registration with NRF (../lib/sbi/nf-sm.c:279)
08/13 15:01:20.300: [sbi] WARNING: Couldn't resolve host name (6): Could not resolve host: scp (../lib/sbi/client.c:767)
08/13 15:01:20.300: [sbi] WARNING: ogs_sbi_client_handler() failed [-1] (../lib/sbi/path.c:62)
08/13 15:01:31.245: [sbi] WARNING: [9767d514-9719-41f1-bcf4-e743f4aa2bd9] Retry registration with NRF (../lib/sbi/nf-sm.c:279)
08/13 15:01:31.324: [sbi] WARNING: Couldn't resolve host name (6): Could not resolve host: scp (../lib/sbi/client.c:767)
08/13 15:01:31.324: [sbi] WARNING: ogs_sbi_client_handler() failed [-1] (../lib/sbi/path.c:62)
08/13 15:01:42.256: [sbi] WARNING: [9767d514-9719-41f1-bcf4-e743f4aa2bd9] Retry registration with NRF (../lib/sbi/nf-sm.c:279)
08/13 15:01:42.321: [sbi] WARNING: Couldn't resolve host name (6): Could not resolve host: scp (../lib/sbi/client.c:767)
08/13 15:01:42.321: [sbi] WARNING: ogs_sbi_client_handler() failed [-1] (../lib/sbi/path.c:62)
08/13 15:01:53.267: [sbi] WARNING: [9767d514-9719-41f1-bcf4-e743f4aa2bd9] Retry registration with NRF (../lib/sbi/nf-sm.c:279)
08/13 15:01:53.331: [sbi] WARNING: Couldn't resolve host name (6): Could not resolve host: scp (../lib/sbi/client.c:767)
08/13 15:01:53.331: [sbi] WARNING: ogs_sbi_client_handler() failed [-1] (../lib/sbi/path.c:62)
08/13 15:02:04.272: [sbi] WARNING: [9767d514-9719-41f1-bcf4-e743f4aa2bd9] Retry registration with NRF (../lib/sbi/nf-sm.c:279)
08/13 15:02:04.338: [sbi] WARNING: Couldn't resolve host name (6): Could not resolve host: scp (../lib/sbi/client.c:767)
08/13 15:02:04.338: [sbi] WARNING: ogs_sbi_client_handler() failed [-1] (../lib/sbi/path.c:62)
08/13 15:02:15.284: [sbi] WARNING: [9767d514-9719-41f1-bcf4-e743f4aa2bd9] Retry registration with NRF (../lib/sbi/nf-sm.c:279)
08/13 15:02:15.349: [sbi] WARNING: Couldn't resolve host name (6): Could not resolve host: scp (../lib/sbi/client.c:767)
08/13 15:02:15.349: [sbi] WARNING: ogs_sbi_client_handler() failed [-1] (../lib/sbi/path.c:62)
08/13 15:02:26.288: [sbi] WARNING: [9767d514-9719-41f1-bcf4-e743f4aa2bd9] Retry registration with NRF (../lib/sbi/nf-sm.c:279)
08/13 15:02:26.353: [sbi] WARNING: Couldn't resolve host name (6): Could not resolve host: scp (../lib/sbi/client.c:767)
08/13 15:02:26.353: [sbi] WARNING: ogs_sbi_client_handler() failed [-1] (../lib/sbi/path.c:62)
08/13 15:02:37.299: [sbi] WARNING: [9767d514-9719-41f1-bcf4-e743f4aa2bd9] Retry registration with NRF (../lib/sbi/nf-sm.c:279)
08/13 15:02:37.369: [sbi] WARNING: Couldn't resolve host name (6): Could not resolve host: scp (../lib/sbi/client.c:767)
08/13 15:02:37.369: [sbi] WARNING: ogs_sbi_client_handler() failed [-1] (../lib/sbi/path.c:62)
08/13 15:02:48.300: [sbi] WARNING: [9767d514-9719-41f1-bcf4-e743f4aa2bd9] Retry registration with NRF (../lib/sbi/nf-sm.c:279)
08/13 15:02:48.371: [sbi] WARNING: Couldn't resolve host name (6): Could not resolve host: scp (../lib/sbi/client.c:767)
08/13 15:02:48.371: [sbi] WARNING: ogs_sbi_client_handler() failed [-1] (../lib/sbi/path.c:62)
08/13 15:02:59.311: [sbi] WARNING: [9767d514-9719-41f1-bcf4-e743f4aa2bd9] Retry registration with NRF (../lib/sbi/nf-sm.c:279)
08/13 15:02:59.376: [sbi] WARNING: Couldn't resolve host name (6): Could not resolve host: scp (../lib/sbi/client.c:767)
08/13 15:02:59.376: [sbi] WARNING: ogs_sbi_client_handler() failed [-1] (../lib/sbi/path.c:62)
08/13 15:03:10.322: [sbi] WARNING: [9767d514-9719-41f1-bcf4-e743f4aa2bd9] Retry registration with NRF (../lib/sbi/nf-sm.c:279)
08/13 15:03:10.386: [sbi] WARNING: Couldn't resolve host name (6): Could not resolve host: scp (../lib/sbi/client.c:767)
08/13 15:03:10.386: [sbi] WARNING: ogs_sbi_client_handler() failed [-1] (../lib/sbi/path.c:62)
08/13 15:03:21.329: [sbi] WARNING: [9767d514-9719-41f1-bcf4-e743f4aa2bd9] Retry registration with NRF (../lib/sbi/nf-sm.c:279)
08/13 15:03:21.394: [sbi] WARNING: Couldn't resolve host name (6): Could not resolve host: scp (../lib/sbi/client.c:767)
08/13 15:03:21.394: [sbi] WARNING: ogs_sbi_client_handler() failed [-1] (../lib/sbi/path.c:62)
08/13 15:03:32.341: [sbi] WARNING: [9767d514-9719-41f1-bcf4-e743f4aa2bd9] Retry registration with NRF (../lib/sbi/nf-sm.c:279)
08/13 15:03:32.406: [sbi] WARNING: Couldn't resolve host name (6): Could not resolve host: scp (../lib/sbi/client.c:767)
08/13 15:03:32.406: [sbi] WARNING: ogs_sbi_client_handler() failed [-1] (../lib/sbi/path.c:62)
08/13 15:03:43.346: [sbi] WARNING: [9767d514-9719-41f1-bcf4-e743f4aa2bd9] Retry registration with NRF (../lib/sbi/nf-sm.c:279)
08/13 15:03:43.410: [sbi] WARNING: Couldn't resolve host name (6): Could not resolve host: scp (../lib/sbi/client.c:767)
08/13 15:03:43.410: [sbi] WARNING: ogs_sbi_client_handler() failed [-1] (../lib/sbi/path.c:62)
08/13 15:03:54.352: [sbi] WARNING: [9767d514-9719-41f1-bcf4-e743f4aa2bd9] Retry registration with NRF (../lib/sbi/nf-sm.c:279)
08/13 15:03:54.418: [sbi] WARNING: Couldn't resolve host name (6): Could not resolve host: scp (../lib/sbi/client.c:767)
08/13 15:03:54.419: [sbi] WARNING: ogs_sbi_client_handler() failed [-1] (../lib/sbi/path.c:62)
08/13 15:04:05.356: [sbi] WARNING: [9767d514-9719-41f1-bcf4-e743f4aa2bd9] Retry registration with NRF (../lib/sbi/nf-sm.c:279)
08/13 15:04:05.422: [sbi] WARNING: Couldn't resolve host name (6): Could not resolve host: scp (../lib/sbi/client.c:767)
08/13 15:04:05.422: [sbi] WARNING: ogs_sbi_client_handler() failed [-1] (../lib/sbi/path.c:62)
08/13 15:04:16.361: [sbi] WARNING: [9767d514-9719-41f1-bcf4-e743f4aa2bd9] Retry registration with NRF (../lib/sbi/nf-sm.c:279)
08/13 15:04:16.426: [sbi] WARNING: Couldn't resolve host name (6): Could not resolve host: scp (../lib/sbi/client.c:767)
08/13 15:04:16.426: [sbi] WARNING: ogs_sbi_client_handler() failed [-1] (../lib/sbi/path.c:62)
08/13 15:04:27.373: [sbi] WARNING: [9767d514-9719-41f1-bcf4-e743f4aa2bd9] Retry registration with NRF (../lib/sbi/nf-sm.c:279)
08/13 15:04:27.438: [sbi] WARNING: Couldn't resolve host name (6): Could not resolve host: scp (../lib/sbi/client.c:767)
08/13 15:04:27.439: [sbi] WARNING: ogs_sbi_client_handler() failed [-1] (../lib/sbi/path.c:62)
08/13 15:04:38.383: [sbi] WARNING: [9767d514-9719-41f1-bcf4-e743f4aa2bd9] Retry registration with NRF (../lib/sbi/nf-sm.c:279)
08/13 15:04:38.448: [sbi] WARNING: Couldn't resolve host name (6): Could not resolve host: scp (../lib/sbi/client.c:767)
08/13 15:04:38.448: [sbi] WARNING: ogs_sbi_client_handler() failed [-1] (../lib/sbi/path.c:62)
08/13 15:04:49.385: [sbi] WARNING: [9767d514-9719-41f1-bcf4-e743f4aa2bd9] Retry registration with NRF (../lib/sbi/nf-sm.c:279)
08/13 15:04:49.449: [sbi] WARNING: Couldn't resolve host name (6): Could not resolve host: scp (../lib/sbi/client.c:767)
08/13 15:04:49.449: [sbi] WARNING: ogs_sbi_client_handler() failed [-1] (../lib/sbi/path.c:62)
08/13 15:05:00.388: [sbi] WARNING: [9767d514-9719-41f1-bcf4-e743f4aa2bd9] Retry registration with NRF (../lib/sbi/nf-sm.c:279)
08/13 15:05:00.454: [sbi] WARNING: Couldn't resolve host name (6): Could not resolve host: scp (../lib/sbi/client.c:767)
08/13 15:05:00.454: [sbi] WARNING: ogs_sbi_client_handler() failed [-1] (../lib/sbi/path.c:62)
08/13 15:05:11.392: [sbi] WARNING: [9767d514-9719-41f1-bcf4-e743f4aa2bd9] Retry registration with NRF (../lib/sbi/nf-sm.c:279)
08/13 15:05:11.457: [sbi] WARNING: Couldn't resolve host name (6): Could not resolve host: scp (../lib/sbi/client.c:767)
08/13 15:05:11.457: [sbi] WARNING: ogs_sbi_client_handler() failed [-1] (../lib/sbi/path.c:62)
08/13 15:05:22.394: [sbi] WARNING: [9767d514-9719-41f1-bcf4-e743f4aa2bd9] Retry registration with NRF (../lib/sbi/nf-sm.c:279)
08/13 15:05:22.460: [sbi] WARNING: Couldn't resolve host name (6): Could not resolve host: scp (../lib/sbi/client.c:767)
08/13 15:05:22.460: [sbi] WARNING: ogs_sbi_client_handler() failed [-1] (../lib/sbi/path.c:62)
08/13 15:05:33.402: [sbi] WARNING: [9767d514-9719-41f1-bcf4-e743f4aa2bd9] Retry registration with NRF (../lib/sbi/nf-sm.c:279)
08/13 15:05:33.468: [sbi] WARNING: Couldn't resolve host name (6): Could not resolve host: scp (../lib/sbi/client.c:767)
08/13 15:05:33.468: [sbi] WARNING: ogs_sbi_client_handler() failed [-1] (../lib/sbi/path.c:62)
08/13 15:05:44.413: [sbi] WARNING: [9767d514-9719-41f1-bcf4-e743f4aa2bd9] Retry registration with NRF (../lib/sbi/nf-sm.c:279)
08/13 15:05:44.483: [sbi] WARNING: Couldn't resolve host name (6): Could not resolve host: scp (../lib/sbi/client.c:767)
08/13 15:05:44.483: [sbi] WARNING: ogs_sbi_client_handler() failed [-1] (../lib/sbi/path.c:62)
08/13 15:05:55.423: [sbi] WARNING: [9767d514-9719-41f1-bcf4-e743f4aa2bd9] Retry registration with NRF (../lib/sbi/nf-sm.c:279)
08/13 15:05:55.495: [sbi] WARNING: Couldn't resolve host name (6): Could not resolve host: scp (../lib/sbi/client.c:767)
08/13 15:05:55.495: [sbi] WARNING: ogs_sbi_client_handler() failed [-1] (../lib/sbi/path.c:62)
08/13 15:06:06.432: [sbi] WARNING: [9767d514-9719-41f1-bcf4-e743f4aa2bd9] Retry registration with NRF (../lib/sbi/nf-sm.c:279)
08/13 15:06:06.497: [sbi] WARNING: Couldn't resolve host name (6): Could not resolve host: scp (../lib/sbi/client.c:767)
08/13 15:06:06.497: [sbi] WARNING: ogs_sbi_client_handler() failed [-1] (../lib/sbi/path.c:62)
08/13 15:06:17.440: [sbi] WARNING: [9767d514-9719-41f1-bcf4-e743f4aa2bd9] Retry registration with NRF (../lib/sbi/nf-sm.c:279)
08/13 15:06:17.506: [sbi] WARNING: Couldn't resolve host name (6): Could not resolve host: scp (../lib/sbi/client.c:767)
08/13 15:06:17.506: [sbi] WARNING: ogs_sbi_client_handler() failed [-1] (../lib/sbi/path.c:62)
08/13 15:06:28.449: [sbi] WARNING: [9767d514-9719-41f1-bcf4-e743f4aa2bd9] Retry registration with NRF (../lib/sbi/nf-sm.c:279)
08/13 15:06:28.515: [sbi] WARNING: Couldn't resolve host name (6): Could not resolve host: scp (../lib/sbi/client.c:767)
08/13 15:06:28.515: [sbi] WARNING: ogs_sbi_client_handler() failed [-1] (../lib/sbi/path.c:62)
08/13 15:06:39.451: [sbi] WARNING: [9767d514-9719-41f1-bcf4-e743f4aa2bd9] Retry registration with NRF (../lib/sbi/nf-sm.c:279)
08/13 15:06:39.516: [sbi] WARNING: Couldn't resolve host name (6): Could not resolve host: scp (../lib/sbi/client.c:767)
08/13 15:06:39.516: [sbi] WARNING: ogs_sbi_client_handler() failed [-1] (../lib/sbi/path.c:62)
08/13 15:06:50.463: [sbi] WARNING: [9767d514-9719-41f1-bcf4-e743f4aa2bd9] Retry registration with NRF (../lib/sbi/nf-sm.c:279)
08/13 15:06:50.528: [sbi] WARNING: Couldn't resolve host name (6): Could not resolve host: scp (../lib/sbi/client.c:767)
08/13 15:06:50.528: [sbi] WARNING: ogs_sbi_client_handler() failed [-1] (../lib/sbi/path.c:62)
08/13 15:07:01.473: [sbi] WARNING: [9767d514-9719-41f1-bcf4-e743f4aa2bd9] Retry registration with NRF (../lib/sbi/nf-sm.c:279)
08/13 15:07:01.538: [sbi] WARNING: Couldn't resolve host name (6): Could not resolve host: scp (../lib/sbi/client.c:767)
08/13 15:07:01.538: [sbi] WARNING: ogs_sbi_client_handler() failed [-1] (../lib/sbi/path.c:62)
08/13 15:07:12.481: [sbi] WARNING: [9767d514-9719-41f1-bcf4-e743f4aa2bd9] Retry registration with NRF (../lib/sbi/nf-sm.c:279)
08/13 15:07:12.547: [sbi] WARNING: Couldn't resolve host name (6): Could not resolve host: scp (../lib/sbi/client.c:767)
08/13 15:07:12.547: [sbi] WARNING: ogs_sbi_client_handler() failed [-1] (../lib/sbi/path.c:62)
08/13 15:07:23.488: [sbi] WARNING: [9767d514-9719-41f1-bcf4-e743f4aa2bd9] Retry registration with NRF (../lib/sbi/nf-sm.c:279)
08/13 15:07:23.554: [sbi] WARNING: Couldn't resolve host name (6): Could not resolve host: scp (../lib/sbi/client.c:767)
08/13 15:07:23.554: [sbi] WARNING: ogs_sbi_client_handler() failed [-1] (../lib/sbi/path.c:62)
08/13 15:07:34.495: [sbi] WARNING: [9767d514-9719-41f1-bcf4-e743f4aa2bd9] Retry registration with NRF (../lib/sbi/nf-sm.c:279)
08/13 15:07:34.561: [sbi] WARNING: Couldn't resolve host name (6): Could not resolve host: scp (../lib/sbi/client.c:767)
08/13 15:07:34.561: [sbi] WARNING: ogs_sbi_client_handler() failed [-1] (../lib/sbi/path.c:62)
08/13 15:07:45.495: [sbi] WARNING: [9767d514-9719-41f1-bcf4-e743f4aa2bd9] Retry registration with NRF (../lib/sbi/nf-sm.c:279)
08/13 15:07:45.559: [sbi] WARNING: Couldn't resolve host name (6): Could not resolve host: scp (../lib/sbi/client.c:767)
08/13 15:07:45.560: [sbi] WARNING: ogs_sbi_client_handler() failed [-1] (../lib/sbi/path.c:62)
08/13 15:07:56.505: [sbi] WARNING: [9767d514-9719-41f1-bcf4-e743f4aa2bd9] Retry registration with NRF (../lib/sbi/nf-sm.c:279)
08/13 15:07:56.571: [sbi] WARNING: Couldn't resolve host name (6): Could not resolve host: scp (../lib/sbi/client.c:767)
08/13 15:07:56.571: [sbi] WARNING: ogs_sbi_client_handler() failed [-1] (../lib/sbi/path.c:62)
08/13 15:08:07.517: [sbi] WARNING: [9767d514-9719-41f1-bcf4-e743f4aa2bd9] Retry registration with NRF (../lib/sbi/nf-sm.c:279)
08/13 15:08:07.581: [sbi] WARNING: Couldn't resolve host name (6): Could not resolve host: scp (../lib/sbi/client.c:767)
08/13 15:08:07.581: [sbi] WARNING: ogs_sbi_client_handler() failed [-1] (../lib/sbi/path.c:62)
08/13 15:08:18.528: [sbi] WARNING: [9767d514-9719-41f1-bcf4-e743f4aa2bd9] Retry registration with NRF (../lib/sbi/nf-sm.c:279)
08/13 15:08:18.594: [sbi] WARNING: Couldn't resolve host name (6): Could not resolve host: scp (../lib/sbi/client.c:767)
08/13 15:08:18.594: [sbi] WARNING: ogs_sbi_client_handler() failed [-1] (../lib/sbi/path.c:62)
08/13 15:08:29.535: [sbi] WARNING: [9767d514-9719-41f1-bcf4-e743f4aa2bd9] Retry registration with NRF (../lib/sbi/nf-sm.c:279)
08/13 15:08:29.599: [sbi] WARNING: Couldn't resolve host name (6): Could not resolve host: scp (../lib/sbi/client.c:767)
08/13 15:08:29.599: [sbi] WARNING: ogs_sbi_client_handler() failed [-1] (../lib/sbi/path.c:62)
08/13 15:08:40.542: [sbi] WARNING: [9767d514-9719-41f1-bcf4-e743f4aa2bd9] Retry registration with NRF (../lib/sbi/nf-sm.c:279)
08/13 15:08:40.606: [sbi] WARNING: Couldn't resolve host name (6): Could not resolve host: scp (../lib/sbi/client.c:767)
08/13 15:08:40.606: [sbi] WARNING: ogs_sbi_client_handler() failed [-1] (../lib/sbi/path.c:62)
08/13 15:08:51.553: [sbi] WARNING: [9767d514-9719-41f1-bcf4-e743f4aa2bd9] Retry registration with NRF (../lib/sbi/nf-sm.c:279)
08/13 15:08:51.621: [sbi] WARNING: Couldn't resolve host name (6): Could not resolve host: scp (../lib/sbi/client.c:767)
08/13 15:08:51.621: [sbi] WARNING: ogs_sbi_client_handler() failed [-1] (../lib/sbi/path.c:62)
08/13 15:09:02.563: [sbi] WARNING: [9767d514-9719-41f1-bcf4-e743f4aa2bd9] Retry registration with NRF (../lib/sbi/nf-sm.c:279)
08/13 15:09:02.628: [sbi] WARNING: Couldn't resolve host name (6): Could not resolve host: scp (../lib/sbi/client.c:767)
08/13 15:09:02.628: [sbi] WARNING: ogs_sbi_client_handler() failed [-1] (../lib/sbi/path.c:62)
08/13 15:09:13.574: [sbi] WARNING: [9767d514-9719-41f1-bcf4-e743f4aa2bd9] Retry registration with NRF (../lib/sbi/nf-sm.c:279)
08/13 15:09:13.639: [sbi] WARNING: Couldn't resolve host name (6): Could not resolve host: scp (../lib/sbi/client.c:767)
08/13 15:09:13.639: [sbi] WARNING: ogs_sbi_client_handler() failed [-1] (../lib/sbi/path.c:62)
08/13 15:09:24.586: [sbi] WARNING: [9767d514-9719-41f1-bcf4-e743f4aa2bd9] Retry registration with NRF (../lib/sbi/nf-sm.c:279)
08/13 15:09:24.650: [sbi] WARNING: Couldn't resolve host name (6): Could not resolve host: scp (../lib/sbi/client.c:767)
08/13 15:09:24.650: [sbi] WARNING: ogs_sbi_client_handler() failed [-1] (../lib/sbi/path.c:62)
08/13 15:09:35.592: [sbi] WARNING: [9767d514-9719-41f1-bcf4-e743f4aa2bd9] Retry registration with NRF (../lib/sbi/nf-sm.c:279)
08/13 15:09:35.670: [sbi] WARNING: Couldn't resolve host name (6): Could not resolve host: scp (../lib/sbi/client.c:767)
08/13 15:09:35.670: [sbi] WARNING: ogs_sbi_client_handler() failed [-1] (../lib/sbi/path.c:62)
08/13 15:09:46.596: [sbi] WARNING: [9767d514-9719-41f1-bcf4-e743f4aa2bd9] Retry registration with NRF (../lib/sbi/nf-sm.c:279)
08/13 15:09:46.665: [sbi] WARNING: Couldn't resolve host name (6): Could not resolve host: scp (../lib/sbi/client.c:767)
08/13 15:09:46.665: [sbi] WARNING: ogs_sbi_client_handler() failed [-1] (../lib/sbi/path.c:62)
08/13 15:09:57.606: [sbi] WARNING: [9767d514-9719-41f1-bcf4-e743f4aa2bd9] Retry registration with NRF (../lib/sbi/nf-sm.c:279)
08/13 15:09:57.672: [sbi] WARNING: Couldn't resolve host name (6): Could not resolve host: scp (../lib/sbi/client.c:767)
08/13 15:09:57.672: [sbi] WARNING: ogs_sbi_client_handler() failed [-1] (../lib/sbi/path.c:62)
08/13 15:10:08.618: [sbi] WARNING: [9767d514-9719-41f1-bcf4-e743f4aa2bd9] Retry registration with NRF (../lib/sbi/nf-sm.c:279)
08/13 15:10:08.710: [sbi] WARNING: Couldn't resolve host name (6): Could not resolve host: scp (../lib/sbi/client.c:767)
08/13 15:10:08.710: [sbi] WARNING: ogs_sbi_client_handler() failed [-1] (../lib/sbi/path.c:62)
08/13 15:10:19.630: [sbi] WARNING: [9767d514-9719-41f1-bcf4-e743f4aa2bd9] Retry registration with NRF (../lib/sbi/nf-sm.c:279)
08/13 15:10:19.696: [sbi] WARNING: Couldn't resolve host name (6): Could not resolve host: scp (../lib/sbi/client.c:767)
08/13 15:10:19.696: [sbi] WARNING: ogs_sbi_client_handler() failed [-1] (../lib/sbi/path.c:62)
08/13 15:10:30.641: [sbi] WARNING: [9767d514-9719-41f1-bcf4-e743f4aa2bd9] Retry registration with NRF (../lib/sbi/nf-sm.c:279)
08/13 15:10:30.706: [sbi] WARNING: Couldn't resolve host name (6): Could not resolve host: scp (../lib/sbi/client.c:767)
08/13 15:10:30.706: [sbi] WARNING: ogs_sbi_client_handler() failed [-1] (../lib/sbi/path.c:62)
08/13 15:10:41.649: [sbi] WARNING: [9767d514-9719-41f1-bcf4-e743f4aa2bd9] Retry registration with NRF (../lib/sbi/nf-sm.c:279)
08/13 15:10:41.714: [sbi] WARNING: Couldn't resolve host name (6): Could not resolve host: scp (../lib/sbi/client.c:767)
08/13 15:10:41.714: [sbi] WARNING: ogs_sbi_client_handler() failed [-1] (../lib/sbi/path.c:62)
08/13 15:10:52.660: [sbi] WARNING: [9767d514-9719-41f1-bcf4-e743f4aa2bd9] Retry registration with NRF (../lib/sbi/nf-sm.c:279)
08/13 15:10:52.726: [sbi] WARNING: Couldn't resolve host name (6): Could not resolve host: scp (../lib/sbi/client.c:767)
08/13 15:10:52.726: [sbi] WARNING: ogs_sbi_client_handler() failed [-1] (../lib/sbi/path.c:62)
08/13 15:11:03.672: [sbi] WARNING: [9767d514-9719-41f1-bcf4-e743f4aa2bd9] Retry registration with NRF (../lib/sbi/nf-sm.c:279)
08/13 15:11:03.737: [sbi] WARNING: Couldn't resolve host name (6): Could not resolve host: scp (../lib/sbi/client.c:767)
08/13 15:11:03.737: [sbi] WARNING: ogs_sbi_client_handler() failed [-1] (../lib/sbi/path.c:62)
08/13 15:11:14.684: [sbi] WARNING: [9767d514-9719-41f1-bcf4-e743f4aa2bd9] Retry registration with NRF (../lib/sbi/nf-sm.c:279)
08/13 15:11:14.748: [sbi] WARNING: Couldn't resolve host name (6): Could not resolve host: scp (../lib/sbi/client.c:767)
08/13 15:11:14.748: [sbi] WARNING: ogs_sbi_client_handler() failed [-1] (../lib/sbi/path.c:62)
08/13 15:11:25.690: [sbi] WARNING: [9767d514-9719-41f1-bcf4-e743f4aa2bd9] Retry registration with NRF (../lib/sbi/nf-sm.c:279)
08/13 15:11:25.755: [sbi] WARNING: Couldn't resolve host name (6): Could not resolve host: scp (../lib/sbi/client.c:767)
08/13 15:11:25.755: [sbi] WARNING: ogs_sbi_client_handler() failed [-1] (../lib/sbi/path.c:62)
08/13 15:11:36.702: [sbi] WARNING: [9767d514-9719-41f1-bcf4-e743f4aa2bd9] Retry registration with NRF (../lib/sbi/nf-sm.c:279)
08/13 15:11:36.768: [sbi] WARNING: Couldn't resolve host name (6): Could not resolve host: scp (../lib/sbi/client.c:767)
08/13 15:11:36.768: [sbi] WARNING: ogs_sbi_client_handler() failed [-1] (../lib/sbi/path.c:62)
08/13 15:11:47.713: [sbi] WARNING: [9767d514-9719-41f1-bcf4-e743f4aa2bd9] Retry registration with NRF (../lib/sbi/nf-sm.c:279)
08/13 15:11:47.778: [sbi] WARNING: Couldn't resolve host name (6): Could not resolve host: scp (../lib/sbi/client.c:767)
08/13 15:11:47.778: [sbi] WARNING: ogs_sbi_client_handler() failed [-1] (../lib/sbi/path.c:62)
08/13 15:11:58.715: [sbi] WARNING: [9767d514-9719-41f1-bcf4-e743f4aa2bd9] Retry registration with NRF (../lib/sbi/nf-sm.c:279)
08/13 15:11:58.780: [sbi] WARNING: Couldn't resolve host name (6): Could not resolve host: scp (../lib/sbi/client.c:767)
08/13 15:11:58.780: [sbi] WARNING: ogs_sbi_client_handler() failed [-1] (../lib/sbi/path.c:62)
08/13 15:12:09.725: [sbi] WARNING: [9767d514-9719-41f1-bcf4-e743f4aa2bd9] Retry registration with NRF (../lib/sbi/nf-sm.c:279)
08/13 15:12:09.789: [sbi] WARNING: Couldn't resolve host name (6): Could not resolve host: scp (../lib/sbi/client.c:767)
08/13 15:12:09.789: [sbi] WARNING: ogs_sbi_client_handler() failed [-1] (../lib/sbi/path.c:62)
08/13 15:12:20.737: [sbi] WARNING: [9767d514-9719-41f1-bcf4-e743f4aa2bd9] Retry registration with NRF (../lib/sbi/nf-sm.c:279)
08/13 15:12:20.805: [sbi] WARNING: Couldn't resolve host name (6): Could not resolve host: scp (../lib/sbi/client.c:767)
08/13 15:12:20.805: [sbi] WARNING: ogs_sbi_client_handler() failed [-1] (../lib/sbi/path.c:62)
08/13 15:12:31.747: [sbi] WARNING: [9767d514-9719-41f1-bcf4-e743f4aa2bd9] Retry registration with NRF (../lib/sbi/nf-sm.c:279)
08/13 15:12:31.812: [sbi] WARNING: Couldn't resolve host name (6): Could not resolve host: scp (../lib/sbi/client.c:767)
08/13 15:12:31.812: [sbi] WARNING: ogs_sbi_client_handler() failed [-1] (../lib/sbi/path.c:62)
08/13 15:12:42.753: [sbi] WARNING: [9767d514-9719-41f1-bcf4-e743f4aa2bd9] Retry registration with NRF (../lib/sbi/nf-sm.c:279)
08/13 15:12:42.817: [sbi] WARNING: Couldn't resolve host name (6): Could not resolve host: scp (../lib/sbi/client.c:767)
08/13 15:12:42.817: [sbi] WARNING: ogs_sbi_client_handler() failed [-1] (../lib/sbi/path.c:62)
08/13 15:12:53.764: [sbi] WARNING: [9767d514-9719-41f1-bcf4-e743f4aa2bd9] Retry registration with NRF (../lib/sbi/nf-sm.c:279)
08/13 15:12:53.829: [sbi] WARNING: Couldn't resolve host name (6): Could not resolve host: scp (../lib/sbi/client.c:767)
08/13 15:12:53.829: [sbi] WARNING: ogs_sbi_client_handler() failed [-1] (../lib/sbi/path.c:62)
08/13 15:13:04.764: [sbi] WARNING: [9767d514-9719-41f1-bcf4-e743f4aa2bd9] Retry registration with NRF (../lib/sbi/nf-sm.c:279)
08/13 15:13:04.830: [sbi] WARNING: Couldn't resolve host name (6): Could not resolve host: scp (../lib/sbi/client.c:767)
08/13 15:13:04.830: [sbi] WARNING: ogs_sbi_client_handler() failed [-1] (../lib/sbi/path.c:62)
08/13 15:13:15.767: [sbi] WARNING: [9767d514-9719-41f1-bcf4-e743f4aa2bd9] Retry registration with NRF (../lib/sbi/nf-sm.c:279)
08/13 15:13:15.831: [sbi] WARNING: Couldn't resolve host name (6): Could not resolve host: scp (../lib/sbi/client.c:767)
08/13 15:13:15.831: [sbi] WARNING: ogs_sbi_client_handler() failed [-1] (../lib/sbi/path.c:62)
08/13 15:13:26.770: [sbi] WARNING: [9767d514-9719-41f1-bcf4-e743f4aa2bd9] Retry registration with NRF (../lib/sbi/nf-sm.c:279)
08/13 15:13:26.835: [sbi] WARNING: Couldn't resolve host name (6): Could not resolve host: scp (../lib/sbi/client.c:767)
08/13 15:13:26.835: [sbi] WARNING: ogs_sbi_client_handler() failed [-1] (../lib/sbi/path.c:62)
08/13 15:13:37.781: [sbi] WARNING: [9767d514-9719-41f1-bcf4-e743f4aa2bd9] Retry registration with NRF (../lib/sbi/nf-sm.c:279)
08/13 15:13:37.847: [sbi] WARNING: Couldn't resolve host name (6): Could not resolve host: scp (../lib/sbi/client.c:767)
08/13 15:13:37.847: [sbi] WARNING: ogs_sbi_client_handler() failed [-1] (../lib/sbi/path.c:62)
08/13 15:13:48.793: [sbi] WARNING: [9767d514-9719-41f1-bcf4-e743f4aa2bd9] Retry registration with NRF (../lib/sbi/nf-sm.c:279)
08/13 15:13:48.859: [sbi] WARNING: Couldn't resolve host name (6): Could not resolve host: scp (../lib/sbi/client.c:767)
08/13 15:13:48.859: [sbi] WARNING: ogs_sbi_client_handler() failed [-1] (../lib/sbi/path.c:62)
08/13 15:13:59.802: [sbi] WARNING: [9767d514-9719-41f1-bcf4-e743f4aa2bd9] Retry registration with NRF (../lib/sbi/nf-sm.c:279)
08/13 15:13:59.868: [sbi] WARNING: Couldn't resolve host name (6): Could not resolve host: scp (../lib/sbi/client.c:767)
08/13 15:13:59.868: [sbi] WARNING: ogs_sbi_client_handler() failed [-1] (../lib/sbi/path.c:62)
08/13 15:14:10.813: [sbi] WARNING: [9767d514-9719-41f1-bcf4-e743f4aa2bd9] Retry registration with NRF (../lib/sbi/nf-sm.c:279)
08/13 15:14:10.877: [sbi] WARNING: Couldn't resolve host name (6): Could not resolve host: scp (../lib/sbi/client.c:767)
08/13 15:14:10.877: [sbi] WARNING: ogs_sbi_client_handler() failed [-1] (../lib/sbi/path.c:62)
08/13 15:14:21.822: [sbi] WARNING: [9767d514-9719-41f1-bcf4-e743f4aa2bd9] Retry registration with NRF (../lib/sbi/nf-sm.c:279)
08/13 15:14:21.887: [sbi] WARNING: Couldn't resolve host name (6): Could not resolve host: scp (../lib/sbi/client.c:767)
08/13 15:14:21.887: [sbi] WARNING: ogs_sbi_client_handler() failed [-1] (../lib/sbi/path.c:62)
08/13 15:14:32.833: [sbi] WARNING: [9767d514-9719-41f1-bcf4-e743f4aa2bd9] Retry registration with NRF (../lib/sbi/nf-sm.c:279)
08/13 15:14:32.899: [sbi] WARNING: Couldn't resolve host name (6): Could not resolve host: scp (../lib/sbi/client.c:767)
08/13 15:14:32.899: [sbi] WARNING: ogs_sbi_client_handler() failed [-1] (../lib/sbi/path.c:62)
08/13 15:14:43.846: [sbi] WARNING: [9767d514-9719-41f1-bcf4-e743f4aa2bd9] Retry registration with NRF (../lib/sbi/nf-sm.c:279)
08/13 15:14:43.911: [sbi] WARNING: Couldn't resolve host name (6): Could not resolve host: scp (../lib/sbi/client.c:767)
08/13 15:14:43.911: [sbi] WARNING: ogs_sbi_client_handler() failed [-1] (../lib/sbi/path.c:62)
08/13 15:14:54.856: [sbi] WARNING: [9767d514-9719-41f1-bcf4-e743f4aa2bd9] Retry registration with NRF (../lib/sbi/nf-sm.c:279)
08/13 15:14:54.921: [sbi] WARNING: Couldn't resolve host name (6): Could not resolve host: scp (../lib/sbi/client.c:767)
08/13 15:14:54.921: [sbi] WARNING: ogs_sbi_client_handler() failed [-1] (../lib/sbi/path.c:62)
08/13 15:15:05.864: [sbi] WARNING: [9767d514-9719-41f1-bcf4-e743f4aa2bd9] Retry registration with NRF (../lib/sbi/nf-sm.c:279)
08/13 15:15:05.928: [sbi] WARNING: Couldn't resolve host name (6): Could not resolve host: scp (../lib/sbi/client.c:767)
08/13 15:15:05.928: [sbi] WARNING: ogs_sbi_client_handler() failed [-1] (../lib/sbi/path.c:62)
08/13 15:15:16.872: [sbi] WARNING: [9767d514-9719-41f1-bcf4-e743f4aa2bd9] Retry registration with NRF (../lib/sbi/nf-sm.c:279)
08/13 15:15:16.936: [sbi] WARNING: Couldn't resolve host name (6): Could not resolve host: scp (../lib/sbi/client.c:767)
08/13 15:15:16.936: [sbi] WARNING: ogs_sbi_client_handler() failed [-1] (../lib/sbi/path.c:62)
08/13 15:15:27.882: [sbi] WARNING: [9767d514-9719-41f1-bcf4-e743f4aa2bd9] Retry registration with NRF (../lib/sbi/nf-sm.c:279)
08/13 15:15:27.948: [sbi] WARNING: Couldn't resolve host name (6): Could not resolve host: scp (../lib/sbi/client.c:767)
08/13 15:15:27.948: [sbi] WARNING: ogs_sbi_client_handler() failed [-1] (../lib/sbi/path.c:62)
08/13 15:15:38.886: [sbi] WARNING: [9767d514-9719-41f1-bcf4-e743f4aa2bd9] Retry registration with NRF (../lib/sbi/nf-sm.c:279)
08/13 15:15:38.954: [sbi] WARNING: Couldn't resolve host name (6): Could not resolve host: scp (../lib/sbi/client.c:767)
08/13 15:15:38.954: [sbi] WARNING: ogs_sbi_client_handler() failed [-1] (../lib/sbi/path.c:62)
08/13 15:15:49.895: [sbi] WARNING: [9767d514-9719-41f1-bcf4-e743f4aa2bd9] Retry registration with NRF (../lib/sbi/nf-sm.c:279)
08/13 15:15:49.960: [sbi] WARNING: Couldn't resolve host name (6): Could not resolve host: scp (../lib/sbi/client.c:767)
08/13 15:15:49.960: [sbi] WARNING: ogs_sbi_client_handler() failed [-1] (../lib/sbi/path.c:62)
08/13 15:16:00.903: [sbi] WARNING: [9767d514-9719-41f1-bcf4-e743f4aa2bd9] Retry registration with NRF (../lib/sbi/nf-sm.c:279)
08/13 15:16:00.967: [sbi] WARNING: Couldn't resolve host name (6): Could not resolve host: scp (../lib/sbi/client.c:767)
08/13 15:16:00.967: [sbi] WARNING: ogs_sbi_client_handler() failed [-1] (../lib/sbi/path.c:62)
08/13 15:16:11.914: [sbi] WARNING: [9767d514-9719-41f1-bcf4-e743f4aa2bd9] Retry registration with NRF (../lib/sbi/nf-sm.c:279)
08/13 15:16:11.979: [sbi] WARNING: Couldn't resolve host name (6): Could not resolve host: scp (../lib/sbi/client.c:767)
08/13 15:16:11.979: [sbi] WARNING: ogs_sbi_client_handler() failed [-1] (../lib/sbi/path.c:62)
08/13 15:16:22.921: [sbi] WARNING: [9767d514-9719-41f1-bcf4-e743f4aa2bd9] Retry registration with NRF (../lib/sbi/nf-sm.c:279)
08/13 15:16:23.001: [sbi] WARNING: Couldn't resolve host name (6): Could not resolve host: scp (../lib/sbi/client.c:767)
08/13 15:16:23.001: [sbi] WARNING: ogs_sbi_client_handler() failed [-1] (../lib/sbi/path.c:62)
08/13 15:16:33.931: [sbi] WARNING: [9767d514-9719-41f1-bcf4-e743f4aa2bd9] Retry registration with NRF (../lib/sbi/nf-sm.c:279)
08/13 15:16:33.996: [sbi] WARNING: Couldn't resolve host name (6): Could not resolve host: scp (../lib/sbi/client.c:767)
08/13 15:16:33.996: [sbi] WARNING: ogs_sbi_client_handler() failed [-1] (../lib/sbi/path.c:62)
08/13 15:16:44.936: [sbi] WARNING: [9767d514-9719-41f1-bcf4-e743f4aa2bd9] Retry registration with NRF (../lib/sbi/nf-sm.c:279)
08/13 15:16:45.001: [sbi] WARNING: Couldn't resolve host name (6): Could not resolve host: scp (../lib/sbi/client.c:767)
08/13 15:16:45.001: [sbi] WARNING: ogs_sbi_client_handler() failed [-1] (../lib/sbi/path.c:62)
08/13 15:16:55.948: [sbi] WARNING: [9767d514-9719-41f1-bcf4-e743f4aa2bd9] Retry registration with NRF (../lib/sbi/nf-sm.c:279)
08/13 15:16:56.013: [sbi] WARNING: Couldn't resolve host name (6): Could not resolve host: scp (../lib/sbi/client.c:767)
08/13 15:16:56.013: [sbi] WARNING: ogs_sbi_client_handler() failed [-1] (../lib/sbi/path.c:62)
08/13 15:17:06.951: [sbi] WARNING: [9767d514-9719-41f1-bcf4-e743f4aa2bd9] Retry registration with NRF (../lib/sbi/nf-sm.c:279)
08/13 15:17:07.017: [sbi] WARNING: Couldn't resolve host name (6): Could not resolve host: scp (../lib/sbi/client.c:767)
08/13 15:17:07.017: [sbi] WARNING: ogs_sbi_client_handler() failed [-1] (../lib/sbi/path.c:62)
08/13 15:17:17.953: [sbi] WARNING: [9767d514-9719-41f1-bcf4-e743f4aa2bd9] Retry registration with NRF (../lib/sbi/nf-sm.c:279)
08/13 15:17:18.018: [sbi] WARNING: Couldn't resolve host name (6): Could not resolve host: scp (../lib/sbi/client.c:767)
08/13 15:17:18.018: [sbi] WARNING: ogs_sbi_client_handler() failed [-1] (../lib/sbi/path.c:62)
08/13 15:17:28.965: [sbi] WARNING: [9767d514-9719-41f1-bcf4-e743f4aa2bd9] Retry registration with NRF (../lib/sbi/nf-sm.c:279)
08/13 15:17:29.029: [sbi] WARNING: Couldn't resolve host name (6): Could not resolve host: scp (../lib/sbi/client.c:767)
08/13 15:17:29.029: [sbi] WARNING: ogs_sbi_client_handler() failed [-1] (../lib/sbi/path.c:62)
08/13 15:17:39.975: [sbi] WARNING: [9767d514-9719-41f1-bcf4-e743f4aa2bd9] Retry registration with NRF (../lib/sbi/nf-sm.c:279)
08/13 15:17:40.040: [sbi] WARNING: Couldn't resolve host name (6): Could not resolve host: scp (../lib/sbi/client.c:767)
08/13 15:17:40.040: [sbi] WARNING: ogs_sbi_client_handler() failed [-1] (../lib/sbi/path.c:62)
08/13 15:17:50.982: [sbi] WARNING: [9767d514-9719-41f1-bcf4-e743f4aa2bd9] Retry registration with NRF (../lib/sbi/nf-sm.c:279)
08/13 15:17:51.048: [sbi] WARNING: Couldn't resolve host name (6): Could not resolve host: scp (../lib/sbi/client.c:767)
08/13 15:17:51.048: [sbi] WARNING: ogs_sbi_client_handler() failed [-1] (../lib/sbi/path.c:62)
08/13 15:18:01.992: [sbi] WARNING: [9767d514-9719-41f1-bcf4-e743f4aa2bd9] Retry registration with NRF (../lib/sbi/nf-sm.c:279)
08/13 15:18:02.057: [sbi] WARNING: Couldn't resolve host name (6): Could not resolve host: scp (../lib/sbi/client.c:767)
08/13 15:18:02.058: [sbi] WARNING: ogs_sbi_client_handler() failed [-1] (../lib/sbi/path.c:62)
08/13 15:18:13.003: [sbi] WARNING: [9767d514-9719-41f1-bcf4-e743f4aa2bd9] Retry registration with NRF (../lib/sbi/nf-sm.c:279)
08/13 15:18:13.067: [sbi] WARNING: Couldn't resolve host name (6): Could not resolve host: scp (../lib/sbi/client.c:767)
08/13 15:18:13.067: [sbi] WARNING: ogs_sbi_client_handler() failed [-1] (../lib/sbi/path.c:62)
08/13 15:18:24.008: [sbi] WARNING: [9767d514-9719-41f1-bcf4-e743f4aa2bd9] Retry registration with NRF (../lib/sbi/nf-sm.c:279)
08/13 15:18:24.073: [sbi] WARNING: Couldn't resolve host name (6): Could not resolve host: scp (../lib/sbi/client.c:767)
08/13 15:18:24.073: [sbi] WARNING: ogs_sbi_client_handler() failed [-1] (../lib/sbi/path.c:62)
08/13 15:18:35.018: [sbi] WARNING: [9767d514-9719-41f1-bcf4-e743f4aa2bd9] Retry registration with NRF (../lib/sbi/nf-sm.c:279)
08/13 15:18:35.084: [sbi] WARNING: Couldn't resolve host name (6): Could not resolve host: scp (../lib/sbi/client.c:767)
08/13 15:18:35.084: [sbi] WARNING: ogs_sbi_client_handler() failed [-1] (../lib/sbi/path.c:62)
08/13 15:18:46.027: [sbi] WARNING: [9767d514-9719-41f1-bcf4-e743f4aa2bd9] Retry registration with NRF (../lib/sbi/nf-sm.c:279)
08/13 15:18:46.092: [sbi] WARNING: Couldn't resolve host name (6): Could not resolve host: scp (../lib/sbi/client.c:767)
08/13 15:18:46.092: [sbi] WARNING: ogs_sbi_client_handler() failed [-1] (../lib/sbi/path.c:62)
08/13 15:18:57.037: [sbi] WARNING: [9767d514-9719-41f1-bcf4-e743f4aa2bd9] Retry registration with NRF (../lib/sbi/nf-sm.c:279)
08/13 15:18:57.102: [sbi] WARNING: Couldn't resolve host name (6): Could not resolve host: scp (../lib/sbi/client.c:767)
08/13 15:18:57.102: [sbi] WARNING: ogs_sbi_client_handler() failed [-1] (../lib/sbi/path.c:62)
08/13 15:19:08.044: [sbi] WARNING: [9767d514-9719-41f1-bcf4-e743f4aa2bd9] Retry registration with NRF (../lib/sbi/nf-sm.c:279)
08/13 15:19:08.110: [sbi] WARNING: Couldn't resolve host name (6): Could not resolve host: scp (../lib/sbi/client.c:767)
08/13 15:19:08.110: [sbi] WARNING: ogs_sbi_client_handler() failed [-1] (../lib/sbi/path.c:62)
08/13 15:19:19.055: [sbi] WARNING: [9767d514-9719-41f1-bcf4-e743f4aa2bd9] Retry registration with NRF (../lib/sbi/nf-sm.c:279)
08/13 15:19:19.119: [sbi] WARNING: Couldn't resolve host name (6): Could not resolve host: scp (../lib/sbi/client.c:767)
08/13 15:19:19.119: [sbi] WARNING: ogs_sbi_client_handler() failed [-1] (../lib/sbi/path.c:62)
08/13 15:19:30.063: [sbi] WARNING: [9767d514-9719-41f1-bcf4-e743f4aa2bd9] Retry registration with NRF (../lib/sbi/nf-sm.c:279)
08/13 15:19:30.128: [sbi] WARNING: Couldn't resolve host name (6): Could not resolve host: scp (../lib/sbi/client.c:767)
08/13 15:19:30.128: [sbi] WARNING: ogs_sbi_client_handler() failed [-1] (../lib/sbi/path.c:62)
08/13 15:19:41.075: [sbi] WARNING: [9767d514-9719-41f1-bcf4-e743f4aa2bd9] Retry registration with NRF (../lib/sbi/nf-sm.c:279)
08/13 15:19:41.140: [sbi] WARNING: Couldn't resolve host name (6): Could not resolve host: scp (../lib/sbi/client.c:767)
08/13 15:19:41.140: [sbi] WARNING: ogs_sbi_client_handler() failed [-1] (../lib/sbi/path.c:62)
08/13 15:19:52.086: [sbi] WARNING: [9767d514-9719-41f1-bcf4-e743f4aa2bd9] Retry registration with NRF (../lib/sbi/nf-sm.c:279)
08/13 15:19:52.153: [sbi] WARNING: Couldn't resolve host name (6): Could not resolve host: scp (../lib/sbi/client.c:767)
08/13 15:19:52.153: [sbi] WARNING: ogs_sbi_client_handler() failed [-1] (../lib/sbi/path.c:62)
08/13 15:20:03.097: [sbi] WARNING: [9767d514-9719-41f1-bcf4-e743f4aa2bd9] Retry registration with NRF (../lib/sbi/nf-sm.c:279)
08/13 15:20:07.101: [sbi] WARNING: Couldn't resolve host name (6): Could not resolve host: scp (../lib/sbi/client.c:767)
08/13 15:20:07.102: [sbi] WARNING: ogs_sbi_client_handler() failed [-1] (../lib/sbi/path.c:62)
08/13 15:20:14.105: [sbi] WARNING: [9767d514-9719-41f1-bcf4-e743f4aa2bd9] Retry registration with NRF (../lib/sbi/nf-sm.c:279)
08/13 15:20:14.171: [sbi] WARNING: Couldn't resolve host name (6): Could not resolve host: scp (../lib/sbi/client.c:767)
08/13 15:20:14.171: [sbi] WARNING: ogs_sbi_client_handler() failed [-1] (../lib/sbi/path.c:62)
08/13 15:20:25.111: [sbi] WARNING: [9767d514-9719-41f1-bcf4-e743f4aa2bd9] Retry registration with NRF (../lib/sbi/nf-sm.c:279)
08/13 15:20:25.176: [sbi] WARNING: Couldn't resolve host name (6): Could not resolve host: scp (../lib/sbi/client.c:767)
08/13 15:20:25.176: [sbi] WARNING: ogs_sbi_client_handler() failed [-1] (../lib/sbi/path.c:62)
08/13 15:20:36.123: [sbi] WARNING: [9767d514-9719-41f1-bcf4-e743f4aa2bd9] Retry registration with NRF (../lib/sbi/nf-sm.c:279)
08/13 15:20:36.188: [sbi] WARNING: Couldn't resolve host name (6): Could not resolve host: scp (../lib/sbi/client.c:767)
08/13 15:20:36.189: [sbi] WARNING: ogs_sbi_client_handler() failed [-1] (../lib/sbi/path.c:62)
08/13 15:20:47.125: [sbi] WARNING: [9767d514-9719-41f1-bcf4-e743f4aa2bd9] Retry registration with NRF (../lib/sbi/nf-sm.c:279)
08/13 15:20:47.190: [sbi] WARNING: Couldn't resolve host name (6): Could not resolve host: scp (../lib/sbi/client.c:767)
08/13 15:20:47.190: [sbi] WARNING: ogs_sbi_client_handler() failed [-1] (../lib/sbi/path.c:62)
08/13 15:20:58.133: [sbi] WARNING: [9767d514-9719-41f1-bcf4-e743f4aa2bd9] Retry registration with NRF (../lib/sbi/nf-sm.c:279)
08/13 15:20:58.198: [sbi] WARNING: Couldn't resolve host name (6): Could not resolve host: scp (../lib/sbi/client.c:767)
08/13 15:20:58.198: [sbi] WARNING: ogs_sbi_client_handler() failed [-1] (../lib/sbi/path.c:62)
08/13 15:21:09.139: [sbi] WARNING: [9767d514-9719-41f1-bcf4-e743f4aa2bd9] Retry registration with NRF (../lib/sbi/nf-sm.c:279)
08/13 15:21:09.220: [sbi] WARNING: Couldn't resolve host name (6): Could not resolve host: scp (../lib/sbi/client.c:767)
08/13 15:21:09.220: [sbi] WARNING: ogs_sbi_client_handler() failed [-1] (../lib/sbi/path.c:62)
08/13 15:21:20.144: [sbi] WARNING: [9767d514-9719-41f1-bcf4-e743f4aa2bd9] Retry registration with NRF (../lib/sbi/nf-sm.c:279)
08/13 15:21:20.210: [sbi] WARNING: Couldn't resolve host name (6): Could not resolve host: scp (../lib/sbi/client.c:767)
08/13 15:21:20.210: [sbi] WARNING: ogs_sbi_client_handler() failed [-1] (../lib/sbi/path.c:62)
08/13 15:21:31.156: [sbi] WARNING: [9767d514-9719-41f1-bcf4-e743f4aa2bd9] Retry registration with NRF (../lib/sbi/nf-sm.c:279)
08/13 15:21:31.220: [sbi] WARNING: Couldn't resolve host name (6): Could not resolve host: scp (../lib/sbi/client.c:767)
08/13 15:21:31.220: [sbi] WARNING: ogs_sbi_client_handler() failed [-1] (../lib/sbi/path.c:62)
08/13 15:21:42.166: [sbi] WARNING: [9767d514-9719-41f1-bcf4-e743f4aa2bd9] Retry registration with NRF (../lib/sbi/nf-sm.c:279)
08/13 15:21:42.230: [sbi] WARNING: Couldn't resolve host name (6): Could not resolve host: scp (../lib/sbi/client.c:767)
08/13 15:21:42.230: [sbi] WARNING: ogs_sbi_client_handler() failed [-1] (../lib/sbi/path.c:62)
08/13 15:21:53.177: [sbi] WARNING: [9767d514-9719-41f1-bcf4-e743f4aa2bd9] Retry registration with NRF (../lib/sbi/nf-sm.c:279)
08/13 15:21:53.242: [sbi] WARNING: Couldn't resolve host name (6): Could not resolve host: scp (../lib/sbi/client.c:767)
08/13 15:21:53.242: [sbi] WARNING: ogs_sbi_client_handler() failed [-1] (../lib/sbi/path.c:62)
08/13 15:22:04.189: [sbi] WARNING: [9767d514-9719-41f1-bcf4-e743f4aa2bd9] Retry registration with NRF (../lib/sbi/nf-sm.c:279)
08/13 15:22:04.255: [sbi] WARNING: Couldn't resolve host name (6): Could not resolve host: scp (../lib/sbi/client.c:767)
08/13 15:22:04.255: [sbi] WARNING: ogs_sbi_client_handler() failed [-1] (../lib/sbi/path.c:62)
08/13 15:22:15.201: [sbi] WARNING: [9767d514-9719-41f1-bcf4-e743f4aa2bd9] Retry registration with NRF (../lib/sbi/nf-sm.c:279)
08/13 15:22:15.266: [sbi] WARNING: Couldn't resolve host name (6): Could not resolve host: scp (../lib/sbi/client.c:767)
08/13 15:22:15.266: [sbi] WARNING: ogs_sbi_client_handler() failed [-1] (../lib/sbi/path.c:62)
08/13 15:22:26.213: [sbi] WARNING: [9767d514-9719-41f1-bcf4-e743f4aa2bd9] Retry registration with NRF (../lib/sbi/nf-sm.c:279)
08/13 15:22:26.277: [sbi] WARNING: Couldn't resolve host name (6): Could not resolve host: scp (../lib/sbi/client.c:767)
08/13 15:22:26.277: [sbi] WARNING: ogs_sbi_client_handler() failed [-1] (../lib/sbi/path.c:62)
08/13 15:22:37.224: [sbi] WARNING: [9767d514-9719-41f1-bcf4-e743f4aa2bd9] Retry registration with NRF (../lib/sbi/nf-sm.c:279)
08/13 15:22:37.289: [sbi] WARNING: Couldn't resolve host name (6): Could not resolve host: scp (../lib/sbi/client.c:767)
08/13 15:22:37.289: [sbi] WARNING: ogs_sbi_client_handler() failed [-1] (../lib/sbi/path.c:62)
08/13 15:22:48.231: [sbi] WARNING: [9767d514-9719-41f1-bcf4-e743f4aa2bd9] Retry registration with NRF (../lib/sbi/nf-sm.c:279)
08/13 15:22:48.296: [sbi] WARNING: Couldn't resolve host name (6): Could not resolve host: scp (../lib/sbi/client.c:767)
08/13 15:22:48.296: [sbi] WARNING: ogs_sbi_client_handler() failed [-1] (../lib/sbi/path.c:62)
08/13 15:22:59.242: [sbi] WARNING: [9767d514-9719-41f1-bcf4-e743f4aa2bd9] Retry registration with NRF (../lib/sbi/nf-sm.c:279)
08/13 15:22:59.307: [sbi] WARNING: Couldn't resolve host name (6): Could not resolve host: scp (../lib/sbi/client.c:767)
08/13 15:22:59.307: [sbi] WARNING: ogs_sbi_client_handler() failed [-1] (../lib/sbi/path.c:62)
08/13 15:23:10.252: [sbi] WARNING: [9767d514-9719-41f1-bcf4-e743f4aa2bd9] Retry registration with NRF (../lib/sbi/nf-sm.c:279)
08/13 15:23:10.318: [sbi] WARNING: Couldn't resolve host name (6): Could not resolve host: scp (../lib/sbi/client.c:767)
08/13 15:23:10.318: [sbi] WARNING: ogs_sbi_client_handler() failed [-1] (../lib/sbi/path.c:62)
08/13 15:23:21.264: [sbi] WARNING: [9767d514-9719-41f1-bcf4-e743f4aa2bd9] Retry registration with NRF (../lib/sbi/nf-sm.c:279)
08/13 15:23:21.329: [sbi] WARNING: Couldn't resolve host name (6): Could not resolve host: scp (../lib/sbi/client.c:767)
08/13 15:23:21.329: [sbi] WARNING: ogs_sbi_client_handler() failed [-1] (../lib/sbi/path.c:62)
08/13 15:23:32.275: [sbi] WARNING: [9767d514-9719-41f1-bcf4-e743f4aa2bd9] Retry registration with NRF (../lib/sbi/nf-sm.c:279)
08/13 15:23:32.340: [sbi] WARNING: Couldn't resolve host name (6): Could not resolve host: scp (../lib/sbi/client.c:767)
08/13 15:23:32.340: [sbi] WARNING: ogs_sbi_client_handler() failed [-1] (../lib/sbi/path.c:62)
08/13 15:23:43.287: [sbi] WARNING: [9767d514-9719-41f1-bcf4-e743f4aa2bd9] Retry registration with NRF (../lib/sbi/nf-sm.c:279)
08/13 15:23:43.353: [sbi] WARNING: Couldn't resolve host name (6): Could not resolve host: scp (../lib/sbi/client.c:767)
08/13 15:23:43.353: [sbi] WARNING: ogs_sbi_client_handler() failed [-1] (../lib/sbi/path.c:62)
08/13 15:23:54.299: [sbi] WARNING: [9767d514-9719-41f1-bcf4-e743f4aa2bd9] Retry registration with NRF (../lib/sbi/nf-sm.c:279)
08/13 15:23:54.364: [sbi] WARNING: Couldn't resolve host name (6): Could not resolve host: scp (../lib/sbi/client.c:767)
08/13 15:23:54.364: [sbi] WARNING: ogs_sbi_client_handler() failed [-1] (../lib/sbi/path.c:62)
08/13 15:24:05.311: [sbi] WARNING: [9767d514-9719-41f1-bcf4-e743f4aa2bd9] Retry registration with NRF (../lib/sbi/nf-sm.c:279)
08/13 15:24:05.376: [sbi] WARNING: Couldn't resolve host name (6): Could not resolve host: scp (../lib/sbi/client.c:767)
08/13 15:24:05.376: [sbi] WARNING: ogs_sbi_client_handler() failed [-1] (../lib/sbi/path.c:62)
08/13 15:24:16.323: [sbi] WARNING: [9767d514-9719-41f1-bcf4-e743f4aa2bd9] Retry registration with NRF (../lib/sbi/nf-sm.c:279)
08/13 15:24:16.388: [sbi] WARNING: Couldn't resolve host name (6): Could not resolve host: scp (../lib/sbi/client.c:767)
08/13 15:24:16.388: [sbi] WARNING: ogs_sbi_client_handler() failed [-1] (../lib/sbi/path.c:62)
08/13 15:24:27.334: [sbi] WARNING: [9767d514-9719-41f1-bcf4-e743f4aa2bd9] Retry registration with NRF (../lib/sbi/nf-sm.c:279)
08/13 15:24:27.400: [sbi] WARNING: Couldn't resolve host name (6): Could not resolve host: scp (../lib/sbi/client.c:767)
08/13 15:24:27.400: [sbi] WARNING: ogs_sbi_client_handler() failed [-1] (../lib/sbi/path.c:62)
08/13 15:24:38.343: [sbi] WARNING: [9767d514-9719-41f1-bcf4-e743f4aa2bd9] Retry registration with NRF (../lib/sbi/nf-sm.c:279)
08/13 15:24:38.407: [sbi] WARNING: Couldn't resolve host name (6): Could not resolve host: scp (../lib/sbi/client.c:767)
08/13 15:24:38.407: [sbi] WARNING: ogs_sbi_client_handler() failed [-1] (../lib/sbi/path.c:62)
08/13 15:24:49.353: [sbi] WARNING: [9767d514-9719-41f1-bcf4-e743f4aa2bd9] Retry registration with NRF (../lib/sbi/nf-sm.c:279)
08/13 15:24:49.421: [sbi] WARNING: Couldn't resolve host name (6): Could not resolve host: scp (../lib/sbi/client.c:767)
08/13 15:24:49.421: [sbi] WARNING: ogs_sbi_client_handler() failed [-1] (../lib/sbi/path.c:62)
08/13 15:25:00.360: [sbi] WARNING: [9767d514-9719-41f1-bcf4-e743f4aa2bd9] Retry registration with NRF (../lib/sbi/nf-sm.c:279)
08/13 15:25:00.424: [sbi] WARNING: Couldn't resolve host name (6): Could not resolve host: scp (../lib/sbi/client.c:767)
08/13 15:25:00.424: [sbi] WARNING: ogs_sbi_client_handler() failed [-1] (../lib/sbi/path.c:62)
08/13 15:25:11.367: [sbi] WARNING: [9767d514-9719-41f1-bcf4-e743f4aa2bd9] Retry registration with NRF (../lib/sbi/nf-sm.c:279)
08/13 15:25:11.446: [sbi] WARNING: Couldn't resolve host name (6): Could not resolve host: scp (../lib/sbi/client.c:767)
08/13 15:25:11.446: [sbi] WARNING: ogs_sbi_client_handler() failed [-1] (../lib/sbi/path.c:62)
08/13 15:25:22.375: [sbi] WARNING: [9767d514-9719-41f1-bcf4-e743f4aa2bd9] Retry registration with NRF (../lib/sbi/nf-sm.c:279)
08/13 15:25:22.441: [sbi] WARNING: Couldn't resolve host name (6): Could not resolve host: scp (../lib/sbi/client.c:767)
08/13 15:25:22.441: [sbi] WARNING: ogs_sbi_client_handler() failed [-1] (../lib/sbi/path.c:62)
08/13 15:25:33.381: [sbi] WARNING: [9767d514-9719-41f1-bcf4-e743f4aa2bd9] Retry registration with NRF (../lib/sbi/nf-sm.c:279)
08/13 15:25:33.447: [sbi] WARNING: Couldn't resolve host name (6): Could not resolve host: scp (../lib/sbi/client.c:767)
08/13 15:25:33.447: [sbi] WARNING: ogs_sbi_client_handler() failed [-1] (../lib/sbi/path.c:62)
08/13 15:25:44.392: [sbi] WARNING: [9767d514-9719-41f1-bcf4-e743f4aa2bd9] Retry registration with NRF (../lib/sbi/nf-sm.c:279)
08/13 15:25:44.457: [sbi] WARNING: Couldn't resolve host name (6): Could not resolve host: scp (../lib/sbi/client.c:767)
08/13 15:25:44.457: [sbi] WARNING: ogs_sbi_client_handler() failed [-1] (../lib/sbi/path.c:62)
08/13 15:25:55.401: [sbi] WARNING: [9767d514-9719-41f1-bcf4-e743f4aa2bd9] Retry registration with NRF (../lib/sbi/nf-sm.c:279)
08/13 15:25:55.465: [sbi] WARNING: Couldn't resolve host name (6): Could not resolve host: scp (../lib/sbi/client.c:767)
08/13 15:25:55.465: [sbi] WARNING: ogs_sbi_client_handler() failed [-1] (../lib/sbi/path.c:62)
08/13 15:26:06.413: [sbi] WARNING: [9767d514-9719-41f1-bcf4-e743f4aa2bd9] Retry registration with NRF (../lib/sbi/nf-sm.c:279)
08/13 15:26:06.476: [sbi] WARNING: Couldn't resolve host name (6): Could not resolve host: scp (../lib/sbi/client.c:767)
08/13 15:26:06.476: [sbi] WARNING: ogs_sbi_client_handler() failed [-1] (../lib/sbi/path.c:62)
08/13 15:26:17.424: [sbi] WARNING: [9767d514-9719-41f1-bcf4-e743f4aa2bd9] Retry registration with NRF (../lib/sbi/nf-sm.c:279)
08/13 15:26:17.490: [sbi] WARNING: Couldn't resolve host name (6): Could not resolve host: scp (../lib/sbi/client.c:767)
08/13 15:26:17.490: [sbi] WARNING: ogs_sbi_client_handler() failed [-1] (../lib/sbi/path.c:62)
08/13 15:26:28.432: [sbi] WARNING: [9767d514-9719-41f1-bcf4-e743f4aa2bd9] Retry registration with NRF (../lib/sbi/nf-sm.c:279)
08/13 15:26:28.497: [sbi] WARNING: Couldn't resolve host name (6): Could not resolve host: scp (../lib/sbi/client.c:767)
08/13 15:26:28.497: [sbi] WARNING: ogs_sbi_client_handler() failed [-1] (../lib/sbi/path.c:62)
08/13 15:26:39.443: [sbi] WARNING: [9767d514-9719-41f1-bcf4-e743f4aa2bd9] Retry registration with NRF (../lib/sbi/nf-sm.c:279)
08/13 15:26:39.507: [sbi] WARNING: Couldn't resolve host name (6): Could not resolve host: scp (../lib/sbi/client.c:767)
08/13 15:26:39.507: [sbi] WARNING: ogs_sbi_client_handler() failed [-1] (../lib/sbi/path.c:62)
08/13 15:26:50.455: [sbi] WARNING: [9767d514-9719-41f1-bcf4-e743f4aa2bd9] Retry registration with NRF (../lib/sbi/nf-sm.c:279)
08/13 15:26:50.521: [sbi] WARNING: Couldn't resolve host name (6): Could not resolve host: scp (../lib/sbi/client.c:767)
08/13 15:26:50.521: [sbi] WARNING: ogs_sbi_client_handler() failed [-1] (../lib/sbi/path.c:62)
08/13 15:27:01.463: [sbi] WARNING: [9767d514-9719-41f1-bcf4-e743f4aa2bd9] Retry registration with NRF (../lib/sbi/nf-sm.c:279)
08/13 15:27:01.529: [sbi] WARNING: Couldn't resolve host name (6): Could not resolve host: scp (../lib/sbi/client.c:767)
08/13 15:27:01.529: [sbi] WARNING: ogs_sbi_client_handler() failed [-1] (../lib/sbi/path.c:62)
08/13 15:27:12.472: [sbi] WARNING: [9767d514-9719-41f1-bcf4-e743f4aa2bd9] Retry registration with NRF (../lib/sbi/nf-sm.c:279)
08/13 15:27:12.537: [sbi] WARNING: Couldn't resolve host name (6): Could not resolve host: scp (../lib/sbi/client.c:767)
08/13 15:27:12.537: [sbi] WARNING: ogs_sbi_client_handler() failed [-1] (../lib/sbi/path.c:62)
08/13 15:27:23.484: [sbi] WARNING: [9767d514-9719-41f1-bcf4-e743f4aa2bd9] Retry registration with NRF (../lib/sbi/nf-sm.c:279)
08/13 15:27:23.562: [sbi] WARNING: Couldn't resolve host name (6): Could not resolve host: scp (../lib/sbi/client.c:767)
08/13 15:27:23.562: [sbi] WARNING: ogs_sbi_client_handler() failed [-1] (../lib/sbi/path.c:62)
08/13 15:27:34.485: [sbi] WARNING: [9767d514-9719-41f1-bcf4-e743f4aa2bd9] Retry registration with NRF (../lib/sbi/nf-sm.c:279)
08/13 15:27:34.549: [sbi] WARNING: Couldn't resolve host name (6): Could not resolve host: scp (../lib/sbi/client.c:767)
08/13 15:27:34.549: [sbi] WARNING: ogs_sbi_client_handler() failed [-1] (../lib/sbi/path.c:62)
08/13 15:27:45.494: [sbi] WARNING: [9767d514-9719-41f1-bcf4-e743f4aa2bd9] Retry registration with NRF (../lib/sbi/nf-sm.c:279)
08/13 15:27:45.559: [sbi] WARNING: Couldn't resolve host name (6): Could not resolve host: scp (../lib/sbi/client.c:767)
08/13 15:27:45.559: [sbi] WARNING: ogs_sbi_client_handler() failed [-1] (../lib/sbi/path.c:62)
08/13 15:27:56.502: [sbi] WARNING: [9767d514-9719-41f1-bcf4-e743f4aa2bd9] Retry registration with NRF (../lib/sbi/nf-sm.c:279)
08/13 15:27:56.568: [sbi] WARNING: Couldn't resolve host name (6): Could not resolve host: scp (../lib/sbi/client.c:767)
08/13 15:27:56.568: [sbi] WARNING: ogs_sbi_client_handler() failed [-1] (../lib/sbi/path.c:62)
08/13 15:28:07.505: [sbi] WARNING: [9767d514-9719-41f1-bcf4-e743f4aa2bd9] Retry registration with NRF (../lib/sbi/nf-sm.c:279)
08/13 15:28:07.569: [sbi] WARNING: Couldn't resolve host name (6): Could not resolve host: scp (../lib/sbi/client.c:767)
08/13 15:28:07.569: [sbi] WARNING: ogs_sbi_client_handler() failed [-1] (../lib/sbi/path.c:62)
08/13 15:28:18.517: [sbi] WARNING: [9767d514-9719-41f1-bcf4-e743f4aa2bd9] Retry registration with NRF (../lib/sbi/nf-sm.c:279)
08/13 15:28:18.583: [sbi] WARNING: Couldn't resolve host name (6): Could not resolve host: scp (../lib/sbi/client.c:767)
08/13 15:28:18.584: [sbi] WARNING: ogs_sbi_client_handler() failed [-1] (../lib/sbi/path.c:62)
08/13 15:28:29.519: [sbi] WARNING: [9767d514-9719-41f1-bcf4-e743f4aa2bd9] Retry registration with NRF (../lib/sbi/nf-sm.c:279)
08/13 15:28:29.584: [sbi] WARNING: Couldn't resolve host name (6): Could not resolve host: scp (../lib/sbi/client.c:767)
08/13 15:28:29.584: [sbi] WARNING: ogs_sbi_client_handler() failed [-1] (../lib/sbi/path.c:62)
08/13 15:28:40.530: [sbi] WARNING: [9767d514-9719-41f1-bcf4-e743f4aa2bd9] Retry registration with NRF (../lib/sbi/nf-sm.c:279)
08/13 15:28:40.595: [sbi] WARNING: Couldn't resolve host name (6): Could not resolve host: scp (../lib/sbi/client.c:767)
08/13 15:28:40.595: [sbi] WARNING: ogs_sbi_client_handler() failed [-1] (../lib/sbi/path.c:62)
08/13 15:28:51.539: [sbi] WARNING: [9767d514-9719-41f1-bcf4-e743f4aa2bd9] Retry registration with NRF (../lib/sbi/nf-sm.c:279)
08/13 15:28:51.607: [sbi] WARNING: Couldn't resolve host name (6): Could not resolve host: scp (../lib/sbi/client.c:767)
08/13 15:28:51.607: [sbi] WARNING: ogs_sbi_client_handler() failed [-1] (../lib/sbi/path.c:62)
08/13 15:29:02.540: [sbi] WARNING: [9767d514-9719-41f1-bcf4-e743f4aa2bd9] Retry registration with NRF (../lib/sbi/nf-sm.c:279)
08/13 15:29:02.606: [sbi] WARNING: Couldn't resolve host name (6): Could not resolve host: scp (../lib/sbi/client.c:767)
08/13 15:29:02.606: [sbi] WARNING: ogs_sbi_client_handler() failed [-1] (../lib/sbi/path.c:62)
08/13 15:29:13.551: [sbi] WARNING: [9767d514-9719-41f1-bcf4-e743f4aa2bd9] Retry registration with NRF (../lib/sbi/nf-sm.c:279)
08/13 15:29:13.616: [sbi] WARNING: Couldn't resolve host name (6): Could not resolve host: scp (../lib/sbi/client.c:767)
08/13 15:29:13.616: [sbi] WARNING: ogs_sbi_client_handler() failed [-1] (../lib/sbi/path.c:62)
08/13 15:29:24.554: [sbi] WARNING: [9767d514-9719-41f1-bcf4-e743f4aa2bd9] Retry registration with NRF (../lib/sbi/nf-sm.c:279)
08/13 15:29:24.620: [sbi] WARNING: Couldn't resolve host name (6): Could not resolve host: scp (../lib/sbi/client.c:767)
08/13 15:29:24.620: [sbi] WARNING: ogs_sbi_client_handler() failed [-1] (../lib/sbi/path.c:62)
08/13 15:29:35.566: [sbi] WARNING: [9767d514-9719-41f1-bcf4-e743f4aa2bd9] Retry registration with NRF (../lib/sbi/nf-sm.c:279)
08/13 15:29:35.632: [sbi] WARNING: Couldn't resolve host name (6): Could not resolve host: scp (../lib/sbi/client.c:767)
08/13 15:29:35.632: [sbi] WARNING: ogs_sbi_client_handler() failed [-1] (../lib/sbi/path.c:62)
08/13 15:29:46.575: [sbi] WARNING: [9767d514-9719-41f1-bcf4-e743f4aa2bd9] Retry registration with NRF (../lib/sbi/nf-sm.c:279)
08/13 15:29:46.641: [sbi] WARNING: Couldn't resolve host name (6): Could not resolve host: scp (../lib/sbi/client.c:767)
08/13 15:29:46.641: [sbi] WARNING: ogs_sbi_client_handler() failed [-1] (../lib/sbi/path.c:62)
08/13 15:29:57.587: [sbi] WARNING: [9767d514-9719-41f1-bcf4-e743f4aa2bd9] Retry registration with NRF (../lib/sbi/nf-sm.c:279)
08/13 15:29:57.651: [sbi] WARNING: Couldn't resolve host name (6): Could not resolve host: scp (../lib/sbi/client.c:767)
08/13 15:29:57.651: [sbi] WARNING: ogs_sbi_client_handler() failed [-1] (../lib/sbi/path.c:62)
08/13 15:30:08.592: [sbi] WARNING: [9767d514-9719-41f1-bcf4-e743f4aa2bd9] Retry registration with NRF (../lib/sbi/nf-sm.c:279)
08/13 15:30:08.657: [sbi] WARNING: Couldn't resolve host name (6): Could not resolve host: scp (../lib/sbi/client.c:767)
08/13 15:30:08.657: [sbi] WARNING: ogs_sbi_client_handler() failed [-1] (../lib/sbi/path.c:62)
08/13 15:30:19.602: [sbi] WARNING: [9767d514-9719-41f1-bcf4-e743f4aa2bd9] Retry registration with NRF (../lib/sbi/nf-sm.c:279)
08/13 15:30:19.667: [sbi] WARNING: Couldn't resolve host name (6): Could not resolve host: scp (../lib/sbi/client.c:767)
08/13 15:30:19.667: [sbi] WARNING: ogs_sbi_client_handler() failed [-1] (../lib/sbi/path.c:62)
08/13 15:30:30.607: [sbi] WARNING: [9767d514-9719-41f1-bcf4-e743f4aa2bd9] Retry registration with NRF (../lib/sbi/nf-sm.c:279)
08/13 15:30:30.673: [sbi] WARNING: Couldn't resolve host name (6): Could not resolve host: scp (../lib/sbi/client.c:767)
08/13 15:30:30.673: [sbi] WARNING: ogs_sbi_client_handler() failed [-1] (../lib/sbi/path.c:62)
08/13 15:30:41.611: [sbi] WARNING: [9767d514-9719-41f1-bcf4-e743f4aa2bd9] Retry registration with NRF (../lib/sbi/nf-sm.c:279)
08/13 15:30:41.683: [sbi] WARNING: Couldn't resolve host name (6): Could not resolve host: scp (../lib/sbi/client.c:767)
08/13 15:30:41.683: [sbi] WARNING: ogs_sbi_client_handler() failed [-1] (../lib/sbi/path.c:62)
08/13 15:30:52.622: [sbi] WARNING: [9767d514-9719-41f1-bcf4-e743f4aa2bd9] Retry registration with NRF (../lib/sbi/nf-sm.c:279)
08/13 15:30:52.689: [sbi] WARNING: Couldn't resolve host name (6): Could not resolve host: scp (../lib/sbi/client.c:767)
08/13 15:30:52.689: [sbi] WARNING: ogs_sbi_client_handler() failed [-1] (../lib/sbi/path.c:62)
08/13 15:31:03.624: [sbi] WARNING: [9767d514-9719-41f1-bcf4-e743f4aa2bd9] Retry registration with NRF (../lib/sbi/nf-sm.c:279)
08/13 15:31:03.689: [sbi] WARNING: Couldn't resolve host name (6): Could not resolve host: scp (../lib/sbi/client.c:767)
08/13 15:31:03.689: [sbi] WARNING: ogs_sbi_client_handler() failed [-1] (../lib/sbi/path.c:62)
08/13 15:31:14.633: [sbi] WARNING: [9767d514-9719-41f1-bcf4-e743f4aa2bd9] Retry registration with NRF (../lib/sbi/nf-sm.c:279)
08/13 15:31:14.699: [sbi] WARNING: Couldn't resolve host name (6): Could not resolve host: scp (../lib/sbi/client.c:767)
08/13 15:31:14.699: [sbi] WARNING: ogs_sbi_client_handler() failed [-1] (../lib/sbi/path.c:62)
08/13 15:31:25.644: [sbi] WARNING: [9767d514-9719-41f1-bcf4-e743f4aa2bd9] Retry registration with NRF (../lib/sbi/nf-sm.c:279)
08/13 15:31:25.709: [sbi] WARNING: Couldn't resolve host name (6): Could not resolve host: scp (../lib/sbi/client.c:767)
08/13 15:31:25.709: [sbi] WARNING: ogs_sbi_client_handler() failed [-1] (../lib/sbi/path.c:62)
08/13 15:31:36.655: [sbi] WARNING: [9767d514-9719-41f1-bcf4-e743f4aa2bd9] Retry registration with NRF (../lib/sbi/nf-sm.c:279)
08/13 15:31:36.721: [sbi] WARNING: Couldn't resolve host name (6): Could not resolve host: scp (../lib/sbi/client.c:767)
08/13 15:31:36.721: [sbi] WARNING: ogs_sbi_client_handler() failed [-1] (../lib/sbi/path.c:62)
08/13 15:31:47.667: [sbi] WARNING: [9767d514-9719-41f1-bcf4-e743f4aa2bd9] Retry registration with NRF (../lib/sbi/nf-sm.c:279)
08/13 15:31:47.734: [sbi] WARNING: Couldn't resolve host name (6): Could not resolve host: scp (../lib/sbi/client.c:767)
08/13 15:31:47.734: [sbi] WARNING: ogs_sbi_client_handler() failed [-1] (../lib/sbi/path.c:62)
08/13 15:31:58.678: [sbi] WARNING: [9767d514-9719-41f1-bcf4-e743f4aa2bd9] Retry registration with NRF (../lib/sbi/nf-sm.c:279)
08/13 15:31:58.744: [sbi] WARNING: Couldn't resolve host name (6): Could not resolve host: scp (../lib/sbi/client.c:767)
08/13 15:31:58.744: [sbi] WARNING: ogs_sbi_client_handler() failed [-1] (../lib/sbi/path.c:62)
08/13 15:32:09.690: [sbi] WARNING: [9767d514-9719-41f1-bcf4-e743f4aa2bd9] Retry registration with NRF (../lib/sbi/nf-sm.c:279)
08/13 15:32:09.756: [sbi] WARNING: Couldn't resolve host name (6): Could not resolve host: scp (../lib/sbi/client.c:767)
08/13 15:32:09.756: [sbi] WARNING: ogs_sbi_client_handler() failed [-1] (../lib/sbi/path.c:62)
08/13 15:32:20.702: [sbi] WARNING: [9767d514-9719-41f1-bcf4-e743f4aa2bd9] Retry registration with NRF (../lib/sbi/nf-sm.c:279)
08/13 15:32:20.769: [sbi] WARNING: Couldn't resolve host name (6): Could not resolve host: scp (../lib/sbi/client.c:767)
08/13 15:32:20.769: [sbi] WARNING: ogs_sbi_client_handler() failed [-1] (../lib/sbi/path.c:62)
08/13 15:32:31.713: [sbi] WARNING: [9767d514-9719-41f1-bcf4-e743f4aa2bd9] Retry registration with NRF (../lib/sbi/nf-sm.c:279)
08/13 15:32:31.777: [sbi] WARNING: Couldn't resolve host name (6): Could not resolve host: scp (../lib/sbi/client.c:767)
08/13 15:32:31.777: [sbi] WARNING: ogs_sbi_client_handler() failed [-1] (../lib/sbi/path.c:62)
08/13 15:32:42.724: [sbi] WARNING: [9767d514-9719-41f1-bcf4-e743f4aa2bd9] Retry registration with NRF (../lib/sbi/nf-sm.c:279)
08/13 15:32:42.788: [sbi] WARNING: Couldn't resolve host name (6): Could not resolve host: scp (../lib/sbi/client.c:767)
08/13 15:32:42.788: [sbi] WARNING: ogs_sbi_client_handler() failed [-1] (../lib/sbi/path.c:62)
08/13 15:32:53.731: [sbi] WARNING: [9767d514-9719-41f1-bcf4-e743f4aa2bd9] Retry registration with NRF (../lib/sbi/nf-sm.c:279)
08/13 15:32:53.795: [sbi] WARNING: Couldn't resolve host name (6): Could not resolve host: scp (../lib/sbi/client.c:767)
08/13 15:32:53.795: [sbi] WARNING: ogs_sbi_client_handler() failed [-1] (../lib/sbi/path.c:62)
08/13 15:33:04.742: [sbi] WARNING: [9767d514-9719-41f1-bcf4-e743f4aa2bd9] Retry registration with NRF (../lib/sbi/nf-sm.c:279)
08/13 15:33:04.805: [sbi] WARNING: Couldn't resolve host name (6): Could not resolve host: scp (../lib/sbi/client.c:767)
08/13 15:33:04.805: [sbi] WARNING: ogs_sbi_client_handler() failed [-1] (../lib/sbi/path.c:62)
08/13 15:33:15.754: [sbi] WARNING: [9767d514-9719-41f1-bcf4-e743f4aa2bd9] Retry registration with NRF (../lib/sbi/nf-sm.c:279)
08/13 15:33:15.820: [sbi] WARNING: Couldn't resolve host name (6): Could not resolve host: scp (../lib/sbi/client.c:767)
08/13 15:33:15.820: [sbi] WARNING: ogs_sbi_client_handler() failed [-1] (../lib/sbi/path.c:62)
08/13 15:33:26.764: [sbi] WARNING: [9767d514-9719-41f1-bcf4-e743f4aa2bd9] Retry registration with NRF (../lib/sbi/nf-sm.c:279)
08/13 15:33:26.830: [sbi] WARNING: Couldn't resolve host name (6): Could not resolve host: scp (../lib/sbi/client.c:767)
08/13 15:33:26.830: [sbi] WARNING: ogs_sbi_client_handler() failed [-1] (../lib/sbi/path.c:62)
08/13 15:33:37.772: [sbi] WARNING: [9767d514-9719-41f1-bcf4-e743f4aa2bd9] Retry registration with NRF (../lib/sbi/nf-sm.c:279)
08/13 15:33:37.839: [sbi] WARNING: Couldn't resolve host name (6): Could not resolve host: scp (../lib/sbi/client.c:767)
08/13 15:33:37.839: [sbi] WARNING: ogs_sbi_client_handler() failed [-1] (../lib/sbi/path.c:62)
08/13 15:33:48.777: [sbi] WARNING: [9767d514-9719-41f1-bcf4-e743f4aa2bd9] Retry registration with NRF (../lib/sbi/nf-sm.c:279)
08/13 15:33:48.842: [sbi] WARNING: Couldn't resolve host name (6): Could not resolve host: scp (../lib/sbi/client.c:767)
08/13 15:33:48.842: [sbi] WARNING: ogs_sbi_client_handler() failed [-1] (../lib/sbi/path.c:62)
08/13 15:33:59.788: [sbi] WARNING: [9767d514-9719-41f1-bcf4-e743f4aa2bd9] Retry registration with NRF (../lib/sbi/nf-sm.c:279)
08/13 15:33:59.854: [sbi] WARNING: Couldn't resolve host name (6): Could not resolve host: scp (../lib/sbi/client.c:767)
08/13 15:33:59.854: [sbi] WARNING: ogs_sbi_client_handler() failed [-1] (../lib/sbi/path.c:62)
08/13 15:34:10.800: [sbi] WARNING: [9767d514-9719-41f1-bcf4-e743f4aa2bd9] Retry registration with NRF (../lib/sbi/nf-sm.c:279)
08/13 15:34:10.866: [sbi] WARNING: Couldn't resolve host name (6): Could not resolve host: scp (../lib/sbi/client.c:767)
08/13 15:34:10.866: [sbi] WARNING: ogs_sbi_client_handler() failed [-1] (../lib/sbi/path.c:62)
08/13 15:34:21.805: [sbi] WARNING: [9767d514-9719-41f1-bcf4-e743f4aa2bd9] Retry registration with NRF (../lib/sbi/nf-sm.c:279)
08/13 15:34:21.869: [sbi] WARNING: Couldn't resolve host name (6): Could not resolve host: scp (../lib/sbi/client.c:767)
08/13 15:34:21.869: [sbi] WARNING: ogs_sbi_client_handler() failed [-1] (../lib/sbi/path.c:62)
08/13 15:34:32.817: [sbi] WARNING: [9767d514-9719-41f1-bcf4-e743f4aa2bd9] Retry registration with NRF (../lib/sbi/nf-sm.c:279)
08/13 15:34:32.883: [sbi] WARNING: Couldn't resolve host name (6): Could not resolve host: scp (../lib/sbi/client.c:767)
08/13 15:34:32.883: [sbi] WARNING: ogs_sbi_client_handler() failed [-1] (../lib/sbi/path.c:62)
08/13 15:34:43.826: [sbi] WARNING: [9767d514-9719-41f1-bcf4-e743f4aa2bd9] Retry registration with NRF (../lib/sbi/nf-sm.c:279)
08/13 15:34:43.891: [sbi] WARNING: Couldn't resolve host name (6): Could not resolve host: scp (../lib/sbi/client.c:767)
08/13 15:34:43.891: [sbi] WARNING: ogs_sbi_client_handler() failed [-1] (../lib/sbi/path.c:62)
08/13 15:34:54.835: [sbi] WARNING: [9767d514-9719-41f1-bcf4-e743f4aa2bd9] Retry registration with NRF (../lib/sbi/nf-sm.c:279)
08/13 15:34:54.900: [sbi] WARNING: Couldn't resolve host name (6): Could not resolve host: scp (../lib/sbi/client.c:767)
08/13 15:34:54.900: [sbi] WARNING: ogs_sbi_client_handler() failed [-1] (../lib/sbi/path.c:62)
08/13 15:35:05.847: [sbi] WARNING: [9767d514-9719-41f1-bcf4-e743f4aa2bd9] Retry registration with NRF (../lib/sbi/nf-sm.c:279)
08/13 15:35:05.911: [sbi] WARNING: Couldn't resolve host name (6): Could not resolve host: scp (../lib/sbi/client.c:767)
08/13 15:35:05.911: [sbi] WARNING: ogs_sbi_client_handler() failed [-1] (../lib/sbi/path.c:62)
08/13 15:35:16.854: [sbi] WARNING: [9767d514-9719-41f1-bcf4-e743f4aa2bd9] Retry registration with NRF (../lib/sbi/nf-sm.c:279)
08/13 15:35:16.921: [sbi] WARNING: Couldn't resolve host name (6): Could not resolve host: scp (../lib/sbi/client.c:767)
08/13 15:35:16.921: [sbi] WARNING: ogs_sbi_client_handler() failed [-1] (../lib/sbi/path.c:62)
08/13 15:35:27.865: [sbi] WARNING: [9767d514-9719-41f1-bcf4-e743f4aa2bd9] Retry registration with NRF (../lib/sbi/nf-sm.c:279)
08/13 15:35:27.936: [sbi] WARNING: Couldn't resolve host name (6): Could not resolve host: scp (../lib/sbi/client.c:767)
08/13 15:35:27.936: [sbi] WARNING: ogs_sbi_client_handler() failed [-1] (../lib/sbi/path.c:62)
08/13 15:35:38.874: [sbi] WARNING: [9767d514-9719-41f1-bcf4-e743f4aa2bd9] Retry registration with NRF (../lib/sbi/nf-sm.c:279)
08/13 15:35:38.940: [sbi] WARNING: Couldn't resolve host name (6): Could not resolve host: scp (../lib/sbi/client.c:767)
08/13 15:35:38.940: [sbi] WARNING: ogs_sbi_client_handler() failed [-1] (../lib/sbi/path.c:62)
08/13 15:35:49.878: [sbi] WARNING: [9767d514-9719-41f1-bcf4-e743f4aa2bd9] Retry registration with NRF (../lib/sbi/nf-sm.c:279)
08/13 15:35:49.943: [sbi] WARNING: Couldn't resolve host name (6): Could not resolve host: scp (../lib/sbi/client.c:767)
08/13 15:35:49.943: [sbi] WARNING: ogs_sbi_client_handler() failed [-1] (../lib/sbi/path.c:62)
08/13 15:36:00.890: [sbi] WARNING: [9767d514-9719-41f1-bcf4-e743f4aa2bd9] Retry registration with NRF (../lib/sbi/nf-sm.c:279)
08/13 15:36:00.955: [sbi] WARNING: Couldn't resolve host name (6): Could not resolve host: scp (../lib/sbi/client.c:767)
08/13 15:36:00.955: [sbi] WARNING: ogs_sbi_client_handler() failed [-1] (../lib/sbi/path.c:62)
08/13 15:36:11.892: [sbi] WARNING: [9767d514-9719-41f1-bcf4-e743f4aa2bd9] Retry registration with NRF (../lib/sbi/nf-sm.c:279)
08/13 15:36:11.956: [sbi] WARNING: Couldn't resolve host name (6): Could not resolve host: scp (../lib/sbi/client.c:767)
08/13 15:36:11.956: [sbi] WARNING: ogs_sbi_client_handler() failed [-1] (../lib/sbi/path.c:62)
08/13 15:36:22.901: [sbi] WARNING: [9767d514-9719-41f1-bcf4-e743f4aa2bd9] Retry registration with NRF (../lib/sbi/nf-sm.c:279)
08/13 15:36:22.965: [sbi] WARNING: Couldn't resolve host name (6): Could not resolve host: scp (../lib/sbi/client.c:767)
08/13 15:36:22.965: [sbi] WARNING: ogs_sbi_client_handler() failed [-1] (../lib/sbi/path.c:62)
08/13 15:36:33.910: [sbi] WARNING: [9767d514-9719-41f1-bcf4-e743f4aa2bd9] Retry registration with NRF (../lib/sbi/nf-sm.c:279)
08/13 15:36:33.978: [sbi] WARNING: Couldn't resolve host name (6): Could not resolve host: scp (../lib/sbi/client.c:767)
08/13 15:36:33.978: [sbi] WARNING: ogs_sbi_client_handler() failed [-1] (../lib/sbi/path.c:62)
08/13 15:36:44.922: [sbi] WARNING: [9767d514-9719-41f1-bcf4-e743f4aa2bd9] Retry registration with NRF (../lib/sbi/nf-sm.c:279)
08/13 15:36:44.987: [sbi] WARNING: Couldn't resolve host name (6): Could not resolve host: scp (../lib/sbi/client.c:767)
08/13 15:36:44.987: [sbi] WARNING: ogs_sbi_client_handler() failed [-1] (../lib/sbi/path.c:62)
08/13 15:36:55.927: [sbi] WARNING: [9767d514-9719-41f1-bcf4-e743f4aa2bd9] Retry registration with NRF (../lib/sbi/nf-sm.c:279)
08/13 15:36:55.993: [sbi] WARNING: Couldn't resolve host name (6): Could not resolve host: scp (../lib/sbi/client.c:767)
08/13 15:36:55.993: [sbi] WARNING: ogs_sbi_client_handler() failed [-1] (../lib/sbi/path.c:62)
08/13 15:37:06.932: [sbi] WARNING: [9767d514-9719-41f1-bcf4-e743f4aa2bd9] Retry registration with NRF (../lib/sbi/nf-sm.c:279)
08/13 15:37:06.997: [sbi] WARNING: Couldn't resolve host name (6): Could not resolve host: scp (../lib/sbi/client.c:767)
08/13 15:37:06.997: [sbi] WARNING: ogs_sbi_client_handler() failed [-1] (../lib/sbi/path.c:62)
08/13 15:37:17.943: [sbi] WARNING: [9767d514-9719-41f1-bcf4-e743f4aa2bd9] Retry registration with NRF (../lib/sbi/nf-sm.c:279)
08/13 15:37:18.008: [sbi] WARNING: Couldn't resolve host name (6): Could not resolve host: scp (../lib/sbi/client.c:767)
08/13 15:37:18.008: [sbi] WARNING: ogs_sbi_client_handler() failed [-1] (../lib/sbi/path.c:62)
08/13 15:37:28.954: [sbi] WARNING: [9767d514-9719-41f1-bcf4-e743f4aa2bd9] Retry registration with NRF (../lib/sbi/nf-sm.c:279)
08/13 15:37:29.019: [sbi] WARNING: Couldn't resolve host name (6): Could not resolve host: scp (../lib/sbi/client.c:767)
08/13 15:37:29.019: [sbi] WARNING: ogs_sbi_client_handler() failed [-1] (../lib/sbi/path.c:62)
08/13 15:37:39.964: [sbi] WARNING: [9767d514-9719-41f1-bcf4-e743f4aa2bd9] Retry registration with NRF (../lib/sbi/nf-sm.c:279)
08/13 15:37:40.034: [sbi] WARNING: Couldn't resolve host name (6): Could not resolve host: scp (../lib/sbi/client.c:767)
08/13 15:37:40.034: [sbi] WARNING: ogs_sbi_client_handler() failed [-1] (../lib/sbi/path.c:62)
08/13 15:37:50.966: [sbi] WARNING: [9767d514-9719-41f1-bcf4-e743f4aa2bd9] Retry registration with NRF (../lib/sbi/nf-sm.c:279)
08/13 15:37:51.031: [sbi] WARNING: Couldn't resolve host name (6): Could not resolve host: scp (../lib/sbi/client.c:767)
08/13 15:37:51.031: [sbi] WARNING: ogs_sbi_client_handler() failed [-1] (../lib/sbi/path.c:62)
08/13 15:38:01.973: [sbi] WARNING: [9767d514-9719-41f1-bcf4-e743f4aa2bd9] Retry registration with NRF (../lib/sbi/nf-sm.c:279)
08/13 15:38:02.040: [sbi] WARNING: Couldn't resolve host name (6): Could not resolve host: scp (../lib/sbi/client.c:767)
08/13 15:38:02.040: [sbi] WARNING: ogs_sbi_client_handler() failed [-1] (../lib/sbi/path.c:62)
08/13 15:38:12.983: [sbi] WARNING: [9767d514-9719-41f1-bcf4-e743f4aa2bd9] Retry registration with NRF (../lib/sbi/nf-sm.c:279)
08/13 15:38:13.048: [sbi] WARNING: Couldn't resolve host name (6): Could not resolve host: scp (../lib/sbi/client.c:767)
08/13 15:38:13.048: [sbi] WARNING: ogs_sbi_client_handler() failed [-1] (../lib/sbi/path.c:62)
08/13 15:38:23.990: [sbi] WARNING: [9767d514-9719-41f1-bcf4-e743f4aa2bd9] Retry registration with NRF (../lib/sbi/nf-sm.c:279)
08/13 15:38:24.055: [sbi] WARNING: Couldn't resolve host name (6): Could not resolve host: scp (../lib/sbi/client.c:767)
08/13 15:38:24.055: [sbi] WARNING: ogs_sbi_client_handler() failed [-1] (../lib/sbi/path.c:62)
08/13 15:38:34.994: [sbi] WARNING: [9767d514-9719-41f1-bcf4-e743f4aa2bd9] Retry registration with NRF (../lib/sbi/nf-sm.c:279)
08/13 15:38:35.058: [sbi] WARNING: Couldn't resolve host name (6): Could not resolve host: scp (../lib/sbi/client.c:767)
08/13 15:38:35.058: [sbi] WARNING: ogs_sbi_client_handler() failed [-1] (../lib/sbi/path.c:62)
08/13 15:38:46.006: [sbi] WARNING: [9767d514-9719-41f1-bcf4-e743f4aa2bd9] Retry registration with NRF (../lib/sbi/nf-sm.c:279)
08/13 15:38:46.071: [sbi] WARNING: Couldn't resolve host name (6): Could not resolve host: scp (../lib/sbi/client.c:767)
08/13 15:38:46.071: [sbi] WARNING: ogs_sbi_client_handler() failed [-1] (../lib/sbi/path.c:62)
08/13 15:38:57.016: [sbi] WARNING: [9767d514-9719-41f1-bcf4-e743f4aa2bd9] Retry registration with NRF (../lib/sbi/nf-sm.c:279)
08/13 15:38:57.082: [sbi] WARNING: Couldn't resolve host name (6): Could not resolve host: scp (../lib/sbi/client.c:767)
08/13 15:38:57.082: [sbi] WARNING: ogs_sbi_client_handler() failed [-1] (../lib/sbi/path.c:62)
08/13 15:39:08.027: [sbi] WARNING: [9767d514-9719-41f1-bcf4-e743f4aa2bd9] Retry registration with NRF (../lib/sbi/nf-sm.c:279)
08/13 15:39:08.093: [sbi] WARNING: Couldn't resolve host name (6): Could not resolve host: scp (../lib/sbi/client.c:767)
08/13 15:39:08.093: [sbi] WARNING: ogs_sbi_client_handler() failed [-1] (../lib/sbi/path.c:62)
08/13 15:39:19.035: [sbi] WARNING: [9767d514-9719-41f1-bcf4-e743f4aa2bd9] Retry registration with NRF (../lib/sbi/nf-sm.c:279)
08/13 15:39:19.099: [sbi] WARNING: Couldn't resolve host name (6): Could not resolve host: scp (../lib/sbi/client.c:767)
08/13 15:39:19.099: [sbi] WARNING: ogs_sbi_client_handler() failed [-1] (../lib/sbi/path.c:62)
08/13 15:39:30.041: [sbi] WARNING: [9767d514-9719-41f1-bcf4-e743f4aa2bd9] Retry registration with NRF (../lib/sbi/nf-sm.c:279)
08/13 15:39:30.106: [sbi] WARNING: Couldn't resolve host name (6): Could not resolve host: scp (../lib/sbi/client.c:767)
08/13 15:39:30.106: [sbi] WARNING: ogs_sbi_client_handler() failed [-1] (../lib/sbi/path.c:62)
08/13 15:39:41.043: [sbi] WARNING: [9767d514-9719-41f1-bcf4-e743f4aa2bd9] Retry registration with NRF (../lib/sbi/nf-sm.c:279)
08/13 15:39:41.109: [sbi] WARNING: Couldn't resolve host name (6): Could not resolve host: scp (../lib/sbi/client.c:767)
08/13 15:39:41.109: [sbi] WARNING: ogs_sbi_client_handler() failed [-1] (../lib/sbi/path.c:62)
08/13 15:39:52.051: [sbi] WARNING: [9767d514-9719-41f1-bcf4-e743f4aa2bd9] Retry registration with NRF (../lib/sbi/nf-sm.c:279)
08/13 15:39:52.116: [sbi] WARNING: Couldn't resolve host name (6): Could not resolve host: scp (../lib/sbi/client.c:767)
08/13 15:39:52.116: [sbi] WARNING: ogs_sbi_client_handler() failed [-1] (../lib/sbi/path.c:62)
08/13 15:40:03.063: [sbi] WARNING: [9767d514-9719-41f1-bcf4-e743f4aa2bd9] Retry registration with NRF (../lib/sbi/nf-sm.c:279)
08/13 15:40:03.128: [sbi] WARNING: Couldn't resolve host name (6): Could not resolve host: scp (../lib/sbi/client.c:767)
08/13 15:40:03.128: [sbi] WARNING: ogs_sbi_client_handler() failed [-1] (../lib/sbi/path.c:62)
08/13 15:40:14.074: [sbi] WARNING: [9767d514-9719-41f1-bcf4-e743f4aa2bd9] Retry registration with NRF (../lib/sbi/nf-sm.c:279)
08/13 15:40:14.141: [sbi] WARNING: Couldn't resolve host name (6): Could not resolve host: scp (../lib/sbi/client.c:767)
08/13 15:40:14.141: [sbi] WARNING: ogs_sbi_client_handler() failed [-1] (../lib/sbi/path.c:62)
08/13 15:40:25.086: [sbi] WARNING: [9767d514-9719-41f1-bcf4-e743f4aa2bd9] Retry registration with NRF (../lib/sbi/nf-sm.c:279)
08/13 15:40:25.151: [sbi] WARNING: Couldn't resolve host name (6): Could not resolve host: scp (../lib/sbi/client.c:767)
08/13 15:40:25.151: [sbi] WARNING: ogs_sbi_client_handler() failed [-1] (../lib/sbi/path.c:62)
08/13 15:40:36.096: [sbi] WARNING: [9767d514-9719-41f1-bcf4-e743f4aa2bd9] Retry registration with NRF (../lib/sbi/nf-sm.c:279)
08/13 15:40:36.160: [sbi] WARNING: Couldn't resolve host name (6): Could not resolve host: scp (../lib/sbi/client.c:767)
08/13 15:40:36.160: [sbi] WARNING: ogs_sbi_client_handler() failed [-1] (../lib/sbi/path.c:62)
08/13 15:40:47.105: [sbi] WARNING: [9767d514-9719-41f1-bcf4-e743f4aa2bd9] Retry registration with NRF (../lib/sbi/nf-sm.c:279)
08/13 15:40:47.176: [sbi] WARNING: Couldn't resolve host name (6): Could not resolve host: scp (../lib/sbi/client.c:767)
08/13 15:40:47.176: [sbi] WARNING: ogs_sbi_client_handler() failed [-1] (../lib/sbi/path.c:62)
08/13 15:40:58.112: [sbi] WARNING: [9767d514-9719-41f1-bcf4-e743f4aa2bd9] Retry registration with NRF (../lib/sbi/nf-sm.c:279)
08/13 15:40:58.178: [sbi] WARNING: Couldn't resolve host name (6): Could not resolve host: scp (../lib/sbi/client.c:767)
08/13 15:40:58.178: [sbi] WARNING: ogs_sbi_client_handler() failed [-1] (../lib/sbi/path.c:62)
08/13 15:41:09.122: [sbi] WARNING: [9767d514-9719-41f1-bcf4-e743f4aa2bd9] Retry registration with NRF (../lib/sbi/nf-sm.c:279)
08/13 15:41:09.187: [sbi] WARNING: Couldn't resolve host name (6): Could not resolve host: scp (../lib/sbi/client.c:767)
08/13 15:41:09.187: [sbi] WARNING: ogs_sbi_client_handler() failed [-1] (../lib/sbi/path.c:62)
08/13 15:41:20.132: [sbi] WARNING: [9767d514-9719-41f1-bcf4-e743f4aa2bd9] Retry registration with NRF (../lib/sbi/nf-sm.c:279)
08/13 15:41:20.196: [sbi] WARNING: Couldn't resolve host name (6): Could not resolve host: scp (../lib/sbi/client.c:767)
08/13 15:41:20.196: [sbi] WARNING: ogs_sbi_client_handler() failed [-1] (../lib/sbi/path.c:62)
08/13 15:41:31.142: [sbi] WARNING: [9767d514-9719-41f1-bcf4-e743f4aa2bd9] Retry registration with NRF (../lib/sbi/nf-sm.c:279)
08/13 15:41:31.208: [sbi] WARNING: Couldn't resolve host name (6): Could not resolve host: scp (../lib/sbi/client.c:767)
08/13 15:41:31.208: [sbi] WARNING: ogs_sbi_client_handler() failed [-1] (../lib/sbi/path.c:62)
08/13 15:41:42.154: [sbi] WARNING: [9767d514-9719-41f1-bcf4-e743f4aa2bd9] Retry registration with NRF (../lib/sbi/nf-sm.c:279)
08/13 15:41:42.220: [sbi] WARNING: Couldn't resolve host name (6): Could not resolve host: scp (../lib/sbi/client.c:767)
08/13 15:41:42.220: [sbi] WARNING: ogs_sbi_client_handler() failed [-1] (../lib/sbi/path.c:62)
08/13 15:41:53.165: [sbi] WARNING: [9767d514-9719-41f1-bcf4-e743f4aa2bd9] Retry registration with NRF (../lib/sbi/nf-sm.c:279)
08/13 15:41:53.230: [sbi] WARNING: Couldn't resolve host name (6): Could not resolve host: scp (../lib/sbi/client.c:767)
08/13 15:41:53.230: [sbi] WARNING: ogs_sbi_client_handler() failed [-1] (../lib/sbi/path.c:62)
08/13 15:42:04.173: [sbi] WARNING: [9767d514-9719-41f1-bcf4-e743f4aa2bd9] Retry registration with NRF (../lib/sbi/nf-sm.c:279)
08/13 15:42:04.237: [sbi] WARNING: Couldn't resolve host name (6): Could not resolve host: scp (../lib/sbi/client.c:767)
08/13 15:42:04.237: [sbi] WARNING: ogs_sbi_client_handler() failed [-1] (../lib/sbi/path.c:62)
08/13 15:42:15.181: [sbi] WARNING: [9767d514-9719-41f1-bcf4-e743f4aa2bd9] Retry registration with NRF (../lib/sbi/nf-sm.c:279)
08/13 15:42:15.246: [sbi] WARNING: Couldn't resolve host name (6): Could not resolve host: scp (../lib/sbi/client.c:767)
08/13 15:42:15.246: [sbi] WARNING: ogs_sbi_client_handler() failed [-1] (../lib/sbi/path.c:62)
08/13 15:42:26.193: [sbi] WARNING: [9767d514-9719-41f1-bcf4-e743f4aa2bd9] Retry registration with NRF (../lib/sbi/nf-sm.c:279)
08/13 15:42:26.259: [sbi] WARNING: Couldn't resolve host name (6): Could not resolve host: scp (../lib/sbi/client.c:767)
08/13 15:42:26.259: [sbi] WARNING: ogs_sbi_client_handler() failed [-1] (../lib/sbi/path.c:62)
08/13 15:42:37.201: [sbi] WARNING: [9767d514-9719-41f1-bcf4-e743f4aa2bd9] Retry registration with NRF (../lib/sbi/nf-sm.c:279)
08/13 15:42:37.266: [sbi] WARNING: Couldn't resolve host name (6): Could not resolve host: scp (../lib/sbi/client.c:767)
08/13 15:42:37.266: [sbi] WARNING: ogs_sbi_client_handler() failed [-1] (../lib/sbi/path.c:62)
08/13 15:42:48.212: [sbi] WARNING: [9767d514-9719-41f1-bcf4-e743f4aa2bd9] Retry registration with NRF (../lib/sbi/nf-sm.c:279)
08/13 15:42:48.277: [sbi] WARNING: Couldn't resolve host name (6): Could not resolve host: scp (../lib/sbi/client.c:767)
08/13 15:42:48.277: [sbi] WARNING: ogs_sbi_client_handler() failed [-1] (../lib/sbi/path.c:62)
08/13 15:42:59.215: [sbi] WARNING: [9767d514-9719-41f1-bcf4-e743f4aa2bd9] Retry registration with NRF (../lib/sbi/nf-sm.c:279)
08/13 15:42:59.280: [sbi] WARNING: Couldn't resolve host name (6): Could not resolve host: scp (../lib/sbi/client.c:767)
08/13 15:42:59.280: [sbi] WARNING: ogs_sbi_client_handler() failed [-1] (../lib/sbi/path.c:62)
08/13 15:43:10.220: [sbi] WARNING: [9767d514-9719-41f1-bcf4-e743f4aa2bd9] Retry registration with NRF (../lib/sbi/nf-sm.c:279)
08/13 15:43:10.285: [sbi] WARNING: Couldn't resolve host name (6): Could not resolve host: scp (../lib/sbi/client.c:767)
08/13 15:43:10.285: [sbi] WARNING: ogs_sbi_client_handler() failed [-1] (../lib/sbi/path.c:62)
08/13 15:43:21.225: [sbi] WARNING: [9767d514-9719-41f1-bcf4-e743f4aa2bd9] Retry registration with NRF (../lib/sbi/nf-sm.c:279)
08/13 15:43:21.290: [sbi] WARNING: Couldn't resolve host name (6): Could not resolve host: scp (../lib/sbi/client.c:767)
08/13 15:43:21.290: [sbi] WARNING: ogs_sbi_client_handler() failed [-1] (../lib/sbi/path.c:62)
08/13 15:43:32.235: [sbi] WARNING: [9767d514-9719-41f1-bcf4-e743f4aa2bd9] Retry registration with NRF (../lib/sbi/nf-sm.c:279)
08/13 15:43:32.301: [sbi] WARNING: Couldn't resolve host name (6): Could not resolve host: scp (../lib/sbi/client.c:767)
08/13 15:43:32.301: [sbi] WARNING: ogs_sbi_client_handler() failed [-1] (../lib/sbi/path.c:62)
08/13 15:43:43.245: [sbi] WARNING: [9767d514-9719-41f1-bcf4-e743f4aa2bd9] Retry registration with NRF (../lib/sbi/nf-sm.c:279)
08/13 15:43:43.309: [sbi] WARNING: Couldn't resolve host name (6): Could not resolve host: scp (../lib/sbi/client.c:767)
08/13 15:43:43.309: [sbi] WARNING: ogs_sbi_client_handler() failed [-1] (../lib/sbi/path.c:62)
08/13 15:43:54.250: [sbi] WARNING: [9767d514-9719-41f1-bcf4-e743f4aa2bd9] Retry registration with NRF (../lib/sbi/nf-sm.c:279)
08/13 15:43:54.315: [sbi] WARNING: Couldn't resolve host name (6): Could not resolve host: scp (../lib/sbi/client.c:767)
08/13 15:43:54.315: [sbi] WARNING: ogs_sbi_client_handler() failed [-1] (../lib/sbi/path.c:62)
08/13 15:44:05.255: [sbi] WARNING: [9767d514-9719-41f1-bcf4-e743f4aa2bd9] Retry registration with NRF (../lib/sbi/nf-sm.c:279)
08/13 15:44:05.318: [sbi] WARNING: Couldn't resolve host name (6): Could not resolve host: scp (../lib/sbi/client.c:767)
08/13 15:44:05.319: [sbi] WARNING: ogs_sbi_client_handler() failed [-1] (../lib/sbi/path.c:62)
08/13 15:44:16.261: [sbi] WARNING: [9767d514-9719-41f1-bcf4-e743f4aa2bd9] Retry registration with NRF (../lib/sbi/nf-sm.c:279)
08/13 15:44:16.326: [sbi] WARNING: Couldn't resolve host name (6): Could not resolve host: scp (../lib/sbi/client.c:767)
08/13 15:44:16.326: [sbi] WARNING: ogs_sbi_client_handler() failed [-1] (../lib/sbi/path.c:62)
Open5GS daemon v2.7.7-74-gdbe060f

08/13 18:58:34.780: [app] INFO: Configuration: '/open5gs/install/etc/open5gs/amf.yaml' (../lib/app/ogs-init.c:144)
08/13 18:58:34.780: [app] INFO: File Logging: '/open5gs/install/var/log/open5gs/amf2.log' (../lib/app/ogs-init.c:147)
08/13 18:58:34.784: [sbi] INFO: Setup NF EndPoint(fqdn) [nrf:7777] (../lib/sbi/context.c:451)
08/13 18:58:34.784: [sbi] INFO: Setup NF EndPoint(fqdn) [scp:7777] (../lib/sbi/context.c:499)
08/13 18:58:34.784: [metrics] INFO: metrics_server() [http://172.22.0.46]:9091 (../lib/metrics/prometheus/context.c:392)
08/13 18:58:34.784: [sbi] INFO: NF Service [namf-comm] (../lib/sbi/context.c:2011)
08/13 18:58:34.784: [sbi] INFO: nghttp2_server() [http://172.22.0.46]:7777 (../lib/sbi/nghttp2-server.c:454)
08/13 18:58:34.784: [amf] INFO: ngap_server() [172.22.0.46]:38412 (../src/amf/ngap-sctp.c:61)
08/13 18:58:34.784: [sctp] INFO: AMF initialize...done (../src/amf/app.c:33)
08/13 18:58:34.787: [sbi] INFO: [fc145d82-9748-41f1-9fb9-b1de40e8d855] NF registered [Heartbeat:10s] (../lib/sbi/nf-sm.c:364)
08/13 18:58:34.789: [sbi] INFO: Setup NF EndPoint(addr) [172.22.0.12:7777] (../lib/sbi/nnrf-handler.c:1113)
08/13 18:58:34.789: [sbi] INFO: [fc1534aa-9748-41f1-a294-3d584a3947d0] Subscription created until 2026-08-14T18:58:34.788397+00:00 [duration:86400000000,validity:86400.000000,patch:43200.000000] (../lib/sbi/nnrf-handler.c:1032)
08/13 18:58:34.789: [sbi] INFO: Setup NF EndPoint(addr) [172.22.0.12:7777] (../lib/sbi/nnrf-handler.c:1113)
08/13 18:58:34.789: [sbi] INFO: [fc1539fa-9748-41f1-a294-3d584a3947d0] Subscription created until 2026-08-14T18:58:34.788513+00:00 [duration:86400000000,validity:86400.000000,patch:43200.000000] (../lib/sbi/nnrf-handler.c:1032)
08/13 18:58:34.789: [sbi] INFO: Setup NF EndPoint(addr) [172.22.0.12:7777] (../lib/sbi/nnrf-handler.c:1113)
08/13 18:58:34.789: [sbi] INFO: [fc153b62-9748-41f1-a294-3d584a3947d0] Subscription created until 2026-08-14T18:58:34.788547+00:00 [duration:86400000000,validity:86400.000000,patch:43200.000000] (../lib/sbi/nnrf-handler.c:1032)
08/13 18:58:34.789: [sbi] INFO: Setup NF EndPoint(addr) [172.22.0.12:7777] (../lib/sbi/nnrf-handler.c:1113)
08/13 18:58:34.789: [sbi] INFO: [fc154116-9748-41f1-a294-3d584a3947d0] Subscription created until 2026-08-14T18:58:34.788693+00:00 [duration:86400000000,validity:86400.000000,patch:43200.000000] (../lib/sbi/nnrf-handler.c:1032)
08/13 18:58:34.789: [sbi] INFO: Setup NF EndPoint(addr) [172.22.0.12:7777] (../lib/sbi/nnrf-handler.c:1113)
08/13 18:58:34.789: [sbi] INFO: [fc1543e6-9748-41f1-a294-3d584a3947d0] Subscription created until 2026-08-14T18:58:34.788766+00:00 [duration:86400000000,validity:86400.000000,patch:43200.000000] (../lib/sbi/nnrf-handler.c:1032)
08/13 18:58:34.789: [sbi] INFO: Setup NF EndPoint(addr) [172.22.0.12:7777] (../lib/sbi/nnrf-handler.c:1113)
08/13 18:58:34.789: [sbi] INFO: [fc154512-9748-41f1-a294-3d584a3947d0] Subscription created until 2026-08-14T18:58:34.788795+00:00 [duration:86400000000,validity:86400.000000,patch:43200.000000] (../lib/sbi/nnrf-handler.c:1032)
08/13 18:58:34.789: [sbi] INFO: Setup NF EndPoint(addr) [172.22.0.12:7777] (../lib/sbi/nnrf-handler.c:1113)
08/13 18:58:34.789: [sbi] INFO: [fc154904-9748-41f1-a294-3d584a3947d0] Subscription created until 2026-08-14T18:58:34.788898+00:00 [duration:86400000000,validity:86400.000000,patch:43200.000000] (../lib/sbi/nnrf-handler.c:1032)
08/13 18:58:34.791: [sbi] INFO: [618d282c-9741-41f1-98ae-7fc9acf08958] (NRF-profile-get) NF registered (../lib/sbi/nf-sm.c:104)
08/13 18:58:34.791: [sbi] INFO: [UDM] NFInstance associated [618d282c-9741-41f1-98ae-7fc9acf08958] (../lib/sbi/context.c:2495)
08/13 18:58:34.791: [sbi] INFO: Setup NF EndPoint(addr) [172.22.0.13:80] (../lib/sbi/context.c:2500)
08/13 18:58:34.791: [sbi] INFO: [nudm-ueau] NFService associated [618d476c-9741-41f1-98ae-7fc9acf08958] (../lib/sbi/context.c:2135)
08/13 18:58:34.791: [sbi] INFO: Setup NF EndPoint(addr) [172.22.0.13:7777] (../lib/sbi/context.c:2137)
08/13 18:58:34.791: [sbi] INFO: [nudm-uecm] NFService associated [618d48de-9741-41f1-98ae-7fc9acf08958] (../lib/sbi/context.c:2135)
08/13 18:58:34.791: [sbi] INFO: Setup NF EndPoint(addr) [172.22.0.13:7777] (../lib/sbi/context.c:2137)
08/13 18:58:34.791: [sbi] INFO: [nudm-sdm] NFService associated [618d4956-9741-41f1-98ae-7fc9acf08958] (../lib/sbi/context.c:2135)
08/13 18:58:34.791: [sbi] INFO: Setup NF EndPoint(addr) [172.22.0.13:7777] (../lib/sbi/context.c:2137)
08/13 18:58:34.791: [sbi] INFO: [6194cd84-9741-41f1-9c43-ebd11f56e0d1] (NRF-profile-get) NF registered (../lib/sbi/nf-sm.c:104)
08/13 18:58:34.792: [sbi] INFO: [AUSF] NFInstance associated [6194cd84-9741-41f1-9c43-ebd11f56e0d1] (../lib/sbi/context.c:2495)
08/13 18:58:34.792: [sbi] INFO: Setup NF EndPoint(addr) [172.22.0.11:80] (../lib/sbi/context.c:2500)
08/13 18:58:34.792: [sbi] INFO: [nausf-auth] NFService associated [6194d73e-9741-41f1-9c43-ebd11f56e0d1] (../lib/sbi/context.c:2135)
08/13 18:58:34.792: [sbi] INFO: Setup NF EndPoint(addr) [172.22.0.11:7777] (../lib/sbi/context.c:2137)
08/13 18:58:34.792: [sbi] INFO: [61985436-9741-41f1-91c0-1f4b148adc25] (NRF-profile-get) NF registered (../lib/sbi/nf-sm.c:104)
08/13 18:58:34.792: [sbi] INFO: [NSSF] NFInstance associated [61985436-9741-41f1-91c0-1f4b148adc25] (../lib/sbi/context.c:2495)
08/13 18:58:34.792: [sbi] INFO: Setup NF EndPoint(addr) [172.22.0.28:80] (../lib/sbi/context.c:2500)
08/13 18:58:34.792: [sbi] INFO: [nnssf-nsselection] NFService associated [6198628c-9741-41f1-91c0-1f4b148adc25] (../lib/sbi/context.c:2135)
08/13 18:58:34.792: [sbi] INFO: Setup NF EndPoint(addr) [172.22.0.28:7777] (../lib/sbi/context.c:2137)
08/13 18:58:34.792: [sbi] INFO: [61f18010-9741-41f1-947e-9df0c3cd1201] (NRF-profile-get) NF registered (../lib/sbi/nf-sm.c:104)
08/13 18:58:34.792: [sbi] INFO: [SMF] NFInstance associated [61f18010-9741-41f1-947e-9df0c3cd1201] (../lib/sbi/context.c:2495)
08/13 18:58:34.792: [sbi] INFO: Setup NF EndPoint(addr) [172.22.0.7:80] (../lib/sbi/context.c:2500)
08/13 18:58:34.792: [sbi] INFO: [nsmf-pdusession] NFService associated [61f64776-9741-41f1-947e-9df0c3cd1201] (../lib/sbi/context.c:2135)
08/13 18:58:34.792: [sbi] INFO: Setup NF EndPoint(addr) [172.22.0.7:7777] (../lib/sbi/context.c:2137)
08/13 18:58:34.792: [sbi] INFO: [678d837a-9741-41f1-84c1-0d1201f5f968] (NRF-profile-get) NF registered (../lib/sbi/nf-sm.c:104)
08/13 18:58:34.792: [sbi] INFO: [PCF] NFInstance associated [678d837a-9741-41f1-84c1-0d1201f5f968] (../lib/sbi/context.c:2495)
08/13 18:58:34.792: [sbi] INFO: Setup NF EndPoint(addr) [172.22.0.27:80] (../lib/sbi/context.c:2500)
08/13 18:58:34.792: [sbi] INFO: [npcf-am-policy-control] NFService associated [678dc790-9741-41f1-84c1-0d1201f5f968] (../lib/sbi/context.c:2135)
08/13 18:58:34.792: [sbi] INFO: Setup NF EndPoint(addr) [172.22.0.27:7777] (../lib/sbi/context.c:2137)
08/13 18:58:34.792: [sbi] INFO: [npcf-smpolicycontrol] NFService associated [678dc84e-9741-41f1-84c1-0d1201f5f968] (../lib/sbi/context.c:2135)
08/13 18:58:34.792: [sbi] INFO: Setup NF EndPoint(addr) [172.22.0.27:7777] (../lib/sbi/context.c:2137)
08/13 18:58:34.792: [sbi] INFO: [npcf-policyauthorization] NFService associated [678dc88a-9741-41f1-84c1-0d1201f5f968] (../lib/sbi/context.c:2135)
08/13 18:58:34.792: [sbi] INFO: Setup NF EndPoint(addr) [172.22.0.27:7777] (../lib/sbi/context.c:2137)
Open5GS daemon v2.7.7-74-gdbe060f

08/13 19:23:25.601: [app] INFO: Configuration: '/open5gs/install/etc/open5gs/amf.yaml' (../lib/app/ogs-init.c:144)
08/13 19:23:25.601: [app] INFO: File Logging: '/open5gs/install/var/log/open5gs/amf2.log' (../lib/app/ogs-init.c:147)
08/13 19:23:25.604: [sbi] INFO: Setup NF EndPoint(fqdn) [nrf:7777] (../lib/sbi/context.c:451)
08/13 19:23:25.604: [sbi] INFO: Setup NF EndPoint(fqdn) [scp:7777] (../lib/sbi/context.c:499)
08/13 19:23:25.604: [metrics] INFO: metrics_server() [http://172.22.0.46]:9091 (../lib/metrics/prometheus/context.c:392)
08/13 19:23:25.604: [sbi] INFO: NF Service [namf-comm] (../lib/sbi/context.c:2011)
08/13 19:23:25.605: [sbi] INFO: nghttp2_server() [http://172.22.0.46]:7777 (../lib/sbi/nghttp2-server.c:454)
08/13 19:23:25.605: [amf] INFO: ngap_server() [172.22.0.46]:38412 (../src/amf/ngap-sctp.c:61)
08/13 19:23:25.605: [sctp] INFO: AMF initialize...done (../src/amf/app.c:33)
08/13 19:23:25.608: [sbi] INFO: [74ad8608-974c-41f1-a5d5-cbd9929d942e] NF registered [Heartbeat:10s] (../lib/sbi/nf-sm.c:364)
08/13 19:23:25.610: [sbi] INFO: Setup NF EndPoint(addr) [172.22.0.12:7777] (../lib/sbi/nnrf-handler.c:1113)
08/13 19:23:25.610: [sbi] INFO: [74ae64ce-974c-41f1-973c-a9931dc861bf] Subscription created until 2026-08-14T19:23:25.609130+00:00 [duration:86400000000,validity:86400.000000,patch:43200.000000] (../lib/sbi/nnrf-handler.c:1032)
08/13 19:23:25.610: [sbi] INFO: Setup NF EndPoint(addr) [172.22.0.12:7777] (../lib/sbi/nnrf-handler.c:1113)
08/13 19:23:25.610: [sbi] INFO: [74ae6bea-974c-41f1-973c-a9931dc861bf] Subscription created until 2026-08-14T19:23:25.609281+00:00 [duration:86400000000,validity:86400.000000,patch:43200.000000] (../lib/sbi/nnrf-handler.c:1032)
08/13 19:23:25.610: [sbi] INFO: Setup NF EndPoint(addr) [172.22.0.12:7777] (../lib/sbi/nnrf-handler.c:1113)
08/13 19:23:25.610: [sbi] INFO: [74ae6dca-974c-41f1-973c-a9931dc861bf] Subscription created until 2026-08-14T19:23:25.609325+00:00 [duration:86400000000,validity:86400.000000,patch:43200.000000] (../lib/sbi/nnrf-handler.c:1032)
08/13 19:23:25.610: [sbi] INFO: Setup NF EndPoint(addr) [172.22.0.12:7777] (../lib/sbi/nnrf-handler.c:1113)
08/13 19:23:25.610: [sbi] INFO: [74ae72f2-974c-41f1-973c-a9931dc861bf] Subscription created until 2026-08-14T19:23:25.609459+00:00 [duration:86400000000,validity:86400.000000,patch:43200.000000] (../lib/sbi/nnrf-handler.c:1032)
08/13 19:23:25.610: [sbi] INFO: Setup NF EndPoint(addr) [172.22.0.12:7777] (../lib/sbi/nnrf-handler.c:1113)
08/13 19:23:25.610: [sbi] INFO: [74ae7496-974c-41f1-973c-a9931dc861bf] Subscription created until 2026-08-14T19:23:25.609498+00:00 [duration:86400000000,validity:86400.000000,patch:43200.000000] (../lib/sbi/nnrf-handler.c:1032)
08/13 19:23:25.610: [sbi] INFO: Setup NF EndPoint(addr) [172.22.0.12:7777] (../lib/sbi/nnrf-handler.c:1113)
08/13 19:23:25.610: [sbi] INFO: [74ae76c6-974c-41f1-973c-a9931dc861bf] Subscription created until 2026-08-14T19:23:25.609553+00:00 [duration:86400000000,validity:86400.000000,patch:43200.000000] (../lib/sbi/nnrf-handler.c:1032)
08/13 19:23:25.610: [sbi] INFO: Setup NF EndPoint(addr) [172.22.0.12:7777] (../lib/sbi/nnrf-handler.c:1113)
08/13 19:23:25.610: [sbi] INFO: [74ae79be-974c-41f1-973c-a9931dc861bf] Subscription created until 2026-08-14T19:23:25.609630+00:00 [duration:86400000000,validity:86400.000000,patch:43200.000000] (../lib/sbi/nnrf-handler.c:1032)
08/13 19:23:25.613: [sbi] INFO: [8fb2eeee-974b-41f1-a6a0-7dcc23e2adbb] (NRF-profile-get) NF registered (../lib/sbi/nf-sm.c:104)
08/13 19:23:25.613: [sbi] INFO: [NSSF] NFInstance associated [8fb2eeee-974b-41f1-a6a0-7dcc23e2adbb] (../lib/sbi/context.c:2495)
08/13 19:23:25.613: [sbi] INFO: Setup NF EndPoint(addr) [172.22.0.28:80] (../lib/sbi/context.c:2500)
08/13 19:23:25.613: [sbi] INFO: [nnssf-nsselection] NFService associated [8fb2f81c-974b-41f1-a6a0-7dcc23e2adbb] (../lib/sbi/context.c:2135)
08/13 19:23:25.613: [sbi] INFO: Setup NF EndPoint(addr) [172.22.0.28:7777] (../lib/sbi/context.c:2137)
08/13 19:23:25.613: [sbi] INFO: [8fb48506-974b-41f1-91b8-cdf3b585ce38] (NRF-profile-get) NF registered (../lib/sbi/nf-sm.c:104)
08/13 19:23:25.613: [sbi] INFO: [UDM] NFInstance associated [8fb48506-974b-41f1-91b8-cdf3b585ce38] (../lib/sbi/context.c:2495)
08/13 19:23:25.613: [sbi] INFO: Setup NF EndPoint(addr) [172.22.0.13:80] (../lib/sbi/context.c:2500)
08/13 19:23:25.613: [sbi] INFO: [nudm-ueau] NFService associated [8fb492bc-974b-41f1-91b8-cdf3b585ce38] (../lib/sbi/context.c:2135)
08/13 19:23:25.613: [sbi] INFO: Setup NF EndPoint(addr) [172.22.0.13:7777] (../lib/sbi/context.c:2137)
08/13 19:23:25.613: [sbi] INFO: [nudm-uecm] NFService associated [8fb492f8-974b-41f1-91b8-cdf3b585ce38] (../lib/sbi/context.c:2135)
08/13 19:23:25.613: [sbi] INFO: Setup NF EndPoint(addr) [172.22.0.13:7777] (../lib/sbi/context.c:2137)
08/13 19:23:25.613: [sbi] INFO: [nudm-sdm] NFService associated [8fb4932a-974b-41f1-91b8-cdf3b585ce38] (../lib/sbi/context.c:2135)
08/13 19:23:25.613: [sbi] INFO: Setup NF EndPoint(addr) [172.22.0.13:7777] (../lib/sbi/context.c:2137)
08/13 19:23:25.613: [sbi] INFO: [8fbc44a8-974b-41f1-bb85-3300f3f57e10] (NRF-profile-get) NF registered (../lib/sbi/nf-sm.c:104)
08/13 19:23:25.613: [sbi] INFO: [AUSF] NFInstance associated [8fbc44a8-974b-41f1-bb85-3300f3f57e10] (../lib/sbi/context.c:2495)
08/13 19:23:25.613: [sbi] INFO: Setup NF EndPoint(addr) [172.22.0.11:80] (../lib/sbi/context.c:2500)
08/13 19:23:25.613: [sbi] INFO: [nausf-auth] NFService associated [8fbc4ff2-974b-41f1-bb85-3300f3f57e10] (../lib/sbi/context.c:2135)
08/13 19:23:25.613: [sbi] INFO: Setup NF EndPoint(addr) [172.22.0.11:7777] (../lib/sbi/context.c:2137)
08/13 19:23:25.613: [sbi] INFO: [901f19b6-974b-41f1-935f-8b308974cea5] (NRF-profile-get) NF registered (../lib/sbi/nf-sm.c:104)
08/13 19:23:25.613: [sbi] INFO: [SMF] NFInstance associated [901f19b6-974b-41f1-935f-8b308974cea5] (../lib/sbi/context.c:2495)
08/13 19:23:25.613: [sbi] INFO: Setup NF EndPoint(addr) [172.22.0.7:80] (../lib/sbi/context.c:2500)
08/13 19:23:25.613: [sbi] INFO: [nsmf-pdusession] NFService associated [9026bca2-974b-41f1-935f-8b308974cea5] (../lib/sbi/context.c:2135)
08/13 19:23:25.613: [sbi] INFO: Setup NF EndPoint(addr) [172.22.0.7:7777] (../lib/sbi/context.c:2137)
08/13 19:23:25.614: [sbi] INFO: [95af7592-974b-41f1-aaa4-6dea453d5671] (NRF-profile-get) NF registered (../lib/sbi/nf-sm.c:104)
08/13 19:23:25.614: [sbi] INFO: [PCF] NFInstance associated [95af7592-974b-41f1-aaa4-6dea453d5671] (../lib/sbi/context.c:2495)
08/13 19:23:25.614: [sbi] INFO: Setup NF EndPoint(addr) [172.22.0.27:80] (../lib/sbi/context.c:2500)
08/13 19:23:25.614: [sbi] INFO: [npcf-am-policy-control] NFService associated [95aff508-974b-41f1-aaa4-6dea453d5671] (../lib/sbi/context.c:2135)
08/13 19:23:25.614: [sbi] INFO: Setup NF EndPoint(addr) [172.22.0.27:7777] (../lib/sbi/context.c:2137)
08/13 19:23:25.614: [sbi] INFO: [npcf-smpolicycontrol] NFService associated [95aff5a8-974b-41f1-aaa4-6dea453d5671] (../lib/sbi/context.c:2135)
08/13 19:23:25.614: [sbi] INFO: Setup NF EndPoint(addr) [172.22.0.27:7777] (../lib/sbi/context.c:2137)
08/13 19:23:25.614: [sbi] INFO: [npcf-policyauthorization] NFService associated [95aff60c-974b-41f1-aaa4-6dea453d5671] (../lib/sbi/context.c:2135)
08/13 19:23:25.614: [sbi] INFO: Setup NF EndPoint(addr) [172.22.0.27:7777] (../lib/sbi/context.c:2137)
08/13 19:23:26.103: [amf] INFO: gNB-N2 accepted[172.22.0.43]:33685 in ng-path module (../src/amf/ngap-sctp.c:113)
08/13 19:23:26.103: [amf] INFO: gNB-N2 accepted[172.22.0.43] in master_sm module (../src/amf/amf-sm.c:813)
08/13 19:23:26.109: [amf] INFO: [Added] Number of gNBs is now 1 (../src/amf/context.c:1277)
08/13 19:23:26.109: [amf] INFO: gNB-N2[172.22.0.43] max_num_of_ostreams : 30 (../src/amf/amf-sm.c:860)
08/13 19:23:30.046: [amf] INFO: InitialUEMessage (../src/amf/ngap-handler.c:612)
08/13 19:23:30.046: [amf] INFO: [Added] Number of gNB-UEs is now 1 (../src/amf/context.c:2932)
08/13 19:23:30.046: [amf] INFO:     RAN_UE_NGAP_ID[1] AMF_UE_NGAP_ID[1] TAC[6] CellID[0x6] (../src/amf/ngap-handler.c:815)
08/13 19:23:30.046: [amf] INFO: [suci-0-001-01-0000-0-0-0000000011] Unknown UE by SUCI (../src/amf/context.c:1934)
08/13 19:23:30.046: [amf] INFO: [Added] Number of AMF-UEs is now 1 (../src/amf/context.c:1699)
08/13 19:23:30.046: [gmm] INFO: Registration request (../src/amf/gmm-sm.c:1670)
08/13 19:23:30.046: [gmm] INFO: [suci-0-001-01-0000-0-0-0000000011]    SUCI (../src/amf/gmm-handler.c:186)
08/13 19:23:30.046: [sbi] INFO: [8fbc44a8-974b-41f1-bb85-3300f3f57e10] Setup NF Instance [type:AUSF] (../lib/sbi/path.c:349)
08/13 19:23:30.049: [amf] INFO: Setup NF EndPoint(addr) [172.22.0.11:7777] (../src/amf/nausf-handler.c:130)
08/13 19:23:30.050: [gmm] WARNING: [suci-0-001-01-0000-0-0-0000000011] Authentication failure [21] (../src/amf/gmm-sm.c:2143)
08/13 19:23:30.050: [gmm] WARNING: [suci-0-001-01-0000-0-0-0000000011] Authentication failure(Synch failure[count=0]) (../src/amf/gmm-sm.c:2172)
08/13 19:23:30.054: [amf] WARNING: UnRef NF EndPoint(addr) [172.22.0.11:7777] (../src/amf/nausf-handler.c:130)
08/13 19:23:30.054: [amf] INFO: Setup NF EndPoint(addr) [172.22.0.11:7777] (../src/amf/nausf-handler.c:130)
08/13 19:23:30.058: [sbi] INFO: [8fb48506-974b-41f1-91b8-cdf3b585ce38] Setup NF Instance [type:UDM] (../lib/sbi/path.c:349)
08/13 19:23:30.060: [sbi] INFO: [8fb48506-974b-41f1-91b8-cdf3b585ce38] Setup NF Instance [type:UDM] (../lib/sbi/path.c:349)
08/13 19:23:30.063: [amf] INFO: Setup NF EndPoint(addr) [172.22.0.13:7777] (../src/amf/nudm-handler.c:422)
08/13 19:23:30.063: [sbi] INFO: [95af7592-974b-41f1-aaa4-6dea453d5671] Setup NF Instance [type:PCF] (../lib/sbi/path.c:349)
08/13 19:23:30.065: [amf] INFO: Setup NF EndPoint(addr) [172.22.0.27:7777] (../src/amf/npcf-handler.c:143)
08/13 19:23:30.272: [gmm] INFO: [imsi-001010000000011] Registration complete (../src/amf/gmm-sm.c:3146)
08/13 19:23:30.272: [amf] INFO: [imsi-001010000000011] Configuration update command (../src/amf/nas-path.c:609)
08/13 19:23:30.272: [gmm] INFO:     UTC [2026-08-13T19:23:30] Timezone[0]/DST[0] (../src/amf/gmm-build.c:551)
08/13 19:23:30.272: [gmm] INFO:     LOCAL [2026-08-13T19:23:30] Timezone[0]/DST[0] (../src/amf/gmm-build.c:556)
08/13 19:23:30.272: [amf] INFO: [Added] Number of AMF-Sessions is now 1 (../src/amf/context.c:2953)
08/13 19:23:30.272: [gmm] INFO: UE SUPI[imsi-001010000000011] DNN[internet] LBO[0] S_NSSAI[SST:1 SD:0xffffff] smContextRef[NULL] smContextResourceURI[NULL] (../src/amf/gmm-handler.c:1430)
08/13 19:23:30.272: [gmm] INFO: V-SMF Instance [901f19b6-974b-41f1-935f-8b308974cea5](LIST) (../src/amf/gmm-handler.c:1507)
08/13 19:23:30.272: [gmm] INFO: [901f19b6-974b-41f1-935f-8b308974cea5] Setup NF Instance [type:SMF] (../src/amf/gmm-handler.c:1509)
08/13 19:23:30.272: [gmm] INFO: V-SMF Instance [901f19b6-974b-41f1-935f-8b308974cea5] (../src/amf/gmm-handler.c:1519)
08/13 19:23:30.272: [gmm] INFO: V-SMF discovered in Non-Roaming or LBO-Roaming[0] (../src/amf/gmm-handler.c:1588)
08/13 19:23:30.272: [gmm] INFO: nsmf_pdusession [1:0x59d8e92c1688:(nil)] (../src/amf/gmm-handler.c:1628)
08/13 19:23:30.279: [amf] INFO: Setup NF EndPoint(addr) [172.22.0.7:7777] (../src/amf/nsmf-handler.c:140)
08/13 19:23:30.487: [amf] INFO: [imsi-001010000000011:1:11][0:0:NULL] /nsmf-pdusession/v1/sm-contexts/{smContextRef}/modify (../src/amf/nsmf-handler.c:983)
08/13 19:23:32.070: [amf] INFO: InitialUEMessage (../src/amf/ngap-handler.c:612)
08/13 19:23:32.070: [amf] INFO: [Added] Number of gNB-UEs is now 2 (../src/amf/context.c:2932)
08/13 19:23:32.070: [amf] INFO:     RAN_UE_NGAP_ID[2] AMF_UE_NGAP_ID[2] TAC[6] CellID[0x6] (../src/amf/ngap-handler.c:815)
08/13 19:23:32.070: [amf] INFO: [suci-0-001-01-0000-0-0-0000000012] Unknown UE by SUCI (../src/amf/context.c:1934)
08/13 19:23:32.070: [amf] INFO: [Added] Number of AMF-UEs is now 2 (../src/amf/context.c:1699)
08/13 19:23:32.070: [gmm] INFO: Registration request (../src/amf/gmm-sm.c:1670)
08/13 19:23:32.070: [gmm] INFO: [suci-0-001-01-0000-0-0-0000000012]    SUCI (../src/amf/gmm-handler.c:186)
08/13 19:23:32.070: [sbi] INFO: [8fbc44a8-974b-41f1-bb85-3300f3f57e10] Setup NF Instance [type:AUSF] (../lib/sbi/path.c:349)
08/13 19:23:32.073: [amf] INFO: Setup NF EndPoint(addr) [172.22.0.11:7777] (../src/amf/nausf-handler.c:130)
08/13 19:23:32.074: [gmm] WARNING: [suci-0-001-01-0000-0-0-0000000012] Authentication failure [21] (../src/amf/gmm-sm.c:2143)
08/13 19:23:32.074: [gmm] WARNING: [suci-0-001-01-0000-0-0-0000000012] Authentication failure(Synch failure[count=0]) (../src/amf/gmm-sm.c:2172)
08/13 19:23:32.077: [amf] WARNING: UnRef NF EndPoint(addr) [172.22.0.11:7777] (../src/amf/nausf-handler.c:130)
08/13 19:23:32.077: [amf] INFO: Setup NF EndPoint(addr) [172.22.0.11:7777] (../src/amf/nausf-handler.c:130)
08/13 19:23:32.082: [sbi] INFO: [8fb48506-974b-41f1-91b8-cdf3b585ce38] Setup NF Instance [type:UDM] (../lib/sbi/path.c:349)
08/13 19:23:32.084: [sbi] INFO: [8fb48506-974b-41f1-91b8-cdf3b585ce38] Setup NF Instance [type:UDM] (../lib/sbi/path.c:349)
08/13 19:23:32.088: [amf] INFO: Setup NF EndPoint(addr) [172.22.0.13:7777] (../src/amf/nudm-handler.c:422)
08/13 19:23:32.088: [sbi] INFO: [95af7592-974b-41f1-aaa4-6dea453d5671] Setup NF Instance [type:PCF] (../lib/sbi/path.c:349)
08/13 19:23:32.090: [amf] INFO: Setup NF EndPoint(addr) [172.22.0.27:7777] (../src/amf/npcf-handler.c:143)
08/13 19:23:32.296: [gmm] INFO: [imsi-001010000000012] Registration complete (../src/amf/gmm-sm.c:3146)
08/13 19:23:32.296: [amf] INFO: [imsi-001010000000012] Configuration update command (../src/amf/nas-path.c:609)
08/13 19:23:32.296: [gmm] INFO:     UTC [2026-08-13T19:23:32] Timezone[0]/DST[0] (../src/amf/gmm-build.c:551)
08/13 19:23:32.296: [gmm] INFO:     LOCAL [2026-08-13T19:23:32] Timezone[0]/DST[0] (../src/amf/gmm-build.c:556)
08/13 19:23:32.296: [amf] INFO: [Added] Number of AMF-Sessions is now 2 (../src/amf/context.c:2953)
08/13 19:23:32.296: [gmm] INFO: UE SUPI[imsi-001010000000012] DNN[internet] LBO[0] S_NSSAI[SST:1 SD:0xffffff] smContextRef[NULL] smContextResourceURI[NULL] (../src/amf/gmm-handler.c:1430)
08/13 19:23:32.296: [gmm] INFO: V-SMF Instance [901f19b6-974b-41f1-935f-8b308974cea5](LIST) (../src/amf/gmm-handler.c:1507)
08/13 19:23:32.296: [gmm] INFO: [901f19b6-974b-41f1-935f-8b308974cea5] Setup NF Instance [type:SMF] (../src/amf/gmm-handler.c:1509)
08/13 19:23:32.296: [gmm] INFO: V-SMF Instance [901f19b6-974b-41f1-935f-8b308974cea5] (../src/amf/gmm-handler.c:1519)
08/13 19:23:32.296: [gmm] INFO: V-SMF discovered in Non-Roaming or LBO-Roaming[0] (../src/amf/gmm-handler.c:1588)
08/13 19:23:32.296: [gmm] INFO: nsmf_pdusession [1:0x59d8e92c1688:(nil)] (../src/amf/gmm-handler.c:1628)
08/13 19:23:32.301: [amf] INFO: Setup NF EndPoint(addr) [172.22.0.7:7777] (../src/amf/nsmf-handler.c:140)
08/13 19:23:32.511: [amf] INFO: [imsi-001010000000012:1:11][0:0:NULL] /nsmf-pdusession/v1/sm-contexts/{smContextRef}/modify (../src/amf/nsmf-handler.c:983)
08/13 19:23:33.153: [amf] INFO: gNB-N2 accepted[172.22.0.43]:54517 in ng-path module (../src/amf/ngap-sctp.c:113)
08/13 19:23:33.153: [amf] INFO: gNB-N2 accepted[172.22.0.43] in master_sm module (../src/amf/amf-sm.c:813)
08/13 19:23:33.160: [amf] INFO: [Added] Number of gNBs is now 2 (../src/amf/context.c:1277)
08/13 19:23:33.160: [amf] INFO: gNB-N2[172.22.0.43] max_num_of_ostreams : 30 (../src/amf/amf-sm.c:860)
08/13 19:23:37.239: [amf] INFO: InitialUEMessage (../src/amf/ngap-handler.c:612)
08/13 19:23:37.239: [amf] INFO: [Added] Number of gNB-UEs is now 3 (../src/amf/context.c:2932)
08/13 19:23:37.239: [amf] INFO:     RAN_UE_NGAP_ID[1] AMF_UE_NGAP_ID[3] TAC[7] CellID[0x7] (../src/amf/ngap-handler.c:815)
08/13 19:23:37.239: [amf] INFO: [suci-0-001-01-0000-0-0-0000000013] Unknown UE by SUCI (../src/amf/context.c:1934)
08/13 19:23:37.239: [amf] INFO: [Added] Number of AMF-UEs is now 3 (../src/amf/context.c:1699)
08/13 19:23:37.239: [gmm] INFO: Registration request (../src/amf/gmm-sm.c:1670)
08/13 19:23:37.239: [gmm] INFO: [suci-0-001-01-0000-0-0-0000000013]    SUCI (../src/amf/gmm-handler.c:186)
08/13 19:23:37.239: [sbi] INFO: [8fbc44a8-974b-41f1-bb85-3300f3f57e10] Setup NF Instance [type:AUSF] (../lib/sbi/path.c:349)
08/13 19:23:37.242: [amf] INFO: Setup NF EndPoint(addr) [172.22.0.11:7777] (../src/amf/nausf-handler.c:130)
08/13 19:23:37.243: [gmm] WARNING: [suci-0-001-01-0000-0-0-0000000013] Authentication failure [21] (../src/amf/gmm-sm.c:2143)
08/13 19:23:37.243: [gmm] WARNING: [suci-0-001-01-0000-0-0-0000000013] Authentication failure(Synch failure[count=0]) (../src/amf/gmm-sm.c:2172)
08/13 19:23:37.249: [amf] WARNING: UnRef NF EndPoint(addr) [172.22.0.11:7777] (../src/amf/nausf-handler.c:130)
08/13 19:23:37.249: [amf] INFO: Setup NF EndPoint(addr) [172.22.0.11:7777] (../src/amf/nausf-handler.c:130)
08/13 19:23:37.255: [sbi] INFO: [8fb48506-974b-41f1-91b8-cdf3b585ce38] Setup NF Instance [type:UDM] (../lib/sbi/path.c:349)
08/13 19:23:37.256: [sbi] INFO: [8fb48506-974b-41f1-91b8-cdf3b585ce38] Setup NF Instance [type:UDM] (../lib/sbi/path.c:349)
08/13 19:23:37.259: [amf] INFO: Setup NF EndPoint(addr) [172.22.0.13:7777] (../src/amf/nudm-handler.c:422)
08/13 19:23:37.259: [sbi] INFO: [95af7592-974b-41f1-aaa4-6dea453d5671] Setup NF Instance [type:PCF] (../lib/sbi/path.c:349)
08/13 19:23:37.261: [amf] INFO: Setup NF EndPoint(addr) [172.22.0.27:7777] (../src/amf/npcf-handler.c:143)
08/13 19:23:37.463: [gmm] INFO: [imsi-001010000000013] Registration complete (../src/amf/gmm-sm.c:3146)
08/13 19:23:37.463: [amf] INFO: [imsi-001010000000013] Configuration update command (../src/amf/nas-path.c:609)
08/13 19:23:37.463: [gmm] INFO:     UTC [2026-08-13T19:23:37] Timezone[0]/DST[0] (../src/amf/gmm-build.c:551)
08/13 19:23:37.463: [gmm] INFO:     LOCAL [2026-08-13T19:23:37] Timezone[0]/DST[0] (../src/amf/gmm-build.c:556)
08/13 19:23:37.463: [amf] INFO: [Added] Number of AMF-Sessions is now 3 (../src/amf/context.c:2953)
08/13 19:23:37.463: [gmm] INFO: UE SUPI[imsi-001010000000013] DNN[internet] LBO[0] S_NSSAI[SST:1 SD:0xffffff] smContextRef[NULL] smContextResourceURI[NULL] (../src/amf/gmm-handler.c:1430)
08/13 19:23:37.463: [gmm] INFO: V-SMF Instance [901f19b6-974b-41f1-935f-8b308974cea5](LIST) (../src/amf/gmm-handler.c:1507)
08/13 19:23:37.463: [gmm] INFO: [901f19b6-974b-41f1-935f-8b308974cea5] Setup NF Instance [type:SMF] (../src/amf/gmm-handler.c:1509)
08/13 19:23:37.463: [gmm] INFO: V-SMF Instance [901f19b6-974b-41f1-935f-8b308974cea5] (../src/amf/gmm-handler.c:1519)
08/13 19:23:37.463: [gmm] INFO: V-SMF discovered in Non-Roaming or LBO-Roaming[0] (../src/amf/gmm-handler.c:1588)
08/13 19:23:37.463: [gmm] INFO: nsmf_pdusession [1:0x59d8e92c1688:(nil)] (../src/amf/gmm-handler.c:1628)
08/13 19:23:37.470: [amf] INFO: Setup NF EndPoint(addr) [172.22.0.7:7777] (../src/amf/nsmf-handler.c:140)
08/13 19:23:37.679: [amf] INFO: [imsi-001010000000013:1:11][0:0:NULL] /nsmf-pdusession/v1/sm-contexts/{smContextRef}/modify (../src/amf/nsmf-handler.c:983)
08/13 19:23:39.192: [amf] INFO: InitialUEMessage (../src/amf/ngap-handler.c:612)
08/13 19:23:39.192: [amf] INFO: [Added] Number of gNB-UEs is now 4 (../src/amf/context.c:2932)
08/13 19:23:39.192: [amf] INFO:     RAN_UE_NGAP_ID[2] AMF_UE_NGAP_ID[4] TAC[7] CellID[0x7] (../src/amf/ngap-handler.c:815)
08/13 19:23:39.193: [amf] INFO: [suci-0-001-01-0000-0-0-0000000014] Unknown UE by SUCI (../src/amf/context.c:1934)
08/13 19:23:39.193: [amf] INFO: [Added] Number of AMF-UEs is now 4 (../src/amf/context.c:1699)
08/13 19:23:39.193: [gmm] INFO: Registration request (../src/amf/gmm-sm.c:1670)
08/13 19:23:39.193: [gmm] INFO: [suci-0-001-01-0000-0-0-0000000014]    SUCI (../src/amf/gmm-handler.c:186)
08/13 19:23:39.193: [sbi] INFO: [8fbc44a8-974b-41f1-bb85-3300f3f57e10] Setup NF Instance [type:AUSF] (../lib/sbi/path.c:349)
08/13 19:23:39.197: [amf] INFO: Setup NF EndPoint(addr) [172.22.0.11:7777] (../src/amf/nausf-handler.c:130)
08/13 19:23:39.198: [gmm] WARNING: [suci-0-001-01-0000-0-0-0000000014] Authentication failure [21] (../src/amf/gmm-sm.c:2143)
08/13 19:23:39.199: [gmm] WARNING: [suci-0-001-01-0000-0-0-0000000014] Authentication failure(Synch failure[count=0]) (../src/amf/gmm-sm.c:2172)
08/13 19:23:39.202: [amf] WARNING: UnRef NF EndPoint(addr) [172.22.0.11:7777] (../src/amf/nausf-handler.c:130)
08/13 19:23:39.202: [amf] INFO: Setup NF EndPoint(addr) [172.22.0.11:7777] (../src/amf/nausf-handler.c:130)
08/13 19:23:39.207: [sbi] INFO: [8fb48506-974b-41f1-91b8-cdf3b585ce38] Setup NF Instance [type:UDM] (../lib/sbi/path.c:349)
08/13 19:23:39.209: [sbi] INFO: [8fb48506-974b-41f1-91b8-cdf3b585ce38] Setup NF Instance [type:UDM] (../lib/sbi/path.c:349)
08/13 19:23:39.212: [amf] INFO: Setup NF EndPoint(addr) [172.22.0.13:7777] (../src/amf/nudm-handler.c:422)
08/13 19:23:39.212: [sbi] INFO: [95af7592-974b-41f1-aaa4-6dea453d5671] Setup NF Instance [type:PCF] (../lib/sbi/path.c:349)
08/13 19:23:39.214: [amf] INFO: Setup NF EndPoint(addr) [172.22.0.27:7777] (../src/amf/npcf-handler.c:143)
08/13 19:23:39.423: [gmm] INFO: [imsi-001010000000014] Registration complete (../src/amf/gmm-sm.c:3146)
08/13 19:23:39.423: [amf] INFO: [imsi-001010000000014] Configuration update command (../src/amf/nas-path.c:609)
08/13 19:23:39.423: [gmm] INFO:     UTC [2026-08-13T19:23:39] Timezone[0]/DST[0] (../src/amf/gmm-build.c:551)
08/13 19:23:39.423: [gmm] INFO:     LOCAL [2026-08-13T19:23:39] Timezone[0]/DST[0] (../src/amf/gmm-build.c:556)
08/13 19:23:39.424: [amf] INFO: [Added] Number of AMF-Sessions is now 4 (../src/amf/context.c:2953)
08/13 19:23:39.424: [gmm] INFO: UE SUPI[imsi-001010000000014] DNN[internet] LBO[0] S_NSSAI[SST:1 SD:0xffffff] smContextRef[NULL] smContextResourceURI[NULL] (../src/amf/gmm-handler.c:1430)
08/13 19:23:39.424: [gmm] INFO: V-SMF Instance [901f19b6-974b-41f1-935f-8b308974cea5](LIST) (../src/amf/gmm-handler.c:1507)
08/13 19:23:39.424: [gmm] INFO: [901f19b6-974b-41f1-935f-8b308974cea5] Setup NF Instance [type:SMF] (../src/amf/gmm-handler.c:1509)
08/13 19:23:39.424: [gmm] INFO: V-SMF Instance [901f19b6-974b-41f1-935f-8b308974cea5] (../src/amf/gmm-handler.c:1519)
08/13 19:23:39.424: [gmm] INFO: V-SMF discovered in Non-Roaming or LBO-Roaming[0] (../src/amf/gmm-handler.c:1588)
08/13 19:23:39.424: [gmm] INFO: nsmf_pdusession [1:0x59d8e92c1688:(nil)] (../src/amf/gmm-handler.c:1628)
08/13 19:23:39.431: [amf] INFO: Setup NF EndPoint(addr) [172.22.0.7:7777] (../src/amf/nsmf-handler.c:140)
08/13 19:23:39.641: [amf] INFO: [imsi-001010000000014:1:11][0:0:NULL] /nsmf-pdusession/v1/sm-contexts/{smContextRef}/modify (../src/amf/nsmf-handler.c:983)
08/13 19:23:40.194: [amf] INFO: gNB-N2 accepted[172.22.0.43]:54523 in ng-path module (../src/amf/ngap-sctp.c:113)
08/13 19:23:40.194: [amf] INFO: gNB-N2 accepted[172.22.0.43] in master_sm module (../src/amf/amf-sm.c:813)
08/13 19:23:40.201: [amf] INFO: [Added] Number of gNBs is now 3 (../src/amf/context.c:1277)
08/13 19:23:40.201: [amf] INFO: gNB-N2[172.22.0.43] max_num_of_ostreams : 30 (../src/amf/amf-sm.c:860)
08/13 19:23:44.137: [amf] INFO: InitialUEMessage (../src/amf/ngap-handler.c:612)
08/13 19:23:44.137: [amf] INFO: [Added] Number of gNB-UEs is now 5 (../src/amf/context.c:2932)
08/13 19:23:44.137: [amf] INFO:     RAN_UE_NGAP_ID[1] AMF_UE_NGAP_ID[5] TAC[8] CellID[0x8] (../src/amf/ngap-handler.c:815)
08/13 19:23:44.137: [amf] INFO: [suci-0-001-01-0000-0-0-0000000015] Unknown UE by SUCI (../src/amf/context.c:1934)
08/13 19:23:44.137: [amf] INFO: [Added] Number of AMF-UEs is now 5 (../src/amf/context.c:1699)
08/13 19:23:44.137: [gmm] INFO: Registration request (../src/amf/gmm-sm.c:1670)
08/13 19:23:44.137: [gmm] INFO: [suci-0-001-01-0000-0-0-0000000015]    SUCI (../src/amf/gmm-handler.c:186)
08/13 19:23:44.137: [sbi] INFO: [8fbc44a8-974b-41f1-bb85-3300f3f57e10] Setup NF Instance [type:AUSF] (../lib/sbi/path.c:349)
08/13 19:23:44.141: [amf] INFO: Setup NF EndPoint(addr) [172.22.0.11:7777] (../src/amf/nausf-handler.c:130)
08/13 19:23:44.142: [gmm] WARNING: [suci-0-001-01-0000-0-0-0000000015] Authentication failure [21] (../src/amf/gmm-sm.c:2143)
08/13 19:23:44.142: [gmm] WARNING: [suci-0-001-01-0000-0-0-0000000015] Authentication failure(Synch failure[count=0]) (../src/amf/gmm-sm.c:2172)
08/13 19:23:44.145: [amf] WARNING: UnRef NF EndPoint(addr) [172.22.0.11:7777] (../src/amf/nausf-handler.c:130)
08/13 19:23:44.146: [amf] INFO: Setup NF EndPoint(addr) [172.22.0.11:7777] (../src/amf/nausf-handler.c:130)
08/13 19:23:44.151: [sbi] INFO: [8fb48506-974b-41f1-91b8-cdf3b585ce38] Setup NF Instance [type:UDM] (../lib/sbi/path.c:349)
08/13 19:23:44.152: [sbi] INFO: [8fb48506-974b-41f1-91b8-cdf3b585ce38] Setup NF Instance [type:UDM] (../lib/sbi/path.c:349)
08/13 19:23:44.155: [amf] INFO: Setup NF EndPoint(addr) [172.22.0.13:7777] (../src/amf/nudm-handler.c:422)
08/13 19:23:44.155: [sbi] INFO: [95af7592-974b-41f1-aaa4-6dea453d5671] Setup NF Instance [type:PCF] (../lib/sbi/path.c:349)
08/13 19:23:44.158: [amf] INFO: Setup NF EndPoint(addr) [172.22.0.27:7777] (../src/amf/npcf-handler.c:143)
08/13 19:23:44.359: [gmm] INFO: [imsi-001010000000015] Registration complete (../src/amf/gmm-sm.c:3146)
08/13 19:23:44.359: [amf] INFO: [imsi-001010000000015] Configuration update command (../src/amf/nas-path.c:609)
08/13 19:23:44.359: [gmm] INFO:     UTC [2026-08-13T19:23:44] Timezone[0]/DST[0] (../src/amf/gmm-build.c:551)
08/13 19:23:44.359: [gmm] INFO:     LOCAL [2026-08-13T19:23:44] Timezone[0]/DST[0] (../src/amf/gmm-build.c:556)
08/13 19:23:44.359: [amf] INFO: [Added] Number of AMF-Sessions is now 5 (../src/amf/context.c:2953)
08/13 19:23:44.359: [gmm] INFO: UE SUPI[imsi-001010000000015] DNN[internet] LBO[0] S_NSSAI[SST:1 SD:0xffffff] smContextRef[NULL] smContextResourceURI[NULL] (../src/amf/gmm-handler.c:1430)
08/13 19:23:44.359: [gmm] INFO: V-SMF Instance [901f19b6-974b-41f1-935f-8b308974cea5](LIST) (../src/amf/gmm-handler.c:1507)
08/13 19:23:44.359: [gmm] INFO: [901f19b6-974b-41f1-935f-8b308974cea5] Setup NF Instance [type:SMF] (../src/amf/gmm-handler.c:1509)
08/13 19:23:44.359: [gmm] INFO: V-SMF Instance [901f19b6-974b-41f1-935f-8b308974cea5] (../src/amf/gmm-handler.c:1519)
08/13 19:23:44.359: [gmm] INFO: V-SMF discovered in Non-Roaming or LBO-Roaming[0] (../src/amf/gmm-handler.c:1588)
08/13 19:23:44.359: [gmm] INFO: nsmf_pdusession [1:0x59d8e92c1688:(nil)] (../src/amf/gmm-handler.c:1628)
08/13 19:23:44.366: [amf] INFO: Setup NF EndPoint(addr) [172.22.0.7:7777] (../src/amf/nsmf-handler.c:140)
08/13 19:23:44.574: [amf] INFO: [imsi-001010000000015:1:11][0:0:NULL] /nsmf-pdusession/v1/sm-contexts/{smContextRef}/modify (../src/amf/nsmf-handler.c:983)
08/13 19:23:48.710: [amf] INFO: InitialUEMessage (../src/amf/ngap-handler.c:612)
08/13 19:23:48.710: [amf] INFO: [Added] Number of gNB-UEs is now 6 (../src/amf/context.c:2932)
08/13 19:23:48.710: [amf] INFO:     RAN_UE_NGAP_ID[2] AMF_UE_NGAP_ID[6] TAC[8] CellID[0x8] (../src/amf/ngap-handler.c:815)
08/13 19:23:48.710: [amf] INFO: [suci-0-001-01-0000-0-0-0000000016] Unknown UE by SUCI (../src/amf/context.c:1934)
08/13 19:23:48.710: [amf] INFO: [Added] Number of AMF-UEs is now 6 (../src/amf/context.c:1699)
08/13 19:23:48.710: [gmm] INFO: Registration request (../src/amf/gmm-sm.c:1670)
08/13 19:23:48.710: [gmm] INFO: [suci-0-001-01-0000-0-0-0000000016]    SUCI (../src/amf/gmm-handler.c:186)
08/13 19:23:48.710: [sbi] INFO: [8fbc44a8-974b-41f1-bb85-3300f3f57e10] Setup NF Instance [type:AUSF] (../lib/sbi/path.c:349)
08/13 19:23:48.714: [amf] INFO: Setup NF EndPoint(addr) [172.22.0.11:7777] (../src/amf/nausf-handler.c:130)
08/13 19:23:48.716: [gmm] WARNING: [suci-0-001-01-0000-0-0-0000000016] Authentication failure [21] (../src/amf/gmm-sm.c:2143)
08/13 19:23:48.716: [gmm] WARNING: [suci-0-001-01-0000-0-0-0000000016] Authentication failure(Synch failure[count=0]) (../src/amf/gmm-sm.c:2172)
08/13 19:23:48.719: [amf] WARNING: UnRef NF EndPoint(addr) [172.22.0.11:7777] (../src/amf/nausf-handler.c:130)
08/13 19:23:48.719: [amf] INFO: Setup NF EndPoint(addr) [172.22.0.11:7777] (../src/amf/nausf-handler.c:130)
08/13 19:23:48.724: [sbi] INFO: [8fb48506-974b-41f1-91b8-cdf3b585ce38] Setup NF Instance [type:UDM] (../lib/sbi/path.c:349)
08/13 19:23:48.725: [sbi] INFO: [8fb48506-974b-41f1-91b8-cdf3b585ce38] Setup NF Instance [type:UDM] (../lib/sbi/path.c:349)
08/13 19:23:48.728: [amf] INFO: Setup NF EndPoint(addr) [172.22.0.13:7777] (../src/amf/nudm-handler.c:422)
08/13 19:23:48.728: [sbi] INFO: [95af7592-974b-41f1-aaa4-6dea453d5671] Setup NF Instance [type:PCF] (../lib/sbi/path.c:349)
08/13 19:23:48.730: [amf] INFO: Setup NF EndPoint(addr) [172.22.0.27:7777] (../src/amf/npcf-handler.c:143)
08/13 19:23:48.935: [gmm] INFO: [imsi-001010000000016] Registration complete (../src/amf/gmm-sm.c:3146)
08/13 19:23:48.935: [amf] INFO: [imsi-001010000000016] Configuration update command (../src/amf/nas-path.c:609)
08/13 19:23:48.935: [gmm] INFO:     UTC [2026-08-13T19:23:48] Timezone[0]/DST[0] (../src/amf/gmm-build.c:551)
08/13 19:23:48.935: [gmm] INFO:     LOCAL [2026-08-13T19:23:48] Timezone[0]/DST[0] (../src/amf/gmm-build.c:556)
08/13 19:23:48.935: [amf] INFO: [Added] Number of AMF-Sessions is now 6 (../src/amf/context.c:2953)
08/13 19:23:48.935: [gmm] INFO: UE SUPI[imsi-001010000000016] DNN[internet] LBO[0] S_NSSAI[SST:1 SD:0xffffff] smContextRef[NULL] smContextResourceURI[NULL] (../src/amf/gmm-handler.c:1430)
08/13 19:23:48.935: [gmm] INFO: V-SMF Instance [901f19b6-974b-41f1-935f-8b308974cea5](LIST) (../src/amf/gmm-handler.c:1507)
08/13 19:23:48.935: [gmm] INFO: [901f19b6-974b-41f1-935f-8b308974cea5] Setup NF Instance [type:SMF] (../src/amf/gmm-handler.c:1509)
08/13 19:23:48.935: [gmm] INFO: V-SMF Instance [901f19b6-974b-41f1-935f-8b308974cea5] (../src/amf/gmm-handler.c:1519)
08/13 19:23:48.935: [gmm] INFO: V-SMF discovered in Non-Roaming or LBO-Roaming[0] (../src/amf/gmm-handler.c:1588)
08/13 19:23:48.935: [gmm] INFO: nsmf_pdusession [1:0x59d8e92c1688:(nil)] (../src/amf/gmm-handler.c:1628)
08/13 19:23:48.942: [amf] INFO: Setup NF EndPoint(addr) [172.22.0.7:7777] (../src/amf/nsmf-handler.c:140)
08/13 19:23:49.151: [amf] INFO: [imsi-001010000000016:1:11][0:0:NULL] /nsmf-pdusession/v1/sm-contexts/{smContextRef}/modify (../src/amf/nsmf-handler.c:983)
08/13 21:31:35.996: [amf] INFO: gNB-N2[172.22.0.43] connection refused!!! (../src/amf/amf-sm.c:873)
08/13 21:31:36.003: [amf] INFO: [Removed] Number of gNBs is now 2 (../src/amf/context.c:1305)
08/13 21:31:36.003: [amf] INFO: gNB-N2[172.22.0.43] connection refused!!! (../src/amf/amf-sm.c:873)
08/13 21:31:36.003: [amf] INFO: [Removed] Number of gNBs is now 1 (../src/amf/context.c:1305)
08/13 21:31:36.003: [amf] INFO: gNB-N2[172.22.0.43] connection refused!!! (../src/amf/amf-sm.c:873)
08/13 21:31:36.003: [amf] INFO: [Removed] Number of gNBs is now 0 (../src/amf/context.c:1305)
Open5GS daemon v2.7.7-74-gdbe060f

08/14 05:44:47.640: [app] INFO: Configuration: '/open5gs/install/etc/open5gs/amf.yaml' (../lib/app/ogs-init.c:144)
08/14 05:44:47.640: [app] INFO: File Logging: '/open5gs/install/var/log/open5gs/amf2.log' (../lib/app/ogs-init.c:147)
08/14 05:44:47.643: [sbi] INFO: Setup NF EndPoint(fqdn) [nrf:7777] (../lib/sbi/context.c:451)
08/14 05:44:47.644: [sbi] INFO: Setup NF EndPoint(fqdn) [scp:7777] (../lib/sbi/context.c:499)
08/14 05:44:47.644: [metrics] INFO: metrics_server() [http://172.22.0.46]:9091 (../lib/metrics/prometheus/context.c:392)
08/14 05:44:47.644: [sbi] INFO: NF Service [namf-comm] (../lib/sbi/context.c:2011)
08/14 05:44:47.644: [sbi] INFO: nghttp2_server() [http://172.22.0.46]:7777 (../lib/sbi/nghttp2-server.c:454)
08/14 05:44:47.644: [amf] INFO: ngap_server() [172.22.0.46]:38412 (../src/amf/ngap-sctp.c:61)
08/14 05:44:47.644: [sctp] INFO: AMF initialize...done (../src/amf/app.c:33)
08/14 05:44:47.647: [sbi] INFO: [42814096-97a3-41f1-8362-795513959481] NF registered [Heartbeat:10s] (../lib/sbi/nf-sm.c:364)
08/14 05:44:47.649: [sbi] INFO: Setup NF EndPoint(addr) [172.22.0.12:7777] (../lib/sbi/nnrf-handler.c:1113)
08/14 05:44:47.649: [sbi] INFO: [428228b2-97a3-41f1-b7ad-09b75c8f05cf] Subscription created until 2026-08-15T05:44:47.648624+00:00 [duration:86400000000,validity:86400.000000,patch:43200.000000] (../lib/sbi/nnrf-handler.c:1032)
08/14 05:44:47.650: [sbi] INFO: Setup NF EndPoint(addr) [172.22.0.12:7777] (../lib/sbi/nnrf-handler.c:1113)
08/14 05:44:47.650: [sbi] INFO: [42822cae-97a3-41f1-b7ad-09b75c8f05cf] Subscription created until 2026-08-15T05:44:47.648699+00:00 [duration:86400000000,validity:86400.000000,patch:43200.000000] (../lib/sbi/nnrf-handler.c:1032)
08/14 05:44:47.650: [sbi] INFO: Setup NF EndPoint(addr) [172.22.0.12:7777] (../lib/sbi/nnrf-handler.c:1113)
08/14 05:44:47.650: [sbi] INFO: [42822eb6-97a3-41f1-b7ad-09b75c8f05cf] Subscription created until 2026-08-15T05:44:47.648747+00:00 [duration:86400000000,validity:86400.000000,patch:43200.000000] (../lib/sbi/nnrf-handler.c:1032)
08/14 05:44:47.650: [sbi] INFO: Setup NF EndPoint(addr) [172.22.0.12:7777] (../lib/sbi/nnrf-handler.c:1113)
08/14 05:44:47.650: [sbi] INFO: [4282358c-97a3-41f1-b7ad-09b75c8f05cf] Subscription created until 2026-08-15T05:44:47.648927+00:00 [duration:86400000000,validity:86400.000000,patch:43200.000000] (../lib/sbi/nnrf-handler.c:1032)
08/14 05:44:47.650: [sbi] INFO: Setup NF EndPoint(addr) [172.22.0.12:7777] (../lib/sbi/nnrf-handler.c:1113)
08/14 05:44:47.650: [sbi] INFO: [428237bc-97a3-41f1-b7ad-09b75c8f05cf] Subscription created until 2026-08-15T05:44:47.648976+00:00 [duration:86400000000,validity:86400.000000,patch:43200.000000] (../lib/sbi/nnrf-handler.c:1032)
08/14 05:44:47.650: [sbi] INFO: Setup NF EndPoint(addr) [172.22.0.12:7777] (../lib/sbi/nnrf-handler.c:1113)
08/14 05:44:47.650: [sbi] INFO: [428239d8-97a3-41f1-b7ad-09b75c8f05cf] Subscription created until 2026-08-15T05:44:47.649029+00:00 [duration:86400000000,validity:86400.000000,patch:43200.000000] (../lib/sbi/nnrf-handler.c:1032)
08/14 05:44:47.650: [sbi] INFO: Setup NF EndPoint(addr) [172.22.0.12:7777] (../lib/sbi/nnrf-handler.c:1113)
08/14 05:44:47.650: [sbi] INFO: [42823bb8-97a3-41f1-b7ad-09b75c8f05cf] Subscription created until 2026-08-15T05:44:47.649076+00:00 [duration:86400000000,validity:86400.000000,patch:43200.000000] (../lib/sbi/nnrf-handler.c:1032)
08/14 05:44:47.651: [sbi] INFO: [b79d2e0a-97a1-41f1-89b9-0f6c8deabd66] (NRF-profile-get) NF registered (../lib/sbi/nf-sm.c:104)
08/14 05:44:47.651: [sbi] INFO: [UDM] NFInstance associated [b79d2e0a-97a1-41f1-89b9-0f6c8deabd66] (../lib/sbi/context.c:2495)
08/14 05:44:47.651: [sbi] INFO: Setup NF EndPoint(addr) [172.22.0.13:80] (../lib/sbi/context.c:2500)
08/14 05:44:47.651: [sbi] INFO: [nudm-ueau] NFService associated [b79d3f4e-97a1-41f1-89b9-0f6c8deabd66] (../lib/sbi/context.c:2135)
08/14 05:44:47.651: [sbi] INFO: Setup NF EndPoint(addr) [172.22.0.13:7777] (../lib/sbi/context.c:2137)
08/14 05:44:47.651: [sbi] INFO: [nudm-uecm] NFService associated [b79d3fd0-97a1-41f1-89b9-0f6c8deabd66] (../lib/sbi/context.c:2135)
08/14 05:44:47.651: [sbi] INFO: Setup NF EndPoint(addr) [172.22.0.13:7777] (../lib/sbi/context.c:2137)
08/14 05:44:47.651: [sbi] INFO: [nudm-sdm] NFService associated [b79d4002-97a1-41f1-89b9-0f6c8deabd66] (../lib/sbi/context.c:2135)
08/14 05:44:47.651: [sbi] INFO: Setup NF EndPoint(addr) [172.22.0.13:7777] (../lib/sbi/context.c:2137)
08/14 05:44:47.651: [sbi] INFO: [b7a75e0c-97a1-41f1-a6c2-b11807a4739e] (NRF-profile-get) NF registered (../lib/sbi/nf-sm.c:104)
08/14 05:44:47.652: [sbi] INFO: [NSSF] NFInstance associated [b7a75e0c-97a1-41f1-a6c2-b11807a4739e] (../lib/sbi/context.c:2495)
08/14 05:44:47.652: [sbi] INFO: Setup NF EndPoint(addr) [172.22.0.28:80] (../lib/sbi/context.c:2500)
08/14 05:44:47.652: [sbi] INFO: [nnssf-nsselection] NFService associated [b7a76852-97a1-41f1-a6c2-b11807a4739e] (../lib/sbi/context.c:2135)
08/14 05:44:47.652: [sbi] INFO: Setup NF EndPoint(addr) [172.22.0.28:7777] (../lib/sbi/context.c:2137)
08/14 05:44:47.652: [sbi] INFO: [b7a839e4-97a1-41f1-bc9e-3ff299b46bbc] (NRF-profile-get) NF registered (../lib/sbi/nf-sm.c:104)
08/14 05:44:47.652: [sbi] INFO: [AUSF] NFInstance associated [b7a839e4-97a1-41f1-bc9e-3ff299b46bbc] (../lib/sbi/context.c:2495)
08/14 05:44:47.652: [sbi] INFO: Setup NF EndPoint(addr) [172.22.0.11:80] (../lib/sbi/context.c:2500)
08/14 05:44:47.652: [sbi] INFO: [nausf-auth] NFService associated [b7a84150-97a1-41f1-bc9e-3ff299b46bbc] (../lib/sbi/context.c:2135)
08/14 05:44:47.652: [sbi] INFO: Setup NF EndPoint(addr) [172.22.0.11:7777] (../lib/sbi/context.c:2137)
08/14 05:44:47.652: [sbi] INFO: [b8086698-97a1-41f1-a6c6-5903d0d86efa] (NRF-profile-get) NF registered (../lib/sbi/nf-sm.c:104)
08/14 05:44:47.652: [sbi] INFO: [SMF] NFInstance associated [b8086698-97a1-41f1-a6c6-5903d0d86efa] (../lib/sbi/context.c:2495)
08/14 05:44:47.652: [sbi] INFO: Setup NF EndPoint(addr) [172.22.0.7:80] (../lib/sbi/context.c:2500)
08/14 05:44:47.652: [sbi] INFO: [nsmf-pdusession] NFService associated [b8106816-97a1-41f1-a6c6-5903d0d86efa] (../lib/sbi/context.c:2135)
08/14 05:44:47.652: [sbi] INFO: Setup NF EndPoint(addr) [172.22.0.7:7777] (../lib/sbi/context.c:2137)
08/14 05:44:47.652: [sbi] INFO: [bd996422-97a1-41f1-bf87-c51d92f840a0] (NRF-profile-get) NF registered (../lib/sbi/nf-sm.c:104)
08/14 05:44:47.652: [sbi] INFO: [PCF] NFInstance associated [bd996422-97a1-41f1-bf87-c51d92f840a0] (../lib/sbi/context.c:2495)
08/14 05:44:47.652: [sbi] INFO: Setup NF EndPoint(addr) [172.22.0.27:80] (../lib/sbi/context.c:2500)
08/14 05:44:47.652: [sbi] INFO: [npcf-am-policy-control] NFService associated [bd99c4b2-97a1-41f1-bf87-c51d92f840a0] (../lib/sbi/context.c:2135)
08/14 05:44:47.652: [sbi] INFO: Setup NF EndPoint(addr) [172.22.0.27:7777] (../lib/sbi/context.c:2137)
08/14 05:44:47.652: [sbi] INFO: [npcf-smpolicycontrol] NFService associated [bd99c548-97a1-41f1-bf87-c51d92f840a0] (../lib/sbi/context.c:2135)
08/14 05:44:47.652: [sbi] INFO: Setup NF EndPoint(addr) [172.22.0.27:7777] (../lib/sbi/context.c:2137)
08/14 05:44:47.652: [sbi] INFO: [npcf-policyauthorization] NFService associated [bd99c58e-97a1-41f1-bf87-c51d92f840a0] (../lib/sbi/context.c:2135)
08/14 05:44:47.652: [sbi] INFO: Setup NF EndPoint(addr) [172.22.0.27:7777] (../lib/sbi/context.c:2137)
Open5GS daemon v2.7.7-74-gdbe060f

08/14 07:00:03.908: [app] INFO: Configuration: '/open5gs/install/etc/open5gs/amf.yaml' (../lib/app/ogs-init.c:144)
08/14 07:00:03.908: [app] INFO: File Logging: '/open5gs/install/var/log/open5gs/amf2.log' (../lib/app/ogs-init.c:147)
08/14 07:00:03.913: [sbi] INFO: Setup NF EndPoint(fqdn) [nrf:7777] (../lib/sbi/context.c:451)
08/14 07:00:03.913: [sbi] INFO: Setup NF EndPoint(fqdn) [scp:7777] (../lib/sbi/context.c:499)
08/14 07:00:03.913: [metrics] INFO: metrics_server() [http://172.22.0.46]:9091 (../lib/metrics/prometheus/context.c:392)
08/14 07:00:03.913: [sbi] INFO: NF Service [namf-comm] (../lib/sbi/context.c:2011)
08/14 07:00:03.913: [sbi] INFO: nghttp2_server() [http://172.22.0.46]:7777 (../lib/sbi/nghttp2-server.c:454)
08/14 07:00:03.913: [amf] INFO: ngap_server() [172.22.0.46]:38412 (../src/amf/ngap-sctp.c:61)
08/14 07:00:03.914: [sctp] INFO: AMF initialize...done (../src/amf/app.c:33)
08/14 07:00:03.917: [sbi] INFO: [c6692892-97ad-41f1-9aa4-9f0aa269d2a6] NF registered [Heartbeat:10s] (../lib/sbi/nf-sm.c:364)
08/14 07:00:03.919: [sbi] INFO: Setup NF EndPoint(addr) [172.22.0.12:7777] (../lib/sbi/nnrf-handler.c:1113)
08/14 07:00:03.919: [sbi] INFO: [c66a46fa-97ad-41f1-874c-356677349658] Subscription created until 2026-08-15T07:00:03.918665+00:00 [duration:86400000000,validity:86400.000000,patch:43200.000000] (../lib/sbi/nnrf-handler.c:1032)
08/14 07:00:03.920: [sbi] INFO: Setup NF EndPoint(addr) [172.22.0.12:7777] (../lib/sbi/nnrf-handler.c:1113)
08/14 07:00:03.920: [sbi] INFO: [c66a4e02-97ad-41f1-874c-356677349658] Subscription created until 2026-08-15T07:00:03.918827+00:00 [duration:86400000000,validity:86400.000000,patch:43200.000000] (../lib/sbi/nnrf-handler.c:1032)
08/14 07:00:03.920: [sbi] INFO: Setup NF EndPoint(addr) [172.22.0.12:7777] (../lib/sbi/nnrf-handler.c:1113)
08/14 07:00:03.920: [sbi] INFO: [c66a51e0-97ad-41f1-874c-356677349658] Subscription created until 2026-08-15T07:00:03.918911+00:00 [duration:86400000000,validity:86400.000000,patch:43200.000000] (../lib/sbi/nnrf-handler.c:1032)
08/14 07:00:03.920: [sbi] INFO: Setup NF EndPoint(addr) [172.22.0.12:7777] (../lib/sbi/nnrf-handler.c:1113)
08/14 07:00:03.920: [sbi] INFO: [c66a55f0-97ad-41f1-874c-356677349658] Subscription created until 2026-08-15T07:00:03.919018+00:00 [duration:86400000000,validity:86400.000000,patch:43200.000000] (../lib/sbi/nnrf-handler.c:1032)
08/14 07:00:03.920: [sbi] INFO: Setup NF EndPoint(addr) [172.22.0.12:7777] (../lib/sbi/nnrf-handler.c:1113)
08/14 07:00:03.920: [sbi] INFO: [c66a587a-97ad-41f1-874c-356677349658] Subscription created until 2026-08-15T07:00:03.919077+00:00 [duration:86400000000,validity:86400.000000,patch:43200.000000] (../lib/sbi/nnrf-handler.c:1032)
08/14 07:00:03.920: [sbi] INFO: Setup NF EndPoint(addr) [172.22.0.12:7777] (../lib/sbi/nnrf-handler.c:1113)
08/14 07:00:03.920: [sbi] INFO: [c66a5e92-97ad-41f1-874c-356677349658] Subscription created until 2026-08-15T07:00:03.919234+00:00 [duration:86400000000,validity:86400.000000,patch:43200.000000] (../lib/sbi/nnrf-handler.c:1032)
08/14 07:00:03.920: [sbi] INFO: Setup NF EndPoint(addr) [172.22.0.12:7777] (../lib/sbi/nnrf-handler.c:1113)
08/14 07:00:03.920: [sbi] INFO: [c66a605e-97ad-41f1-874c-356677349658] Subscription created until 2026-08-15T07:00:03.919277+00:00 [duration:86400000000,validity:86400.000000,patch:43200.000000] (../lib/sbi/nnrf-handler.c:1032)
08/14 07:00:03.922: [sbi] INFO: [af4a6568-97ad-41f1-949c-ab0dd1d549e3] (NRF-profile-get) NF registered (../lib/sbi/nf-sm.c:104)
08/14 07:00:03.922: [sbi] INFO: [AUSF] NFInstance associated [af4a6568-97ad-41f1-949c-ab0dd1d549e3] (../lib/sbi/context.c:2495)
08/14 07:00:03.922: [sbi] INFO: Setup NF EndPoint(addr) [172.22.0.11:80] (../lib/sbi/context.c:2500)
08/14 07:00:03.922: [sbi] INFO: [nausf-auth] NFService associated [af4a6f40-97ad-41f1-949c-ab0dd1d549e3] (../lib/sbi/context.c:2135)
08/14 07:00:03.922: [sbi] INFO: Setup NF EndPoint(addr) [172.22.0.11:7777] (../lib/sbi/context.c:2137)
08/14 07:00:03.922: [sbi] INFO: [af4aab0e-97ad-41f1-965f-55cdb216ae77] (NRF-profile-get) NF registered (../lib/sbi/nf-sm.c:104)
08/14 07:00:03.922: [sbi] INFO: [NSSF] NFInstance associated [af4aab0e-97ad-41f1-965f-55cdb216ae77] (../lib/sbi/context.c:2495)
08/14 07:00:03.922: [sbi] INFO: Setup NF EndPoint(addr) [172.22.0.28:80] (../lib/sbi/context.c:2500)
08/14 07:00:03.922: [sbi] INFO: [nnssf-nsselection] NFService associated [af4ab338-97ad-41f1-965f-55cdb216ae77] (../lib/sbi/context.c:2135)
08/14 07:00:03.922: [sbi] INFO: Setup NF EndPoint(addr) [172.22.0.28:7777] (../lib/sbi/context.c:2137)
08/14 07:00:03.922: [sbi] INFO: [af52fd9a-97ad-41f1-bd0d-79f7aa78c92b] (NRF-profile-get) NF registered (../lib/sbi/nf-sm.c:104)
08/14 07:00:03.922: [sbi] INFO: [UDM] NFInstance associated [af52fd9a-97ad-41f1-bd0d-79f7aa78c92b] (../lib/sbi/context.c:2495)
08/14 07:00:03.922: [sbi] INFO: Setup NF EndPoint(addr) [172.22.0.13:80] (../lib/sbi/context.c:2500)
08/14 07:00:03.922: [sbi] INFO: [nudm-ueau] NFService associated [af530d62-97ad-41f1-bd0d-79f7aa78c92b] (../lib/sbi/context.c:2135)
08/14 07:00:03.922: [sbi] INFO: Setup NF EndPoint(addr) [172.22.0.13:7777] (../lib/sbi/context.c:2137)
08/14 07:00:03.922: [sbi] INFO: [nudm-uecm] NFService associated [af530dc6-97ad-41f1-bd0d-79f7aa78c92b] (../lib/sbi/context.c:2135)
08/14 07:00:03.922: [sbi] INFO: Setup NF EndPoint(addr) [172.22.0.13:7777] (../lib/sbi/context.c:2137)
08/14 07:00:03.922: [sbi] INFO: [nudm-sdm] NFService associated [af530e3e-97ad-41f1-bd0d-79f7aa78c92b] (../lib/sbi/context.c:2135)
08/14 07:00:03.922: [sbi] INFO: Setup NF EndPoint(addr) [172.22.0.13:7777] (../lib/sbi/context.c:2137)
08/14 07:00:03.922: [sbi] INFO: [afc0fffc-97ad-41f1-a685-bdd2fc6cad4d] (NRF-profile-get) NF registered (../lib/sbi/nf-sm.c:104)
08/14 07:00:03.922: [sbi] INFO: [SMF] NFInstance associated [afc0fffc-97ad-41f1-a685-bdd2fc6cad4d] (../lib/sbi/context.c:2495)
08/14 07:00:03.922: [sbi] INFO: Setup NF EndPoint(addr) [172.22.0.7:80] (../lib/sbi/context.c:2500)
08/14 07:00:03.922: [sbi] INFO: [nsmf-pdusession] NFService associated [afca9666-97ad-41f1-a685-bdd2fc6cad4d] (../lib/sbi/context.c:2135)
08/14 07:00:03.922: [sbi] INFO: Setup NF EndPoint(addr) [172.22.0.7:7777] (../lib/sbi/context.c:2137)
08/14 07:00:03.922: [sbi] INFO: [b54866ae-97ad-41f1-8a23-cdd0b95e8b93] (NRF-profile-get) NF registered (../lib/sbi/nf-sm.c:104)
08/14 07:00:03.922: [sbi] INFO: [PCF] NFInstance associated [b54866ae-97ad-41f1-8a23-cdd0b95e8b93] (../lib/sbi/context.c:2495)
08/14 07:00:03.922: [sbi] INFO: Setup NF EndPoint(addr) [172.22.0.27:80] (../lib/sbi/context.c:2500)
08/14 07:00:03.922: [sbi] INFO: [npcf-am-policy-control] NFService associated [b548a4e8-97ad-41f1-8a23-cdd0b95e8b93] (../lib/sbi/context.c:2135)
08/14 07:00:03.922: [sbi] INFO: Setup NF EndPoint(addr) [172.22.0.27:7777] (../lib/sbi/context.c:2137)
08/14 07:00:03.922: [sbi] INFO: [npcf-smpolicycontrol] NFService associated [b548a556-97ad-41f1-8a23-cdd0b95e8b93] (../lib/sbi/context.c:2135)
08/14 07:00:03.922: [sbi] INFO: Setup NF EndPoint(addr) [172.22.0.27:7777] (../lib/sbi/context.c:2137)
08/14 07:00:03.922: [sbi] INFO: [npcf-policyauthorization] NFService associated [b548a59c-97ad-41f1-8a23-cdd0b95e8b93] (../lib/sbi/context.c:2135)
08/14 07:00:03.922: [sbi] INFO: Setup NF EndPoint(addr) [172.22.0.27:7777] (../lib/sbi/context.c:2137)
08/14 07:00:04.437: [amf] INFO: gNB-N2 accepted[172.22.0.43]:43667 in ng-path module (../src/amf/ngap-sctp.c:113)
08/14 07:00:04.437: [amf] INFO: gNB-N2 accepted[172.22.0.43] in master_sm module (../src/amf/amf-sm.c:813)
08/14 07:00:04.443: [amf] INFO: [Added] Number of gNBs is now 1 (../src/amf/context.c:1277)
08/14 07:00:04.443: [amf] INFO: gNB-N2[172.22.0.43] max_num_of_ostreams : 30 (../src/amf/amf-sm.c:860)
08/14 07:00:08.417: [amf] INFO: InitialUEMessage (../src/amf/ngap-handler.c:612)
08/14 07:00:08.417: [amf] INFO: [Added] Number of gNB-UEs is now 1 (../src/amf/context.c:2932)
08/14 07:00:08.417: [amf] INFO:     RAN_UE_NGAP_ID[1] AMF_UE_NGAP_ID[1] TAC[6] CellID[0x6] (../src/amf/ngap-handler.c:815)
08/14 07:00:08.417: [amf] INFO: [suci-0-001-01-0000-0-0-0000000011] Unknown UE by SUCI (../src/amf/context.c:1934)
08/14 07:00:08.417: [amf] INFO: [Added] Number of AMF-UEs is now 1 (../src/amf/context.c:1699)
08/14 07:00:08.417: [gmm] INFO: Registration request (../src/amf/gmm-sm.c:1670)
08/14 07:00:08.417: [gmm] INFO: [suci-0-001-01-0000-0-0-0000000011]    SUCI (../src/amf/gmm-handler.c:186)
08/14 07:00:08.417: [sbi] INFO: [af4a6568-97ad-41f1-949c-ab0dd1d549e3] Setup NF Instance [type:AUSF] (../lib/sbi/path.c:349)
08/14 07:00:08.420: [amf] INFO: Setup NF EndPoint(addr) [172.22.0.11:7777] (../src/amf/nausf-handler.c:130)
08/14 07:00:08.425: [sbi] INFO: [af52fd9a-97ad-41f1-bd0d-79f7aa78c92b] Setup NF Instance [type:UDM] (../lib/sbi/path.c:349)
08/14 07:00:08.427: [sbi] INFO: [af52fd9a-97ad-41f1-bd0d-79f7aa78c92b] Setup NF Instance [type:UDM] (../lib/sbi/path.c:349)
08/14 07:00:08.430: [amf] INFO: Setup NF EndPoint(addr) [172.22.0.13:7777] (../src/amf/nudm-handler.c:422)
08/14 07:00:08.430: [sbi] INFO: [b54866ae-97ad-41f1-8a23-cdd0b95e8b93] Setup NF Instance [type:PCF] (../lib/sbi/path.c:349)
08/14 07:00:08.433: [amf] INFO: Setup NF EndPoint(addr) [172.22.0.27:7777] (../src/amf/npcf-handler.c:143)
08/14 07:00:08.639: [gmm] INFO: [imsi-001010000000011] Registration complete (../src/amf/gmm-sm.c:3146)
08/14 07:00:08.639: [amf] INFO: [imsi-001010000000011] Configuration update command (../src/amf/nas-path.c:609)
08/14 07:00:08.639: [gmm] INFO:     UTC [2026-08-14T07:00:08] Timezone[0]/DST[0] (../src/amf/gmm-build.c:551)
08/14 07:00:08.640: [gmm] INFO:     LOCAL [2026-08-14T07:00:08] Timezone[0]/DST[0] (../src/amf/gmm-build.c:556)
08/14 07:00:08.640: [amf] INFO: [Added] Number of AMF-Sessions is now 1 (../src/amf/context.c:2953)
08/14 07:00:08.640: [gmm] INFO: UE SUPI[imsi-001010000000011] DNN[internet] LBO[0] S_NSSAI[SST:1 SD:0xffffff] smContextRef[NULL] smContextResourceURI[NULL] (../src/amf/gmm-handler.c:1430)
08/14 07:00:08.640: [gmm] INFO: V-SMF Instance [afc0fffc-97ad-41f1-a685-bdd2fc6cad4d](LIST) (../src/amf/gmm-handler.c:1507)
08/14 07:00:08.640: [gmm] INFO: [afc0fffc-97ad-41f1-a685-bdd2fc6cad4d] Setup NF Instance [type:SMF] (../src/amf/gmm-handler.c:1509)
08/14 07:00:08.640: [gmm] INFO: V-SMF Instance [afc0fffc-97ad-41f1-a685-bdd2fc6cad4d] (../src/amf/gmm-handler.c:1519)
08/14 07:00:08.640: [gmm] INFO: V-SMF discovered in Non-Roaming or LBO-Roaming[0] (../src/amf/gmm-handler.c:1588)
08/14 07:00:08.640: [gmm] INFO: nsmf_pdusession [1:0x5836598e2688:(nil)] (../src/amf/gmm-handler.c:1628)
08/14 07:00:08.647: [amf] INFO: Setup NF EndPoint(addr) [172.22.0.7:7777] (../src/amf/nsmf-handler.c:140)
08/14 07:00:08.855: [amf] INFO: [imsi-001010000000011:1:11][0:0:NULL] /nsmf-pdusession/v1/sm-contexts/{smContextRef}/modify (../src/amf/nsmf-handler.c:983)
08/14 07:00:10.448: [amf] INFO: InitialUEMessage (../src/amf/ngap-handler.c:612)
08/14 07:00:10.448: [amf] INFO: [Added] Number of gNB-UEs is now 2 (../src/amf/context.c:2932)
08/14 07:00:10.448: [amf] INFO:     RAN_UE_NGAP_ID[2] AMF_UE_NGAP_ID[2] TAC[6] CellID[0x6] (../src/amf/ngap-handler.c:815)
08/14 07:00:10.448: [amf] INFO: [suci-0-001-01-0000-0-0-0000000012] Unknown UE by SUCI (../src/amf/context.c:1934)
08/14 07:00:10.448: [amf] INFO: [Added] Number of AMF-UEs is now 2 (../src/amf/context.c:1699)
08/14 07:00:10.448: [gmm] INFO: Registration request (../src/amf/gmm-sm.c:1670)
08/14 07:00:10.448: [gmm] INFO: [suci-0-001-01-0000-0-0-0000000012]    SUCI (../src/amf/gmm-handler.c:186)
08/14 07:00:10.448: [sbi] INFO: [af4a6568-97ad-41f1-949c-ab0dd1d549e3] Setup NF Instance [type:AUSF] (../lib/sbi/path.c:349)
08/14 07:00:10.451: [amf] INFO: Setup NF EndPoint(addr) [172.22.0.11:7777] (../src/amf/nausf-handler.c:130)
08/14 07:00:10.457: [sbi] INFO: [af52fd9a-97ad-41f1-bd0d-79f7aa78c92b] Setup NF Instance [type:UDM] (../lib/sbi/path.c:349)
08/14 07:00:10.459: [sbi] INFO: [af52fd9a-97ad-41f1-bd0d-79f7aa78c92b] Setup NF Instance [type:UDM] (../lib/sbi/path.c:349)
08/14 07:00:10.462: [amf] INFO: Setup NF EndPoint(addr) [172.22.0.13:7777] (../src/amf/nudm-handler.c:422)
08/14 07:00:10.462: [sbi] INFO: [b54866ae-97ad-41f1-8a23-cdd0b95e8b93] Setup NF Instance [type:PCF] (../lib/sbi/path.c:349)
08/14 07:00:10.464: [amf] INFO: Setup NF EndPoint(addr) [172.22.0.27:7777] (../src/amf/npcf-handler.c:143)
08/14 07:00:10.671: [gmm] INFO: [imsi-001010000000012] Registration complete (../src/amf/gmm-sm.c:3146)
08/14 07:00:10.671: [amf] INFO: [imsi-001010000000012] Configuration update command (../src/amf/nas-path.c:609)
08/14 07:00:10.671: [gmm] INFO:     UTC [2026-08-14T07:00:10] Timezone[0]/DST[0] (../src/amf/gmm-build.c:551)
08/14 07:00:10.671: [gmm] INFO:     LOCAL [2026-08-14T07:00:10] Timezone[0]/DST[0] (../src/amf/gmm-build.c:556)
08/14 07:00:10.672: [amf] INFO: [Added] Number of AMF-Sessions is now 2 (../src/amf/context.c:2953)
08/14 07:00:10.672: [gmm] INFO: UE SUPI[imsi-001010000000012] DNN[internet] LBO[0] S_NSSAI[SST:1 SD:0xffffff] smContextRef[NULL] smContextResourceURI[NULL] (../src/amf/gmm-handler.c:1430)
08/14 07:00:10.672: [gmm] INFO: V-SMF Instance [afc0fffc-97ad-41f1-a685-bdd2fc6cad4d](LIST) (../src/amf/gmm-handler.c:1507)
08/14 07:00:10.672: [gmm] INFO: [afc0fffc-97ad-41f1-a685-bdd2fc6cad4d] Setup NF Instance [type:SMF] (../src/amf/gmm-handler.c:1509)
08/14 07:00:10.672: [gmm] INFO: V-SMF Instance [afc0fffc-97ad-41f1-a685-bdd2fc6cad4d] (../src/amf/gmm-handler.c:1519)
08/14 07:00:10.672: [gmm] INFO: V-SMF discovered in Non-Roaming or LBO-Roaming[0] (../src/amf/gmm-handler.c:1588)
08/14 07:00:10.672: [gmm] INFO: nsmf_pdusession [1:0x5836598e2688:(nil)] (../src/amf/gmm-handler.c:1628)
08/14 07:00:10.678: [amf] INFO: Setup NF EndPoint(addr) [172.22.0.7:7777] (../src/amf/nsmf-handler.c:140)
08/14 07:00:10.888: [amf] INFO: [imsi-001010000000012:1:11][0:0:NULL] /nsmf-pdusession/v1/sm-contexts/{smContextRef}/modify (../src/amf/nsmf-handler.c:983)
08/14 07:00:11.465: [amf] INFO: gNB-N2 accepted[172.22.0.43]:56204 in ng-path module (../src/amf/ngap-sctp.c:113)
08/14 07:00:11.466: [amf] INFO: gNB-N2 accepted[172.22.0.43] in master_sm module (../src/amf/amf-sm.c:813)
08/14 07:00:11.472: [amf] INFO: [Added] Number of gNBs is now 2 (../src/amf/context.c:1277)
08/14 07:00:11.472: [amf] INFO: gNB-N2[172.22.0.43] max_num_of_ostreams : 30 (../src/amf/amf-sm.c:860)
08/14 07:00:15.417: [amf] INFO: InitialUEMessage (../src/amf/ngap-handler.c:612)
08/14 07:00:15.417: [amf] INFO: [Added] Number of gNB-UEs is now 3 (../src/amf/context.c:2932)
08/14 07:00:15.418: [amf] INFO:     RAN_UE_NGAP_ID[1] AMF_UE_NGAP_ID[3] TAC[7] CellID[0x7] (../src/amf/ngap-handler.c:815)
08/14 07:00:15.418: [amf] INFO: [suci-0-001-01-0000-0-0-0000000013] Unknown UE by SUCI (../src/amf/context.c:1934)
08/14 07:00:15.418: [amf] INFO: [Added] Number of AMF-UEs is now 3 (../src/amf/context.c:1699)
08/14 07:00:15.418: [gmm] INFO: Registration request (../src/amf/gmm-sm.c:1670)
08/14 07:00:15.418: [gmm] INFO: [suci-0-001-01-0000-0-0-0000000013]    SUCI (../src/amf/gmm-handler.c:186)
08/14 07:00:15.418: [sbi] INFO: [af4a6568-97ad-41f1-949c-ab0dd1d549e3] Setup NF Instance [type:AUSF] (../lib/sbi/path.c:349)
08/14 07:00:15.421: [amf] INFO: Setup NF EndPoint(addr) [172.22.0.11:7777] (../src/amf/nausf-handler.c:130)
08/14 07:00:15.427: [sbi] INFO: [af52fd9a-97ad-41f1-bd0d-79f7aa78c92b] Setup NF Instance [type:UDM] (../lib/sbi/path.c:349)
08/14 07:00:15.429: [sbi] INFO: [af52fd9a-97ad-41f1-bd0d-79f7aa78c92b] Setup NF Instance [type:UDM] (../lib/sbi/path.c:349)
08/14 07:00:15.433: [amf] INFO: Setup NF EndPoint(addr) [172.22.0.13:7777] (../src/amf/nudm-handler.c:422)
08/14 07:00:15.433: [sbi] INFO: [b54866ae-97ad-41f1-8a23-cdd0b95e8b93] Setup NF Instance [type:PCF] (../lib/sbi/path.c:349)
08/14 07:00:15.435: [amf] INFO: Setup NF EndPoint(addr) [172.22.0.27:7777] (../src/amf/npcf-handler.c:143)
08/14 07:00:15.639: [gmm] INFO: [imsi-001010000000013] Registration complete (../src/amf/gmm-sm.c:3146)
08/14 07:00:15.639: [amf] INFO: [imsi-001010000000013] Configuration update command (../src/amf/nas-path.c:609)
08/14 07:00:15.639: [gmm] INFO:     UTC [2026-08-14T07:00:15] Timezone[0]/DST[0] (../src/amf/gmm-build.c:551)
08/14 07:00:15.639: [gmm] INFO:     LOCAL [2026-08-14T07:00:15] Timezone[0]/DST[0] (../src/amf/gmm-build.c:556)
08/14 07:00:15.640: [amf] INFO: [Added] Number of AMF-Sessions is now 3 (../src/amf/context.c:2953)
08/14 07:00:15.640: [gmm] INFO: UE SUPI[imsi-001010000000013] DNN[internet] LBO[0] S_NSSAI[SST:1 SD:0xffffff] smContextRef[NULL] smContextResourceURI[NULL] (../src/amf/gmm-handler.c:1430)
08/14 07:00:15.640: [gmm] INFO: V-SMF Instance [afc0fffc-97ad-41f1-a685-bdd2fc6cad4d](LIST) (../src/amf/gmm-handler.c:1507)
08/14 07:00:15.640: [gmm] INFO: [afc0fffc-97ad-41f1-a685-bdd2fc6cad4d] Setup NF Instance [type:SMF] (../src/amf/gmm-handler.c:1509)
08/14 07:00:15.640: [gmm] INFO: V-SMF Instance [afc0fffc-97ad-41f1-a685-bdd2fc6cad4d] (../src/amf/gmm-handler.c:1519)
08/14 07:00:15.640: [gmm] INFO: V-SMF discovered in Non-Roaming or LBO-Roaming[0] (../src/amf/gmm-handler.c:1588)
08/14 07:00:15.640: [gmm] INFO: nsmf_pdusession [1:0x5836598e2688:(nil)] (../src/amf/gmm-handler.c:1628)
08/14 07:00:15.647: [amf] INFO: Setup NF EndPoint(addr) [172.22.0.7:7777] (../src/amf/nsmf-handler.c:140)
08/14 07:00:15.857: [amf] INFO: [imsi-001010000000013:1:11][0:0:NULL] /nsmf-pdusession/v1/sm-contexts/{smContextRef}/modify (../src/amf/nsmf-handler.c:983)
08/14 07:00:17.414: [amf] INFO: InitialUEMessage (../src/amf/ngap-handler.c:612)
08/14 07:00:17.414: [amf] INFO: [Added] Number of gNB-UEs is now 4 (../src/amf/context.c:2932)
08/14 07:00:17.414: [amf] INFO:     RAN_UE_NGAP_ID[2] AMF_UE_NGAP_ID[4] TAC[7] CellID[0x7] (../src/amf/ngap-handler.c:815)
08/14 07:00:17.414: [amf] INFO: [suci-0-001-01-0000-0-0-0000000014] Unknown UE by SUCI (../src/amf/context.c:1934)
08/14 07:00:17.414: [amf] INFO: [Added] Number of AMF-UEs is now 4 (../src/amf/context.c:1699)
08/14 07:00:17.414: [gmm] INFO: Registration request (../src/amf/gmm-sm.c:1670)
08/14 07:00:17.414: [gmm] INFO: [suci-0-001-01-0000-0-0-0000000014]    SUCI (../src/amf/gmm-handler.c:186)
08/14 07:00:17.414: [sbi] INFO: [af4a6568-97ad-41f1-949c-ab0dd1d549e3] Setup NF Instance [type:AUSF] (../lib/sbi/path.c:349)
08/14 07:00:17.418: [amf] INFO: Setup NF EndPoint(addr) [172.22.0.11:7777] (../src/amf/nausf-handler.c:130)
08/14 07:00:17.423: [sbi] INFO: [af52fd9a-97ad-41f1-bd0d-79f7aa78c92b] Setup NF Instance [type:UDM] (../lib/sbi/path.c:349)
08/14 07:00:17.425: [sbi] INFO: [af52fd9a-97ad-41f1-bd0d-79f7aa78c92b] Setup NF Instance [type:UDM] (../lib/sbi/path.c:349)
08/14 07:00:17.428: [amf] INFO: Setup NF EndPoint(addr) [172.22.0.13:7777] (../src/amf/nudm-handler.c:422)
08/14 07:00:17.428: [sbi] INFO: [b54866ae-97ad-41f1-8a23-cdd0b95e8b93] Setup NF Instance [type:PCF] (../lib/sbi/path.c:349)
08/14 07:00:17.431: [amf] INFO: Setup NF EndPoint(addr) [172.22.0.27:7777] (../src/amf/npcf-handler.c:143)
08/14 07:00:17.639: [gmm] INFO: [imsi-001010000000014] Registration complete (../src/amf/gmm-sm.c:3146)
08/14 07:00:17.639: [amf] INFO: [imsi-001010000000014] Configuration update command (../src/amf/nas-path.c:609)
08/14 07:00:17.639: [gmm] INFO:     UTC [2026-08-14T07:00:17] Timezone[0]/DST[0] (../src/amf/gmm-build.c:551)
08/14 07:00:17.639: [gmm] INFO:     LOCAL [2026-08-14T07:00:17] Timezone[0]/DST[0] (../src/amf/gmm-build.c:556)
08/14 07:00:17.639: [amf] INFO: [Added] Number of AMF-Sessions is now 4 (../src/amf/context.c:2953)
08/14 07:00:17.639: [gmm] INFO: UE SUPI[imsi-001010000000014] DNN[internet] LBO[0] S_NSSAI[SST:1 SD:0xffffff] smContextRef[NULL] smContextResourceURI[NULL] (../src/amf/gmm-handler.c:1430)
08/14 07:00:17.639: [gmm] INFO: V-SMF Instance [afc0fffc-97ad-41f1-a685-bdd2fc6cad4d](LIST) (../src/amf/gmm-handler.c:1507)
08/14 07:00:17.639: [gmm] INFO: [afc0fffc-97ad-41f1-a685-bdd2fc6cad4d] Setup NF Instance [type:SMF] (../src/amf/gmm-handler.c:1509)
08/14 07:00:17.639: [gmm] INFO: V-SMF Instance [afc0fffc-97ad-41f1-a685-bdd2fc6cad4d] (../src/amf/gmm-handler.c:1519)
08/14 07:00:17.639: [gmm] INFO: V-SMF discovered in Non-Roaming or LBO-Roaming[0] (../src/amf/gmm-handler.c:1588)
08/14 07:00:17.639: [gmm] INFO: nsmf_pdusession [1:0x5836598e2688:(nil)] (../src/amf/gmm-handler.c:1628)
08/14 07:00:17.645: [amf] INFO: Setup NF EndPoint(addr) [172.22.0.7:7777] (../src/amf/nsmf-handler.c:140)
08/14 07:00:17.853: [amf] INFO: [imsi-001010000000014:1:11][0:0:NULL] /nsmf-pdusession/v1/sm-contexts/{smContextRef}/modify (../src/amf/nsmf-handler.c:983)
08/14 07:00:18.474: [amf] INFO: gNB-N2 accepted[172.22.0.43]:49018 in ng-path module (../src/amf/ngap-sctp.c:113)
08/14 07:00:18.474: [amf] INFO: gNB-N2 accepted[172.22.0.43] in master_sm module (../src/amf/amf-sm.c:813)
08/14 07:00:18.481: [amf] INFO: [Added] Number of gNBs is now 3 (../src/amf/context.c:1277)
08/14 07:00:18.481: [amf] INFO: gNB-N2[172.22.0.43] max_num_of_ostreams : 30 (../src/amf/amf-sm.c:860)
08/14 07:00:22.462: [amf] INFO: InitialUEMessage (../src/amf/ngap-handler.c:612)
08/14 07:00:22.462: [amf] INFO: [Added] Number of gNB-UEs is now 5 (../src/amf/context.c:2932)
08/14 07:00:22.462: [amf] INFO:     RAN_UE_NGAP_ID[1] AMF_UE_NGAP_ID[5] TAC[8] CellID[0x8] (../src/amf/ngap-handler.c:815)
08/14 07:00:22.462: [amf] INFO: [suci-0-001-01-0000-0-0-0000000015] Unknown UE by SUCI (../src/amf/context.c:1934)
08/14 07:00:22.462: [amf] INFO: [Added] Number of AMF-UEs is now 5 (../src/amf/context.c:1699)
08/14 07:00:22.462: [gmm] INFO: Registration request (../src/amf/gmm-sm.c:1670)
08/14 07:00:22.462: [gmm] INFO: [suci-0-001-01-0000-0-0-0000000015]    SUCI (../src/amf/gmm-handler.c:186)
08/14 07:00:22.462: [sbi] INFO: [af4a6568-97ad-41f1-949c-ab0dd1d549e3] Setup NF Instance [type:AUSF] (../lib/sbi/path.c:349)
08/14 07:00:22.466: [amf] INFO: Setup NF EndPoint(addr) [172.22.0.11:7777] (../src/amf/nausf-handler.c:130)
08/14 07:00:22.473: [sbi] INFO: [af52fd9a-97ad-41f1-bd0d-79f7aa78c92b] Setup NF Instance [type:UDM] (../lib/sbi/path.c:349)
08/14 07:00:22.475: [sbi] INFO: [af52fd9a-97ad-41f1-bd0d-79f7aa78c92b] Setup NF Instance [type:UDM] (../lib/sbi/path.c:349)
08/14 07:00:22.478: [amf] INFO: Setup NF EndPoint(addr) [172.22.0.13:7777] (../src/amf/nudm-handler.c:422)
08/14 07:00:22.478: [sbi] INFO: [b54866ae-97ad-41f1-8a23-cdd0b95e8b93] Setup NF Instance [type:PCF] (../lib/sbi/path.c:349)
08/14 07:00:22.480: [amf] INFO: Setup NF EndPoint(addr) [172.22.0.27:7777] (../src/amf/npcf-handler.c:143)
08/14 07:00:22.687: [gmm] INFO: [imsi-001010000000015] Registration complete (../src/amf/gmm-sm.c:3146)
08/14 07:00:22.687: [amf] INFO: [imsi-001010000000015] Configuration update command (../src/amf/nas-path.c:609)
08/14 07:00:22.687: [gmm] INFO:     UTC [2026-08-14T07:00:22] Timezone[0]/DST[0] (../src/amf/gmm-build.c:551)
08/14 07:00:22.687: [gmm] INFO:     LOCAL [2026-08-14T07:00:22] Timezone[0]/DST[0] (../src/amf/gmm-build.c:556)
08/14 07:00:22.687: [amf] INFO: [Added] Number of AMF-Sessions is now 5 (../src/amf/context.c:2953)
08/14 07:00:22.687: [gmm] INFO: UE SUPI[imsi-001010000000015] DNN[internet] LBO[0] S_NSSAI[SST:1 SD:0xffffff] smContextRef[NULL] smContextResourceURI[NULL] (../src/amf/gmm-handler.c:1430)
08/14 07:00:22.687: [gmm] INFO: V-SMF Instance [afc0fffc-97ad-41f1-a685-bdd2fc6cad4d](LIST) (../src/amf/gmm-handler.c:1507)
08/14 07:00:22.687: [gmm] INFO: [afc0fffc-97ad-41f1-a685-bdd2fc6cad4d] Setup NF Instance [type:SMF] (../src/amf/gmm-handler.c:1509)
08/14 07:00:22.687: [gmm] INFO: V-SMF Instance [afc0fffc-97ad-41f1-a685-bdd2fc6cad4d] (../src/amf/gmm-handler.c:1519)
08/14 07:00:22.687: [gmm] INFO: V-SMF discovered in Non-Roaming or LBO-Roaming[0] (../src/amf/gmm-handler.c:1588)
08/14 07:00:22.687: [gmm] INFO: nsmf_pdusession [1:0x5836598e2688:(nil)] (../src/amf/gmm-handler.c:1628)
08/14 07:00:22.694: [amf] INFO: Setup NF EndPoint(addr) [172.22.0.7:7777] (../src/amf/nsmf-handler.c:140)
08/14 07:00:22.902: [amf] INFO: [imsi-001010000000015:1:11][0:0:NULL] /nsmf-pdusession/v1/sm-contexts/{smContextRef}/modify (../src/amf/nsmf-handler.c:983)
08/14 07:00:24.501: [amf] INFO: InitialUEMessage (../src/amf/ngap-handler.c:612)
08/14 07:00:24.501: [amf] INFO: [Added] Number of gNB-UEs is now 6 (../src/amf/context.c:2932)
08/14 07:00:24.501: [amf] INFO:     RAN_UE_NGAP_ID[2] AMF_UE_NGAP_ID[6] TAC[8] CellID[0x8] (../src/amf/ngap-handler.c:815)
08/14 07:00:24.502: [amf] INFO: [suci-0-001-01-0000-0-0-0000000016] Unknown UE by SUCI (../src/amf/context.c:1934)
08/14 07:00:24.502: [amf] INFO: [Added] Number of AMF-UEs is now 6 (../src/amf/context.c:1699)
08/14 07:00:24.502: [gmm] INFO: Registration request (../src/amf/gmm-sm.c:1670)
08/14 07:00:24.502: [gmm] INFO: [suci-0-001-01-0000-0-0-0000000016]    SUCI (../src/amf/gmm-handler.c:186)
08/14 07:00:24.502: [sbi] INFO: [af4a6568-97ad-41f1-949c-ab0dd1d549e3] Setup NF Instance [type:AUSF] (../lib/sbi/path.c:349)
08/14 07:00:24.505: [amf] INFO: Setup NF EndPoint(addr) [172.22.0.11:7777] (../src/amf/nausf-handler.c:130)
08/14 07:00:24.510: [sbi] INFO: [af52fd9a-97ad-41f1-bd0d-79f7aa78c92b] Setup NF Instance [type:UDM] (../lib/sbi/path.c:349)
08/14 07:00:24.512: [sbi] INFO: [af52fd9a-97ad-41f1-bd0d-79f7aa78c92b] Setup NF Instance [type:UDM] (../lib/sbi/path.c:349)
08/14 07:00:24.516: [amf] INFO: Setup NF EndPoint(addr) [172.22.0.13:7777] (../src/amf/nudm-handler.c:422)
08/14 07:00:24.516: [sbi] INFO: [b54866ae-97ad-41f1-8a23-cdd0b95e8b93] Setup NF Instance [type:PCF] (../lib/sbi/path.c:349)
08/14 07:00:24.519: [amf] INFO: Setup NF EndPoint(addr) [172.22.0.27:7777] (../src/amf/npcf-handler.c:143)
08/14 07:00:24.727: [gmm] INFO: [imsi-001010000000016] Registration complete (../src/amf/gmm-sm.c:3146)
08/14 07:00:24.727: [amf] INFO: [imsi-001010000000016] Configuration update command (../src/amf/nas-path.c:609)
08/14 07:00:24.727: [gmm] INFO:     UTC [2026-08-14T07:00:24] Timezone[0]/DST[0] (../src/amf/gmm-build.c:551)
08/14 07:00:24.727: [gmm] INFO:     LOCAL [2026-08-14T07:00:24] Timezone[0]/DST[0] (../src/amf/gmm-build.c:556)
08/14 07:00:24.728: [amf] INFO: [Added] Number of AMF-Sessions is now 6 (../src/amf/context.c:2953)
08/14 07:00:24.728: [gmm] INFO: UE SUPI[imsi-001010000000016] DNN[internet] LBO[0] S_NSSAI[SST:1 SD:0xffffff] smContextRef[NULL] smContextResourceURI[NULL] (../src/amf/gmm-handler.c:1430)
08/14 07:00:24.728: [gmm] INFO: V-SMF Instance [afc0fffc-97ad-41f1-a685-bdd2fc6cad4d](LIST) (../src/amf/gmm-handler.c:1507)
08/14 07:00:24.728: [gmm] INFO: [afc0fffc-97ad-41f1-a685-bdd2fc6cad4d] Setup NF Instance [type:SMF] (../src/amf/gmm-handler.c:1509)
08/14 07:00:24.728: [gmm] INFO: V-SMF Instance [afc0fffc-97ad-41f1-a685-bdd2fc6cad4d] (../src/amf/gmm-handler.c:1519)
08/14 07:00:24.728: [gmm] INFO: V-SMF discovered in Non-Roaming or LBO-Roaming[0] (../src/amf/gmm-handler.c:1588)
08/14 07:00:24.728: [gmm] INFO: nsmf_pdusession [1:0x5836598e2688:(nil)] (../src/amf/gmm-handler.c:1628)
08/14 07:00:24.734: [amf] INFO: Setup NF EndPoint(addr) [172.22.0.7:7777] (../src/amf/nsmf-handler.c:140)
08/14 07:00:24.942: [amf] INFO: [imsi-001010000000016:1:11][0:0:NULL] /nsmf-pdusession/v1/sm-contexts/{smContextRef}/modify (../src/amf/nsmf-handler.c:983)
Open5GS daemon v2.7.7-74-gdbe060f

08/14 12:28:55.619: [app] INFO: Configuration: '/open5gs/install/etc/open5gs/amf.yaml' (../lib/app/ogs-init.c:144)
08/14 12:28:55.619: [app] INFO: File Logging: '/open5gs/install/var/log/open5gs/amf2.log' (../lib/app/ogs-init.c:147)
08/14 12:28:55.622: [sbi] INFO: Setup NF EndPoint(fqdn) [nrf:7777] (../lib/sbi/context.c:451)
08/14 12:28:55.622: [sbi] INFO: Setup NF EndPoint(fqdn) [scp:7777] (../lib/sbi/context.c:499)
08/14 12:28:55.622: [metrics] INFO: metrics_server() [http://172.22.0.46]:9091 (../lib/metrics/prometheus/context.c:392)
08/14 12:28:55.622: [sbi] INFO: NF Service [namf-comm] (../lib/sbi/context.c:2011)
08/14 12:28:55.622: [sbi] INFO: nghttp2_server() [http://172.22.0.46]:7777 (../lib/sbi/nghttp2-server.c:454)
08/14 12:28:55.622: [amf] INFO: ngap_server() [172.22.0.46]:38412 (../src/amf/ngap-sctp.c:61)
08/14 12:28:55.623: [sctp] INFO: AMF initialize...done (../src/amf/app.c:33)
08/14 12:28:55.627: [sbi] INFO: [b76d240a-97db-41f1-8e89-09a813ea27b6] NF registered [Heartbeat:10s] (../lib/sbi/nf-sm.c:364)
08/14 12:28:55.628: [sbi] INFO: Setup NF EndPoint(addr) [172.22.0.12:7777] (../lib/sbi/nnrf-handler.c:1113)
08/14 12:28:55.628: [sbi] INFO: [b76e34e4-97db-41f1-be5d-3f2792465f86] Subscription created until 2026-08-15T12:28:55.628147+00:00 [duration:86400000000,validity:86400.000000,patch:43200.000000] (../lib/sbi/nnrf-handler.c:1032)
08/14 12:28:55.629: [sbi] INFO: Setup NF EndPoint(addr) [172.22.0.12:7777] (../lib/sbi/nnrf-handler.c:1113)
08/14 12:28:55.629: [sbi] INFO: [b76e3b7e-97db-41f1-be5d-3f2792465f86] Subscription created until 2026-08-15T12:28:55.628292+00:00 [duration:86400000000,validity:86400.000000,patch:43200.000000] (../lib/sbi/nnrf-handler.c:1032)
08/14 12:28:55.629: [sbi] INFO: Setup NF EndPoint(addr) [172.22.0.12:7777] (../lib/sbi/nnrf-handler.c:1113)
08/14 12:28:55.629: [sbi] INFO: [b76e3d86-97db-41f1-be5d-3f2792465f86] Subscription created until 2026-08-15T12:28:55.628340+00:00 [duration:86400000000,validity:86400.000000,patch:43200.000000] (../lib/sbi/nnrf-handler.c:1032)
08/14 12:28:55.629: [sbi] INFO: Setup NF EndPoint(addr) [172.22.0.12:7777] (../lib/sbi/nnrf-handler.c:1113)
08/14 12:28:55.629: [sbi] INFO: [b76e3f70-97db-41f1-be5d-3f2792465f86] Subscription created until 2026-08-15T12:28:55.628387+00:00 [duration:86400000000,validity:86400.000000,patch:43200.000000] (../lib/sbi/nnrf-handler.c:1032)
08/14 12:28:55.629: [sbi] INFO: Setup NF EndPoint(addr) [172.22.0.12:7777] (../lib/sbi/nnrf-handler.c:1113)
08/14 12:28:55.629: [sbi] INFO: [b76e445c-97db-41f1-be5d-3f2792465f86] Subscription created until 2026-08-15T12:28:55.628518+00:00 [duration:86400000000,validity:86400.000000,patch:43200.000000] (../lib/sbi/nnrf-handler.c:1032)
08/14 12:28:55.629: [sbi] INFO: Setup NF EndPoint(addr) [172.22.0.12:7777] (../lib/sbi/nnrf-handler.c:1113)
08/14 12:28:55.629: [sbi] INFO: [b76e463c-97db-41f1-be5d-3f2792465f86] Subscription created until 2026-08-15T12:28:55.628564+00:00 [duration:86400000000,validity:86400.000000,patch:43200.000000] (../lib/sbi/nnrf-handler.c:1032)
08/14 12:28:55.629: [sbi] INFO: Setup NF EndPoint(addr) [172.22.0.12:7777] (../lib/sbi/nnrf-handler.c:1113)
08/14 12:28:55.629: [sbi] INFO: [b76e4aa6-97db-41f1-be5d-3f2792465f86] Subscription created until 2026-08-15T12:28:55.628698+00:00 [duration:86400000000,validity:86400.000000,patch:43200.000000] (../lib/sbi/nnrf-handler.c:1032)
08/14 12:28:55.631: [sbi] INFO: [a04c03ae-97db-41f1-817f-b552b8e88c1b] (NRF-profile-get) NF registered (../lib/sbi/nf-sm.c:104)
08/14 12:28:55.631: [sbi] INFO: [UDM] NFInstance associated [a04c03ae-97db-41f1-817f-b552b8e88c1b] (../lib/sbi/context.c:2495)
08/14 12:28:55.631: [sbi] INFO: Setup NF EndPoint(addr) [172.22.0.13:80] (../lib/sbi/context.c:2500)
08/14 12:28:55.631: [sbi] INFO: [nudm-ueau] NFService associated [a04c1452-97db-41f1-817f-b552b8e88c1b] (../lib/sbi/context.c:2135)
08/14 12:28:55.631: [sbi] INFO: Setup NF EndPoint(addr) [172.22.0.13:7777] (../lib/sbi/context.c:2137)
08/14 12:28:55.631: [sbi] INFO: [nudm-uecm] NFService associated [a04c14e8-97db-41f1-817f-b552b8e88c1b] (../lib/sbi/context.c:2135)
08/14 12:28:55.631: [sbi] INFO: Setup NF EndPoint(addr) [172.22.0.13:7777] (../lib/sbi/context.c:2137)
08/14 12:28:55.631: [sbi] INFO: [nudm-sdm] NFService associated [a04c1542-97db-41f1-817f-b552b8e88c1b] (../lib/sbi/context.c:2135)
08/14 12:28:55.631: [sbi] INFO: Setup NF EndPoint(addr) [172.22.0.13:7777] (../lib/sbi/context.c:2137)
08/14 12:28:55.631: [sbi] INFO: [a04c314e-97db-41f1-b46a-f5a7ef3256f5] (NRF-profile-get) NF registered (../lib/sbi/nf-sm.c:104)
08/14 12:28:55.631: [sbi] INFO: [NSSF] NFInstance associated [a04c314e-97db-41f1-b46a-f5a7ef3256f5] (../lib/sbi/context.c:2495)
08/14 12:28:55.631: [sbi] INFO: Setup NF EndPoint(addr) [172.22.0.28:80] (../lib/sbi/context.c:2500)
08/14 12:28:55.631: [sbi] INFO: [nnssf-nsselection] NFService associated [a04c3c48-97db-41f1-b46a-f5a7ef3256f5] (../lib/sbi/context.c:2135)
08/14 12:28:55.631: [sbi] INFO: Setup NF EndPoint(addr) [172.22.0.28:7777] (../lib/sbi/context.c:2137)
08/14 12:28:55.631: [sbi] INFO: [a054336c-97db-41f1-bfb0-efe377befcd8] (NRF-profile-get) NF registered (../lib/sbi/nf-sm.c:104)
08/14 12:28:55.631: [sbi] INFO: [AUSF] NFInstance associated [a054336c-97db-41f1-bfb0-efe377befcd8] (../lib/sbi/context.c:2495)
08/14 12:28:55.631: [sbi] INFO: Setup NF EndPoint(addr) [172.22.0.11:80] (../lib/sbi/context.c:2500)
08/14 12:28:55.631: [sbi] INFO: [nausf-auth] NFService associated [a0543c9a-97db-41f1-bfb0-efe377befcd8] (../lib/sbi/context.c:2135)
08/14 12:28:55.631: [sbi] INFO: Setup NF EndPoint(addr) [172.22.0.11:7777] (../lib/sbi/context.c:2137)
08/14 12:28:55.632: [sbi] INFO: [a0bf85f4-97db-41f1-869c-87e3b1e346af] (NRF-profile-get) NF registered (../lib/sbi/nf-sm.c:104)
08/14 12:28:55.632: [sbi] INFO: [SMF] NFInstance associated [a0bf85f4-97db-41f1-869c-87e3b1e346af] (../lib/sbi/context.c:2495)
08/14 12:28:55.632: [sbi] INFO: Setup NF EndPoint(addr) [172.22.0.7:80] (../lib/sbi/context.c:2500)
08/14 12:28:55.632: [sbi] INFO: [nsmf-pdusession] NFService associated [a0cbd908-97db-41f1-869c-87e3b1e346af] (../lib/sbi/context.c:2135)
08/14 12:28:55.632: [sbi] INFO: Setup NF EndPoint(addr) [172.22.0.7:7777] (../lib/sbi/context.c:2137)
08/14 12:28:55.632: [sbi] INFO: [a6499014-97db-41f1-932a-0f253ffa91c3] (NRF-profile-get) NF registered (../lib/sbi/nf-sm.c:104)
08/14 12:28:55.632: [sbi] INFO: [PCF] NFInstance associated [a6499014-97db-41f1-932a-0f253ffa91c3] (../lib/sbi/context.c:2495)
08/14 12:28:55.632: [sbi] INFO: Setup NF EndPoint(addr) [172.22.0.27:80] (../lib/sbi/context.c:2500)
08/14 12:28:55.632: [sbi] INFO: [npcf-am-policy-control] NFService associated [a649ed16-97db-41f1-932a-0f253ffa91c3] (../lib/sbi/context.c:2135)
08/14 12:28:55.632: [sbi] INFO: Setup NF EndPoint(addr) [172.22.0.27:7777] (../lib/sbi/context.c:2137)
08/14 12:28:55.632: [sbi] INFO: [npcf-smpolicycontrol] NFService associated [a649ee74-97db-41f1-932a-0f253ffa91c3] (../lib/sbi/context.c:2135)
08/14 12:28:55.632: [sbi] INFO: Setup NF EndPoint(addr) [172.22.0.27:7777] (../lib/sbi/context.c:2137)
08/14 12:28:55.632: [sbi] INFO: [npcf-policyauthorization] NFService associated [a649eeb0-97db-41f1-932a-0f253ffa91c3] (../lib/sbi/context.c:2135)
08/14 12:28:55.632: [sbi] INFO: Setup NF EndPoint(addr) [172.22.0.27:7777] (../lib/sbi/context.c:2137)
Open5GS daemon v2.7.7-74-gdbe060f

08/14 19:15:13.668: [app] INFO: Configuration: '/open5gs/install/etc/open5gs/amf.yaml' (../lib/app/ogs-init.c:144)
08/14 19:15:13.668: [app] INFO: File Logging: '/open5gs/install/var/log/open5gs/amf2.log' (../lib/app/ogs-init.c:147)
08/14 19:15:13.672: [sbi] INFO: Setup NF EndPoint(fqdn) [nrf:7777] (../lib/sbi/context.c:451)
08/14 19:15:13.672: [sbi] INFO: Setup NF EndPoint(fqdn) [scp:7777] (../lib/sbi/context.c:499)
08/14 19:15:13.672: [metrics] INFO: metrics_server() [http://172.22.0.46]:9091 (../lib/metrics/prometheus/context.c:392)
08/14 19:15:13.672: [sbi] INFO: NF Service [namf-comm] (../lib/sbi/context.c:2011)
08/14 19:15:13.672: [sbi] INFO: nghttp2_server() [http://172.22.0.46]:7777 (../lib/sbi/nghttp2-server.c:454)
08/14 19:15:13.672: [amf] INFO: ngap_server() [172.22.0.46]:38412 (../src/amf/ngap-sctp.c:61)
08/14 19:15:13.672: [sctp] INFO: AMF initialize...done (../src/amf/app.c:33)
08/14 19:15:13.676: [sbi] INFO: [79e053b2-9814-41f1-ba85-35dc876f2e96] NF registered [Heartbeat:10s] (../lib/sbi/nf-sm.c:364)
08/14 19:15:13.677: [sbi] INFO: Setup NF EndPoint(addr) [172.22.0.12:7777] (../lib/sbi/nnrf-handler.c:1113)
08/14 19:15:13.677: [sbi] INFO: [79e13c00-9814-41f1-b3b7-bb52c4e2c86f] Subscription created until 2026-08-15T19:15:13.676865+00:00 [duration:86400000000,validity:86400.000000,patch:43200.000000] (../lib/sbi/nnrf-handler.c:1032)
08/14 19:15:13.677: [sbi] INFO: Setup NF EndPoint(addr) [172.22.0.12:7777] (../lib/sbi/nnrf-handler.c:1113)
08/14 19:15:13.677: [sbi] INFO: [79e143b2-9814-41f1-b3b7-bb52c4e2c86f] Subscription created until 2026-08-15T19:15:13.677020+00:00 [duration:86400000000,validity:86400.000000,patch:43200.000000] (../lib/sbi/nnrf-handler.c:1032)
08/14 19:15:13.677: [sbi] INFO: Setup NF EndPoint(addr) [172.22.0.12:7777] (../lib/sbi/nnrf-handler.c:1113)
08/14 19:15:13.677: [sbi] INFO: [79e14628-9814-41f1-b3b7-bb52c4e2c86f] Subscription created until 2026-08-15T19:15:13.677073+00:00 [duration:86400000000,validity:86400.000000,patch:43200.000000] (../lib/sbi/nnrf-handler.c:1032)
08/14 19:15:13.678: [sbi] INFO: Setup NF EndPoint(addr) [172.22.0.12:7777] (../lib/sbi/nnrf-handler.c:1113)
08/14 19:15:13.678: [sbi] INFO: [79e14d30-9814-41f1-b3b7-bb52c4e2c86f] Subscription created until 2026-08-15T19:15:13.677258+00:00 [duration:86400000000,validity:86400.000000,patch:43200.000000] (../lib/sbi/nnrf-handler.c:1032)
08/14 19:15:13.678: [sbi] INFO: Setup NF EndPoint(addr) [172.22.0.12:7777] (../lib/sbi/nnrf-handler.c:1113)
08/14 19:15:13.678: [sbi] INFO: [79e14f6a-9814-41f1-b3b7-bb52c4e2c86f] Subscription created until 2026-08-15T19:15:13.677313+00:00 [duration:86400000000,validity:86400.000000,patch:43200.000000] (../lib/sbi/nnrf-handler.c:1032)
08/14 19:15:13.678: [sbi] INFO: Setup NF EndPoint(addr) [172.22.0.12:7777] (../lib/sbi/nnrf-handler.c:1113)
08/14 19:15:13.678: [sbi] INFO: [79e154b0-9814-41f1-b3b7-bb52c4e2c86f] Subscription created until 2026-08-15T19:15:13.677445+00:00 [duration:86400000000,validity:86400.000000,patch:43200.000000] (../lib/sbi/nnrf-handler.c:1032)
08/14 19:15:13.678: [sbi] INFO: Setup NF EndPoint(addr) [172.22.0.12:7777] (../lib/sbi/nnrf-handler.c:1113)
08/14 19:15:13.678: [sbi] INFO: [79e15672-9814-41f1-b3b7-bb52c4e2c86f] Subscription created until 2026-08-15T19:15:13.677485+00:00 [duration:86400000000,validity:86400.000000,patch:43200.000000] (../lib/sbi/nnrf-handler.c:1032)
08/14 19:15:13.680: [sbi] INFO: [dc64301a-9807-41f1-971d-bf491f348400] (NRF-profile-get) NF registered (../lib/sbi/nf-sm.c:104)
08/14 19:15:13.680: [sbi] INFO: [UDM] NFInstance associated [dc64301a-9807-41f1-971d-bf491f348400] (../lib/sbi/context.c:2495)
08/14 19:15:13.680: [sbi] INFO: Setup NF EndPoint(addr) [172.22.0.13:80] (../lib/sbi/context.c:2500)
08/14 19:15:13.680: [sbi] INFO: [nudm-ueau] NFService associated [dc64419a-9807-41f1-971d-bf491f348400] (../lib/sbi/context.c:2135)
08/14 19:15:13.680: [sbi] INFO: Setup NF EndPoint(addr) [172.22.0.13:7777] (../lib/sbi/context.c:2137)
08/14 19:15:13.680: [sbi] INFO: [nudm-uecm] NFService associated [dc644276-9807-41f1-971d-bf491f348400] (../lib/sbi/context.c:2135)
08/14 19:15:13.680: [sbi] INFO: Setup NF EndPoint(addr) [172.22.0.13:7777] (../lib/sbi/context.c:2137)
08/14 19:15:13.680: [sbi] INFO: [nudm-sdm] NFService associated [dc6442c6-9807-41f1-971d-bf491f348400] (../lib/sbi/context.c:2135)
08/14 19:15:13.680: [sbi] INFO: Setup NF EndPoint(addr) [172.22.0.13:7777] (../lib/sbi/context.c:2137)
08/14 19:15:13.680: [sbi] INFO: [dc689740-9807-41f1-b397-2f56c4cb5bbf] (NRF-profile-get) NF registered (../lib/sbi/nf-sm.c:104)
08/14 19:15:13.680: [sbi] INFO: [NSSF] NFInstance associated [dc689740-9807-41f1-b397-2f56c4cb5bbf] (../lib/sbi/context.c:2495)
08/14 19:15:13.680: [sbi] INFO: Setup NF EndPoint(addr) [172.22.0.28:80] (../lib/sbi/context.c:2500)
08/14 19:15:13.680: [sbi] INFO: [nnssf-nsselection] NFService associated [dc68bc16-9807-41f1-b397-2f56c4cb5bbf] (../lib/sbi/context.c:2135)
08/14 19:15:13.680: [sbi] INFO: Setup NF EndPoint(addr) [172.22.0.28:7777] (../lib/sbi/context.c:2137)
08/14 19:15:13.680: [sbi] INFO: [dc6c5fe2-9807-41f1-b1f7-c7bb735e7c1d] (NRF-profile-get) NF registered (../lib/sbi/nf-sm.c:104)
08/14 19:15:13.680: [sbi] INFO: [AUSF] NFInstance associated [dc6c5fe2-9807-41f1-b1f7-c7bb735e7c1d] (../lib/sbi/context.c:2495)
08/14 19:15:13.680: [sbi] INFO: Setup NF EndPoint(addr) [172.22.0.11:80] (../lib/sbi/context.c:2500)
08/14 19:15:13.680: [sbi] INFO: [nausf-auth] NFService associated [dc6c6c94-9807-41f1-b1f7-c7bb735e7c1d] (../lib/sbi/context.c:2135)
08/14 19:15:13.680: [sbi] INFO: Setup NF EndPoint(addr) [172.22.0.11:7777] (../lib/sbi/context.c:2137)
08/14 19:15:13.680: [sbi] INFO: [dccfcd34-9807-41f1-9cc8-1713ae73ed87] (NRF-profile-get) NF registered (../lib/sbi/nf-sm.c:104)
08/14 19:15:13.680: [sbi] INFO: [SMF] NFInstance associated [dccfcd34-9807-41f1-9cc8-1713ae73ed87] (../lib/sbi/context.c:2495)
08/14 19:15:13.680: [sbi] INFO: Setup NF EndPoint(addr) [172.22.0.7:80] (../lib/sbi/context.c:2500)
08/14 19:15:13.680: [sbi] INFO: [nsmf-pdusession] NFService associated [dcd79fbe-9807-41f1-9cc8-1713ae73ed87] (../lib/sbi/context.c:2135)
08/14 19:15:13.680: [sbi] INFO: Setup NF EndPoint(addr) [172.22.0.7:7777] (../lib/sbi/context.c:2137)
08/14 19:15:13.680: [sbi] INFO: [e25bba38-9807-41f1-bbac-1d66201112d4] (NRF-profile-get) NF registered (../lib/sbi/nf-sm.c:104)
08/14 19:15:13.680: [sbi] INFO: [PCF] NFInstance associated [e25bba38-9807-41f1-bbac-1d66201112d4] (../lib/sbi/context.c:2495)
08/14 19:15:13.680: [sbi] INFO: Setup NF EndPoint(addr) [172.22.0.27:80] (../lib/sbi/context.c:2500)
08/14 19:15:13.680: [sbi] INFO: [npcf-am-policy-control] NFService associated [e25c40c0-9807-41f1-bbac-1d66201112d4] (../lib/sbi/context.c:2135)
08/14 19:15:13.680: [sbi] INFO: Setup NF EndPoint(addr) [172.22.0.27:7777] (../lib/sbi/context.c:2137)
08/14 19:15:13.680: [sbi] INFO: [npcf-smpolicycontrol] NFService associated [e25c414c-9807-41f1-bbac-1d66201112d4] (../lib/sbi/context.c:2135)
08/14 19:15:13.680: [sbi] INFO: Setup NF EndPoint(addr) [172.22.0.27:7777] (../lib/sbi/context.c:2137)
08/14 19:15:13.680: [sbi] INFO: [npcf-policyauthorization] NFService associated [e25c417e-9807-41f1-bbac-1d66201112d4] (../lib/sbi/context.c:2135)
08/14 19:15:13.680: [sbi] INFO: Setup NF EndPoint(addr) [172.22.0.27:7777] (../lib/sbi/context.c:2137)
08/14 19:15:46.560: [amf] INFO: gNB-N2 accepted[172.22.0.43]:46077 in ng-path module (../src/amf/ngap-sctp.c:113)
08/14 19:15:46.560: [amf] INFO: gNB-N2 accepted[172.22.0.43] in master_sm module (../src/amf/amf-sm.c:813)
08/14 19:15:46.570: [amf] INFO: [Added] Number of gNBs is now 1 (../src/amf/context.c:1277)
08/14 19:15:46.570: [amf] INFO: gNB-N2[172.22.0.43] max_num_of_ostreams : 30 (../src/amf/amf-sm.c:860)
08/14 19:16:04.483: [amf] INFO: InitialUEMessage (../src/amf/ngap-handler.c:612)
08/14 19:16:04.484: [amf] INFO: [Added] Number of gNB-UEs is now 1 (../src/amf/context.c:2932)
08/14 19:16:04.484: [amf] INFO:     RAN_UE_NGAP_ID[1] AMF_UE_NGAP_ID[1] TAC[2] CellID[0xa] (../src/amf/ngap-handler.c:815)
08/14 19:16:04.484: [amf] INFO: [suci-0-001-01-0000-0-0-0000000011] Unknown UE by SUCI (../src/amf/context.c:1934)
08/14 19:16:04.484: [amf] INFO: [Added] Number of AMF-UEs is now 1 (../src/amf/context.c:1699)
08/14 19:16:04.484: [gmm] INFO: Registration request (../src/amf/gmm-sm.c:1670)
08/14 19:16:04.484: [gmm] INFO: [suci-0-001-01-0000-0-0-0000000011]    SUCI (../src/amf/gmm-handler.c:186)
08/14 19:16:04.484: [sbi] INFO: [dc6c5fe2-9807-41f1-b1f7-c7bb735e7c1d] Setup NF Instance [type:AUSF] (../lib/sbi/path.c:349)
08/14 19:16:04.491: [amf] INFO: Setup NF EndPoint(addr) [172.22.0.11:7777] (../src/amf/nausf-handler.c:130)
08/14 19:16:04.494: [gmm] WARNING: [suci-0-001-01-0000-0-0-0000000011] Authentication failure [21] (../src/amf/gmm-sm.c:2143)
08/14 19:16:04.494: [gmm] WARNING: [suci-0-001-01-0000-0-0-0000000011] Authentication failure(Synch failure[count=0]) (../src/amf/gmm-sm.c:2172)
08/14 19:16:04.498: [amf] WARNING: UnRef NF EndPoint(addr) [172.22.0.11:7777] (../src/amf/nausf-handler.c:130)
08/14 19:16:04.498: [amf] INFO: Setup NF EndPoint(addr) [172.22.0.11:7777] (../src/amf/nausf-handler.c:130)
08/14 19:16:04.504: [gmm] ERROR: Cannot find Requested NSSAI [1] (../src/amf/gmm-handler.c:458)
08/14 19:16:04.504: [gmm] ERROR:     PLMN_ID[MCC:1 MNC:1] (../src/amf/gmm-handler.c:461)
08/14 19:16:04.504: [gmm] ERROR:     S_NSSAI[SST:2 SD:0xffffff] (../src/amf/gmm-handler.c:464)
08/14 19:16:04.504: [gmm] ERROR: [suci-0-001-01-0000-0-0-0000000011] gmm_handle_security_mode_complete() failed [62] in type [65] (../src/amf/gmm-sm.c:2591)
08/14 19:16:04.504: [amf] WARNING: [suci-0-001-01-0000-0-0-0000000011] Registration reject [62] (../src/amf/nas-path.c:213)
08/14 19:16:04.713: [amf] INFO: UE Context Release [Action:3] (../src/amf/ngap-handler.c:1905)
08/14 19:16:04.713: [amf] INFO:     RAN_UE_NGAP_ID[1] AMF_UE_NGAP_ID[1] (../src/amf/ngap-handler.c:1906)
08/14 19:16:04.713: [amf] INFO:     SUCI[suci-0-001-01-0000-0-0-0000000011] (../src/amf/ngap-handler.c:1910)
08/14 19:16:04.713: [amf] INFO: [Removed] Number of gNB-UEs is now 0 (../src/amf/context.c:2939)
08/14 19:16:04.713: [amf] INFO: [Removed] Number of AMF-UEs is now 0 (../src/amf/context.c:1799)
08/14 19:16:15.495: [amf] INFO: InitialUEMessage (../src/amf/ngap-handler.c:612)
08/14 19:16:15.495: [amf] INFO: [Added] Number of gNB-UEs is now 1 (../src/amf/context.c:2932)
08/14 19:16:15.495: [amf] INFO:     RAN_UE_NGAP_ID[2] AMF_UE_NGAP_ID[2] TAC[2] CellID[0xa] (../src/amf/ngap-handler.c:815)
08/14 19:16:15.495: [amf] INFO: [suci-0-001-01-0000-0-0-0000000011] Unknown UE by SUCI (../src/amf/context.c:1934)
08/14 19:16:15.495: [amf] INFO: [Added] Number of AMF-UEs is now 1 (../src/amf/context.c:1699)
08/14 19:16:15.495: [gmm] INFO: Registration request (../src/amf/gmm-sm.c:1670)
08/14 19:16:15.495: [gmm] INFO: [suci-0-001-01-0000-0-0-0000000011]    SUCI (../src/amf/gmm-handler.c:186)
08/14 19:16:15.495: [sbi] INFO: [dc6c5fe2-9807-41f1-b1f7-c7bb735e7c1d] Setup NF Instance [type:AUSF] (../lib/sbi/path.c:349)
08/14 19:16:15.500: [amf] INFO: Setup NF EndPoint(addr) [172.22.0.11:7777] (../src/amf/nausf-handler.c:130)
08/14 19:16:15.507: [gmm] ERROR: Cannot find Requested NSSAI [1] (../src/amf/gmm-handler.c:458)
08/14 19:16:15.507: [gmm] ERROR:     PLMN_ID[MCC:1 MNC:1] (../src/amf/gmm-handler.c:461)
08/14 19:16:15.507: [gmm] ERROR:     S_NSSAI[SST:2 SD:0xffffff] (../src/amf/gmm-handler.c:464)
08/14 19:16:15.507: [gmm] ERROR: [suci-0-001-01-0000-0-0-0000000011] gmm_handle_security_mode_complete() failed [62] in type [65] (../src/amf/gmm-sm.c:2591)
08/14 19:16:15.507: [amf] WARNING: [suci-0-001-01-0000-0-0-0000000011] Registration reject [62] (../src/amf/nas-path.c:213)
08/14 19:16:15.712: [amf] INFO: UE Context Release [Action:3] (../src/amf/ngap-handler.c:1905)
08/14 19:16:15.712: [amf] INFO:     RAN_UE_NGAP_ID[2] AMF_UE_NGAP_ID[2] (../src/amf/ngap-handler.c:1906)
08/14 19:16:15.712: [amf] INFO:     SUCI[suci-0-001-01-0000-0-0-0000000011] (../src/amf/ngap-handler.c:1910)
08/14 19:16:15.713: [amf] INFO: [Removed] Number of gNB-UEs is now 0 (../src/amf/context.c:2939)
08/14 19:16:15.713: [amf] INFO: [Removed] Number of AMF-UEs is now 0 (../src/amf/context.c:1799)
08/14 19:16:26.508: [amf] INFO: InitialUEMessage (../src/amf/ngap-handler.c:612)
08/14 19:16:26.508: [amf] INFO: [Added] Number of gNB-UEs is now 1 (../src/amf/context.c:2932)
08/14 19:16:26.508: [amf] INFO:     RAN_UE_NGAP_ID[3] AMF_UE_NGAP_ID[3] TAC[2] CellID[0xa] (../src/amf/ngap-handler.c:815)
08/14 19:16:26.508: [amf] INFO: [suci-0-001-01-0000-0-0-0000000011] Unknown UE by SUCI (../src/amf/context.c:1934)
08/14 19:16:26.508: [amf] INFO: [Added] Number of AMF-UEs is now 1 (../src/amf/context.c:1699)
08/14 19:16:26.508: [gmm] INFO: Registration request (../src/amf/gmm-sm.c:1670)
08/14 19:16:26.508: [gmm] INFO: [suci-0-001-01-0000-0-0-0000000011]    SUCI (../src/amf/gmm-handler.c:186)
08/14 19:16:26.508: [sbi] INFO: [dc6c5fe2-9807-41f1-b1f7-c7bb735e7c1d] Setup NF Instance [type:AUSF] (../lib/sbi/path.c:349)
08/14 19:16:26.514: [amf] INFO: Setup NF EndPoint(addr) [172.22.0.11:7777] (../src/amf/nausf-handler.c:130)
08/14 19:16:26.522: [gmm] ERROR: Cannot find Requested NSSAI [1] (../src/amf/gmm-handler.c:458)
08/14 19:16:26.522: [gmm] ERROR:     PLMN_ID[MCC:1 MNC:1] (../src/amf/gmm-handler.c:461)
08/14 19:16:26.522: [gmm] ERROR:     S_NSSAI[SST:2 SD:0xffffff] (../src/amf/gmm-handler.c:464)
08/14 19:16:26.522: [gmm] ERROR: [suci-0-001-01-0000-0-0-0000000011] gmm_handle_security_mode_complete() failed [62] in type [65] (../src/amf/gmm-sm.c:2591)
08/14 19:16:26.522: [amf] WARNING: [suci-0-001-01-0000-0-0-0000000011] Registration reject [62] (../src/amf/nas-path.c:213)
08/14 19:16:26.729: [amf] INFO: UE Context Release [Action:3] (../src/amf/ngap-handler.c:1905)
08/14 19:16:26.729: [amf] INFO:     RAN_UE_NGAP_ID[3] AMF_UE_NGAP_ID[3] (../src/amf/ngap-handler.c:1906)
08/14 19:16:26.729: [amf] INFO:     SUCI[suci-0-001-01-0000-0-0-0000000011] (../src/amf/ngap-handler.c:1910)
08/14 19:16:26.729: [amf] INFO: [Removed] Number of gNB-UEs is now 0 (../src/amf/context.c:2939)
08/14 19:16:26.729: [amf] INFO: [Removed] Number of AMF-UEs is now 0 (../src/amf/context.c:1799)
08/14 19:16:37.518: [amf] INFO: InitialUEMessage (../src/amf/ngap-handler.c:612)
08/14 19:16:37.518: [amf] INFO: [Added] Number of gNB-UEs is now 1 (../src/amf/context.c:2932)
08/14 19:16:37.518: [amf] INFO:     RAN_UE_NGAP_ID[4] AMF_UE_NGAP_ID[4] TAC[2] CellID[0xa] (../src/amf/ngap-handler.c:815)
08/14 19:16:37.518: [amf] INFO: [suci-0-001-01-0000-0-0-0000000011] Unknown UE by SUCI (../src/amf/context.c:1934)
08/14 19:16:37.518: [amf] INFO: [Added] Number of AMF-UEs is now 1 (../src/amf/context.c:1699)
08/14 19:16:37.518: [gmm] INFO: Registration request (../src/amf/gmm-sm.c:1670)
08/14 19:16:37.518: [gmm] INFO: [suci-0-001-01-0000-0-0-0000000011]    SUCI (../src/amf/gmm-handler.c:186)
08/14 19:16:37.519: [sbi] INFO: [dc6c5fe2-9807-41f1-b1f7-c7bb735e7c1d] Setup NF Instance [type:AUSF] (../lib/sbi/path.c:349)
08/14 19:16:37.527: [amf] INFO: Setup NF EndPoint(addr) [172.22.0.11:7777] (../src/amf/nausf-handler.c:130)
08/14 19:16:37.535: [gmm] ERROR: Cannot find Requested NSSAI [1] (../src/amf/gmm-handler.c:458)
08/14 19:16:37.535: [gmm] ERROR:     PLMN_ID[MCC:1 MNC:1] (../src/amf/gmm-handler.c:461)
08/14 19:16:37.535: [gmm] ERROR:     S_NSSAI[SST:2 SD:0xffffff] (../src/amf/gmm-handler.c:464)
08/14 19:16:37.535: [gmm] ERROR: [suci-0-001-01-0000-0-0-0000000011] gmm_handle_security_mode_complete() failed [62] in type [65] (../src/amf/gmm-sm.c:2591)
08/14 19:16:37.535: [amf] WARNING: [suci-0-001-01-0000-0-0-0000000011] Registration reject [62] (../src/amf/nas-path.c:213)
08/14 19:16:37.744: [amf] INFO: UE Context Release [Action:3] (../src/amf/ngap-handler.c:1905)
08/14 19:16:37.744: [amf] INFO:     RAN_UE_NGAP_ID[4] AMF_UE_NGAP_ID[4] (../src/amf/ngap-handler.c:1906)
08/14 19:16:37.744: [amf] INFO:     SUCI[suci-0-001-01-0000-0-0-0000000011] (../src/amf/ngap-handler.c:1910)
08/14 19:16:37.744: [amf] INFO: [Removed] Number of gNB-UEs is now 0 (../src/amf/context.c:2939)
08/14 19:16:37.744: [amf] INFO: [Removed] Number of AMF-UEs is now 0 (../src/amf/context.c:1799)
08/14 19:16:48.530: [amf] INFO: InitialUEMessage (../src/amf/ngap-handler.c:612)
08/14 19:16:48.530: [amf] INFO: [Added] Number of gNB-UEs is now 1 (../src/amf/context.c:2932)
08/14 19:16:48.530: [amf] INFO:     RAN_UE_NGAP_ID[5] AMF_UE_NGAP_ID[5] TAC[2] CellID[0xa] (../src/amf/ngap-handler.c:815)
08/14 19:16:48.530: [amf] INFO: [suci-0-001-01-0000-0-0-0000000011] Unknown UE by SUCI (../src/amf/context.c:1934)
08/14 19:16:48.530: [amf] INFO: [Added] Number of AMF-UEs is now 1 (../src/amf/context.c:1699)
08/14 19:16:48.530: [gmm] INFO: Registration request (../src/amf/gmm-sm.c:1670)
08/14 19:16:48.530: [gmm] INFO: [suci-0-001-01-0000-0-0-0000000011]    SUCI (../src/amf/gmm-handler.c:186)
08/14 19:16:48.530: [sbi] INFO: [dc6c5fe2-9807-41f1-b1f7-c7bb735e7c1d] Setup NF Instance [type:AUSF] (../lib/sbi/path.c:349)
08/14 19:16:48.543: [amf] INFO: Setup NF EndPoint(addr) [172.22.0.11:7777] (../src/amf/nausf-handler.c:130)
08/14 19:16:48.551: [gmm] ERROR: Cannot find Requested NSSAI [1] (../src/amf/gmm-handler.c:458)
08/14 19:16:48.551: [gmm] ERROR:     PLMN_ID[MCC:1 MNC:1] (../src/amf/gmm-handler.c:461)
08/14 19:16:48.551: [gmm] ERROR:     S_NSSAI[SST:2 SD:0xffffff] (../src/amf/gmm-handler.c:464)
08/14 19:16:48.551: [gmm] ERROR: [suci-0-001-01-0000-0-0-0000000011] gmm_handle_security_mode_complete() failed [62] in type [65] (../src/amf/gmm-sm.c:2591)
08/14 19:16:48.551: [amf] WARNING: [suci-0-001-01-0000-0-0-0000000011] Registration reject [62] (../src/amf/nas-path.c:213)
08/14 19:16:48.760: [amf] INFO: UE Context Release [Action:3] (../src/amf/ngap-handler.c:1905)
08/14 19:16:48.760: [amf] INFO:     RAN_UE_NGAP_ID[5] AMF_UE_NGAP_ID[5] (../src/amf/ngap-handler.c:1906)
08/14 19:16:48.760: [amf] INFO:     SUCI[suci-0-001-01-0000-0-0-0000000011] (../src/amf/ngap-handler.c:1910)
08/14 19:16:48.760: [amf] INFO: [Removed] Number of gNB-UEs is now 0 (../src/amf/context.c:2939)
08/14 19:16:48.761: [amf] INFO: [Removed] Number of AMF-UEs is now 0 (../src/amf/context.c:1799)
08/14 19:28:49.250: [amf] INFO: InitialUEMessage (../src/amf/ngap-handler.c:612)
08/14 19:28:49.250: [amf] INFO: [Added] Number of gNB-UEs is now 1 (../src/amf/context.c:2932)
08/14 19:28:49.250: [amf] INFO:     RAN_UE_NGAP_ID[6] AMF_UE_NGAP_ID[6] TAC[2] CellID[0xa] (../src/amf/ngap-handler.c:815)
08/14 19:28:49.250: [amf] INFO: [suci-0-001-01-0000-0-0-0000000011] Unknown UE by SUCI (../src/amf/context.c:1934)
08/14 19:28:49.250: [amf] INFO: [Added] Number of AMF-UEs is now 1 (../src/amf/context.c:1699)
08/14 19:28:49.250: [gmm] INFO: Registration request (../src/amf/gmm-sm.c:1670)
08/14 19:28:49.250: [gmm] INFO: [suci-0-001-01-0000-0-0-0000000011]    SUCI (../src/amf/gmm-handler.c:186)
08/14 19:28:49.250: [sbi] INFO: [dc6c5fe2-9807-41f1-b1f7-c7bb735e7c1d] Setup NF Instance [type:AUSF] (../lib/sbi/path.c:349)
08/14 19:28:49.255: [amf] INFO: Setup NF EndPoint(addr) [172.22.0.11:7777] (../src/amf/nausf-handler.c:130)
08/14 19:28:49.262: [gmm] ERROR: Cannot find Requested NSSAI [1] (../src/amf/gmm-handler.c:458)
08/14 19:28:49.262: [gmm] ERROR:     PLMN_ID[MCC:1 MNC:1] (../src/amf/gmm-handler.c:461)
08/14 19:28:49.262: [gmm] ERROR:     S_NSSAI[SST:2 SD:0xffffff] (../src/amf/gmm-handler.c:464)
08/14 19:28:49.262: [gmm] ERROR: [suci-0-001-01-0000-0-0-0000000011] gmm_handle_security_mode_complete() failed [62] in type [65] (../src/amf/gmm-sm.c:2591)
08/14 19:28:49.262: [amf] WARNING: [suci-0-001-01-0000-0-0-0000000011] Registration reject [62] (../src/amf/nas-path.c:213)
08/14 19:28:49.464: [amf] INFO: UE Context Release [Action:3] (../src/amf/ngap-handler.c:1905)
08/14 19:28:49.464: [amf] INFO:     RAN_UE_NGAP_ID[6] AMF_UE_NGAP_ID[6] (../src/amf/ngap-handler.c:1906)
08/14 19:28:49.464: [amf] INFO:     SUCI[suci-0-001-01-0000-0-0-0000000011] (../src/amf/ngap-handler.c:1910)
08/14 19:28:49.464: [amf] INFO: [Removed] Number of gNB-UEs is now 0 (../src/amf/context.c:2939)
08/14 19:28:49.464: [amf] INFO: [Removed] Number of AMF-UEs is now 0 (../src/amf/context.c:1799)
08/14 19:29:00.259: [amf] INFO: InitialUEMessage (../src/amf/ngap-handler.c:612)
08/14 19:29:00.259: [amf] INFO: [Added] Number of gNB-UEs is now 1 (../src/amf/context.c:2932)
08/14 19:29:00.259: [amf] INFO:     RAN_UE_NGAP_ID[7] AMF_UE_NGAP_ID[7] TAC[2] CellID[0xa] (../src/amf/ngap-handler.c:815)
08/14 19:29:00.259: [amf] INFO: [suci-0-001-01-0000-0-0-0000000011] Unknown UE by SUCI (../src/amf/context.c:1934)
08/14 19:29:00.259: [amf] INFO: [Added] Number of AMF-UEs is now 1 (../src/amf/context.c:1699)
08/14 19:29:00.259: [gmm] INFO: Registration request (../src/amf/gmm-sm.c:1670)
08/14 19:29:00.259: [gmm] INFO: [suci-0-001-01-0000-0-0-0000000011]    SUCI (../src/amf/gmm-handler.c:186)
08/14 19:29:00.259: [sbi] INFO: [dc6c5fe2-9807-41f1-b1f7-c7bb735e7c1d] Setup NF Instance [type:AUSF] (../lib/sbi/path.c:349)
08/14 19:29:00.263: [amf] INFO: Setup NF EndPoint(addr) [172.22.0.11:7777] (../src/amf/nausf-handler.c:130)
08/14 19:29:00.271: [gmm] ERROR: Cannot find Requested NSSAI [1] (../src/amf/gmm-handler.c:458)
08/14 19:29:00.271: [gmm] ERROR:     PLMN_ID[MCC:1 MNC:1] (../src/amf/gmm-handler.c:461)
08/14 19:29:00.271: [gmm] ERROR:     S_NSSAI[SST:2 SD:0xffffff] (../src/amf/gmm-handler.c:464)
08/14 19:29:00.271: [gmm] ERROR: [suci-0-001-01-0000-0-0-0000000011] gmm_handle_security_mode_complete() failed [62] in type [65] (../src/amf/gmm-sm.c:2591)
08/14 19:29:00.271: [amf] WARNING: [suci-0-001-01-0000-0-0-0000000011] Registration reject [62] (../src/amf/nas-path.c:213)
08/14 19:29:00.481: [amf] INFO: UE Context Release [Action:3] (../src/amf/ngap-handler.c:1905)
08/14 19:29:00.481: [amf] INFO:     RAN_UE_NGAP_ID[7] AMF_UE_NGAP_ID[7] (../src/amf/ngap-handler.c:1906)
08/14 19:29:00.481: [amf] INFO:     SUCI[suci-0-001-01-0000-0-0-0000000011] (../src/amf/ngap-handler.c:1910)
08/14 19:29:00.481: [amf] INFO: [Removed] Number of gNB-UEs is now 0 (../src/amf/context.c:2939)
08/14 19:29:00.481: [amf] INFO: [Removed] Number of AMF-UEs is now 0 (../src/amf/context.c:1799)
08/14 19:29:11.271: [amf] INFO: InitialUEMessage (../src/amf/ngap-handler.c:612)
08/14 19:29:11.271: [amf] INFO: [Added] Number of gNB-UEs is now 1 (../src/amf/context.c:2932)
08/14 19:29:11.271: [amf] INFO:     RAN_UE_NGAP_ID[8] AMF_UE_NGAP_ID[8] TAC[2] CellID[0xa] (../src/amf/ngap-handler.c:815)
08/14 19:29:11.271: [amf] INFO: [suci-0-001-01-0000-0-0-0000000011] Unknown UE by SUCI (../src/amf/context.c:1934)
08/14 19:29:11.271: [amf] INFO: [Added] Number of AMF-UEs is now 1 (../src/amf/context.c:1699)
08/14 19:29:11.271: [gmm] INFO: Registration request (../src/amf/gmm-sm.c:1670)
08/14 19:29:11.271: [gmm] INFO: [suci-0-001-01-0000-0-0-0000000011]    SUCI (../src/amf/gmm-handler.c:186)
08/14 19:29:11.271: [sbi] INFO: [dc6c5fe2-9807-41f1-b1f7-c7bb735e7c1d] Setup NF Instance [type:AUSF] (../lib/sbi/path.c:349)
08/14 19:29:11.276: [amf] INFO: Setup NF EndPoint(addr) [172.22.0.11:7777] (../src/amf/nausf-handler.c:130)
08/14 19:29:11.281: [gmm] ERROR: Cannot find Requested NSSAI [1] (../src/amf/gmm-handler.c:458)
08/14 19:29:11.281: [gmm] ERROR:     PLMN_ID[MCC:1 MNC:1] (../src/amf/gmm-handler.c:461)
08/14 19:29:11.281: [gmm] ERROR:     S_NSSAI[SST:2 SD:0xffffff] (../src/amf/gmm-handler.c:464)
08/14 19:29:11.281: [gmm] ERROR: [suci-0-001-01-0000-0-0-0000000011] gmm_handle_security_mode_complete() failed [62] in type [65] (../src/amf/gmm-sm.c:2591)
08/14 19:29:11.281: [amf] WARNING: [suci-0-001-01-0000-0-0-0000000011] Registration reject [62] (../src/amf/nas-path.c:213)
08/14 19:29:11.489: [amf] INFO: UE Context Release [Action:3] (../src/amf/ngap-handler.c:1905)
08/14 19:29:11.489: [amf] INFO:     RAN_UE_NGAP_ID[8] AMF_UE_NGAP_ID[8] (../src/amf/ngap-handler.c:1906)
08/14 19:29:11.489: [amf] INFO:     SUCI[suci-0-001-01-0000-0-0-0000000011] (../src/amf/ngap-handler.c:1910)
08/14 19:29:11.489: [amf] INFO: [Removed] Number of gNB-UEs is now 0 (../src/amf/context.c:2939)
08/14 19:29:11.489: [amf] INFO: [Removed] Number of AMF-UEs is now 0 (../src/amf/context.c:1799)
08/14 19:29:22.283: [amf] INFO: InitialUEMessage (../src/amf/ngap-handler.c:612)
08/14 19:29:22.283: [amf] INFO: [Added] Number of gNB-UEs is now 1 (../src/amf/context.c:2932)
08/14 19:29:22.283: [amf] INFO:     RAN_UE_NGAP_ID[9] AMF_UE_NGAP_ID[9] TAC[2] CellID[0xa] (../src/amf/ngap-handler.c:815)
08/14 19:29:22.283: [amf] INFO: [suci-0-001-01-0000-0-0-0000000011] Unknown UE by SUCI (../src/amf/context.c:1934)
08/14 19:29:22.283: [amf] INFO: [Added] Number of AMF-UEs is now 1 (../src/amf/context.c:1699)
08/14 19:29:22.283: [gmm] INFO: Registration request (../src/amf/gmm-sm.c:1670)
08/14 19:29:22.283: [gmm] INFO: [suci-0-001-01-0000-0-0-0000000011]    SUCI (../src/amf/gmm-handler.c:186)
08/14 19:29:22.283: [sbi] INFO: [dc6c5fe2-9807-41f1-b1f7-c7bb735e7c1d] Setup NF Instance [type:AUSF] (../lib/sbi/path.c:349)
08/14 19:29:22.288: [amf] INFO: Setup NF EndPoint(addr) [172.22.0.11:7777] (../src/amf/nausf-handler.c:130)
08/14 19:29:22.296: [gmm] ERROR: Cannot find Requested NSSAI [1] (../src/amf/gmm-handler.c:458)
08/14 19:29:22.296: [gmm] ERROR:     PLMN_ID[MCC:1 MNC:1] (../src/amf/gmm-handler.c:461)
08/14 19:29:22.296: [gmm] ERROR:     S_NSSAI[SST:2 SD:0xffffff] (../src/amf/gmm-handler.c:464)
08/14 19:29:22.296: [gmm] ERROR: [suci-0-001-01-0000-0-0-0000000011] gmm_handle_security_mode_complete() failed [62] in type [65] (../src/amf/gmm-sm.c:2591)
08/14 19:29:22.296: [amf] WARNING: [suci-0-001-01-0000-0-0-0000000011] Registration reject [62] (../src/amf/nas-path.c:213)
08/14 19:29:22.504: [amf] INFO: UE Context Release [Action:3] (../src/amf/ngap-handler.c:1905)
08/14 19:29:22.504: [amf] INFO:     RAN_UE_NGAP_ID[9] AMF_UE_NGAP_ID[9] (../src/amf/ngap-handler.c:1906)
08/14 19:29:22.504: [amf] INFO:     SUCI[suci-0-001-01-0000-0-0-0000000011] (../src/amf/ngap-handler.c:1910)
08/14 19:29:22.504: [amf] INFO: [Removed] Number of gNB-UEs is now 0 (../src/amf/context.c:2939)
08/14 19:29:22.505: [amf] INFO: [Removed] Number of AMF-UEs is now 0 (../src/amf/context.c:1799)
08/14 19:29:33.293: [amf] INFO: InitialUEMessage (../src/amf/ngap-handler.c:612)
08/14 19:29:33.294: [amf] INFO: [Added] Number of gNB-UEs is now 1 (../src/amf/context.c:2932)
08/14 19:29:33.294: [amf] INFO:     RAN_UE_NGAP_ID[10] AMF_UE_NGAP_ID[10] TAC[2] CellID[0xa] (../src/amf/ngap-handler.c:815)
08/14 19:29:33.294: [amf] INFO: [suci-0-001-01-0000-0-0-0000000011] Unknown UE by SUCI (../src/amf/context.c:1934)
08/14 19:29:33.294: [amf] INFO: [Added] Number of AMF-UEs is now 1 (../src/amf/context.c:1699)
08/14 19:29:33.294: [gmm] INFO: Registration request (../src/amf/gmm-sm.c:1670)
08/14 19:29:33.294: [gmm] INFO: [suci-0-001-01-0000-0-0-0000000011]    SUCI (../src/amf/gmm-handler.c:186)
08/14 19:29:33.294: [sbi] INFO: [dc6c5fe2-9807-41f1-b1f7-c7bb735e7c1d] Setup NF Instance [type:AUSF] (../lib/sbi/path.c:349)
08/14 19:29:33.298: [amf] INFO: Setup NF EndPoint(addr) [172.22.0.11:7777] (../src/amf/nausf-handler.c:130)
08/14 19:29:33.304: [gmm] ERROR: Cannot find Requested NSSAI [1] (../src/amf/gmm-handler.c:458)
08/14 19:29:33.304: [gmm] ERROR:     PLMN_ID[MCC:1 MNC:1] (../src/amf/gmm-handler.c:461)
08/14 19:29:33.304: [gmm] ERROR:     S_NSSAI[SST:2 SD:0xffffff] (../src/amf/gmm-handler.c:464)
08/14 19:29:33.304: [gmm] ERROR: [suci-0-001-01-0000-0-0-0000000011] gmm_handle_security_mode_complete() failed [62] in type [65] (../src/amf/gmm-sm.c:2591)
08/14 19:29:33.304: [amf] WARNING: [suci-0-001-01-0000-0-0-0000000011] Registration reject [62] (../src/amf/nas-path.c:213)
08/14 19:29:33.512: [amf] INFO: UE Context Release [Action:3] (../src/amf/ngap-handler.c:1905)
08/14 19:29:33.512: [amf] INFO:     RAN_UE_NGAP_ID[10] AMF_UE_NGAP_ID[10] (../src/amf/ngap-handler.c:1906)
08/14 19:29:33.512: [amf] INFO:     SUCI[suci-0-001-01-0000-0-0-0000000011] (../src/amf/ngap-handler.c:1910)
08/14 19:29:33.512: [amf] INFO: [Removed] Number of gNB-UEs is now 0 (../src/amf/context.c:2939)
08/14 19:29:33.512: [amf] INFO: [Removed] Number of AMF-UEs is now 0 (../src/amf/context.c:1799)
08/14 19:41:34.013: [amf] INFO: InitialUEMessage (../src/amf/ngap-handler.c:612)
08/14 19:41:34.013: [amf] INFO: [Added] Number of gNB-UEs is now 1 (../src/amf/context.c:2932)
08/14 19:41:34.013: [amf] INFO:     RAN_UE_NGAP_ID[11] AMF_UE_NGAP_ID[11] TAC[2] CellID[0xa] (../src/amf/ngap-handler.c:815)
08/14 19:41:34.013: [amf] INFO: [suci-0-001-01-0000-0-0-0000000011] Unknown UE by SUCI (../src/amf/context.c:1934)
08/14 19:41:34.013: [amf] INFO: [Added] Number of AMF-UEs is now 1 (../src/amf/context.c:1699)
08/14 19:41:34.013: [gmm] INFO: Registration request (../src/amf/gmm-sm.c:1670)
08/14 19:41:34.013: [gmm] INFO: [suci-0-001-01-0000-0-0-0000000011]    SUCI (../src/amf/gmm-handler.c:186)
08/14 19:41:34.013: [sbi] INFO: [dc6c5fe2-9807-41f1-b1f7-c7bb735e7c1d] Setup NF Instance [type:AUSF] (../lib/sbi/path.c:349)
08/14 19:41:34.017: [amf] INFO: Setup NF EndPoint(addr) [172.22.0.11:7777] (../src/amf/nausf-handler.c:130)
08/14 19:41:34.023: [gmm] ERROR: Cannot find Requested NSSAI [1] (../src/amf/gmm-handler.c:458)
08/14 19:41:34.023: [gmm] ERROR:     PLMN_ID[MCC:1 MNC:1] (../src/amf/gmm-handler.c:461)
08/14 19:41:34.023: [gmm] ERROR:     S_NSSAI[SST:2 SD:0xffffff] (../src/amf/gmm-handler.c:464)
08/14 19:41:34.023: [gmm] ERROR: [suci-0-001-01-0000-0-0-0000000011] gmm_handle_security_mode_complete() failed [62] in type [65] (../src/amf/gmm-sm.c:2591)
08/14 19:41:34.023: [amf] WARNING: [suci-0-001-01-0000-0-0-0000000011] Registration reject [62] (../src/amf/nas-path.c:213)
08/14 19:41:34.231: [amf] INFO: UE Context Release [Action:3] (../src/amf/ngap-handler.c:1905)
08/14 19:41:34.232: [amf] INFO:     RAN_UE_NGAP_ID[11] AMF_UE_NGAP_ID[11] (../src/amf/ngap-handler.c:1906)
08/14 19:41:34.232: [amf] INFO:     SUCI[suci-0-001-01-0000-0-0-0000000011] (../src/amf/ngap-handler.c:1910)
08/14 19:41:34.232: [amf] INFO: [Removed] Number of gNB-UEs is now 0 (../src/amf/context.c:2939)
08/14 19:41:34.232: [amf] INFO: [Removed] Number of AMF-UEs is now 0 (../src/amf/context.c:1799)
08/14 19:41:45.024: [amf] INFO: InitialUEMessage (../src/amf/ngap-handler.c:612)
08/14 19:41:45.024: [amf] INFO: [Added] Number of gNB-UEs is now 1 (../src/amf/context.c:2932)
08/14 19:41:45.024: [amf] INFO:     RAN_UE_NGAP_ID[12] AMF_UE_NGAP_ID[12] TAC[2] CellID[0xa] (../src/amf/ngap-handler.c:815)
08/14 19:41:45.024: [amf] INFO: [suci-0-001-01-0000-0-0-0000000011] Unknown UE by SUCI (../src/amf/context.c:1934)
08/14 19:41:45.024: [amf] INFO: [Added] Number of AMF-UEs is now 1 (../src/amf/context.c:1699)
08/14 19:41:45.024: [gmm] INFO: Registration request (../src/amf/gmm-sm.c:1670)
08/14 19:41:45.024: [gmm] INFO: [suci-0-001-01-0000-0-0-0000000011]    SUCI (../src/amf/gmm-handler.c:186)
08/14 19:41:45.024: [sbi] INFO: [dc6c5fe2-9807-41f1-b1f7-c7bb735e7c1d] Setup NF Instance [type:AUSF] (../lib/sbi/path.c:349)
08/14 19:41:45.029: [amf] INFO: Setup NF EndPoint(addr) [172.22.0.11:7777] (../src/amf/nausf-handler.c:130)
08/14 19:41:45.039: [gmm] ERROR: Cannot find Requested NSSAI [1] (../src/amf/gmm-handler.c:458)
08/14 19:41:45.039: [gmm] ERROR:     PLMN_ID[MCC:1 MNC:1] (../src/amf/gmm-handler.c:461)
08/14 19:41:45.039: [gmm] ERROR:     S_NSSAI[SST:2 SD:0xffffff] (../src/amf/gmm-handler.c:464)
08/14 19:41:45.039: [gmm] ERROR: [suci-0-001-01-0000-0-0-0000000011] gmm_handle_security_mode_complete() failed [62] in type [65] (../src/amf/gmm-sm.c:2591)
08/14 19:41:45.039: [amf] WARNING: [suci-0-001-01-0000-0-0-0000000011] Registration reject [62] (../src/amf/nas-path.c:213)
08/14 19:41:45.248: [amf] INFO: UE Context Release [Action:3] (../src/amf/ngap-handler.c:1905)
08/14 19:41:45.248: [amf] INFO:     RAN_UE_NGAP_ID[12] AMF_UE_NGAP_ID[12] (../src/amf/ngap-handler.c:1906)
08/14 19:41:45.248: [amf] INFO:     SUCI[suci-0-001-01-0000-0-0-0000000011] (../src/amf/ngap-handler.c:1910)
08/14 19:41:45.248: [amf] INFO: [Removed] Number of gNB-UEs is now 0 (../src/amf/context.c:2939)
08/14 19:41:45.248: [amf] INFO: [Removed] Number of AMF-UEs is now 0 (../src/amf/context.c:1799)
08/14 19:41:56.036: [amf] INFO: InitialUEMessage (../src/amf/ngap-handler.c:612)
08/14 19:41:56.036: [amf] INFO: [Added] Number of gNB-UEs is now 1 (../src/amf/context.c:2932)
08/14 19:41:56.036: [amf] INFO:     RAN_UE_NGAP_ID[13] AMF_UE_NGAP_ID[13] TAC[2] CellID[0xa] (../src/amf/ngap-handler.c:815)
08/14 19:41:56.036: [amf] INFO: [suci-0-001-01-0000-0-0-0000000011] Unknown UE by SUCI (../src/amf/context.c:1934)
08/14 19:41:56.036: [amf] INFO: [Added] Number of AMF-UEs is now 1 (../src/amf/context.c:1699)
08/14 19:41:56.036: [gmm] INFO: Registration request (../src/amf/gmm-sm.c:1670)
08/14 19:41:56.036: [gmm] INFO: [suci-0-001-01-0000-0-0-0000000011]    SUCI (../src/amf/gmm-handler.c:186)
08/14 19:41:56.036: [sbi] INFO: [dc6c5fe2-9807-41f1-b1f7-c7bb735e7c1d] Setup NF Instance [type:AUSF] (../lib/sbi/path.c:349)
08/14 19:41:56.040: [amf] INFO: Setup NF EndPoint(addr) [172.22.0.11:7777] (../src/amf/nausf-handler.c:130)
08/14 19:41:56.046: [gmm] ERROR: Cannot find Requested NSSAI [1] (../src/amf/gmm-handler.c:458)
08/14 19:41:56.046: [gmm] ERROR:     PLMN_ID[MCC:1 MNC:1] (../src/amf/gmm-handler.c:461)
08/14 19:41:56.046: [gmm] ERROR:     S_NSSAI[SST:2 SD:0xffffff] (../src/amf/gmm-handler.c:464)
08/14 19:41:56.046: [gmm] ERROR: [suci-0-001-01-0000-0-0-0000000011] gmm_handle_security_mode_complete() failed [62] in type [65] (../src/amf/gmm-sm.c:2591)
08/14 19:41:56.046: [amf] WARNING: [suci-0-001-01-0000-0-0-0000000011] Registration reject [62] (../src/amf/nas-path.c:213)
08/14 19:41:56.256: [amf] INFO: UE Context Release [Action:3] (../src/amf/ngap-handler.c:1905)
08/14 19:41:56.256: [amf] INFO:     RAN_UE_NGAP_ID[13] AMF_UE_NGAP_ID[13] (../src/amf/ngap-handler.c:1906)
08/14 19:41:56.256: [amf] INFO:     SUCI[suci-0-001-01-0000-0-0-0000000011] (../src/amf/ngap-handler.c:1910)
08/14 19:41:56.256: [amf] INFO: [Removed] Number of gNB-UEs is now 0 (../src/amf/context.c:2939)
08/14 19:41:56.256: [amf] INFO: [Removed] Number of AMF-UEs is now 0 (../src/amf/context.c:1799)
08/14 19:42:07.045: [amf] INFO: InitialUEMessage (../src/amf/ngap-handler.c:612)
08/14 19:42:07.045: [amf] INFO: [Added] Number of gNB-UEs is now 1 (../src/amf/context.c:2932)
08/14 19:42:07.045: [amf] INFO:     RAN_UE_NGAP_ID[14] AMF_UE_NGAP_ID[14] TAC[2] CellID[0xa] (../src/amf/ngap-handler.c:815)
08/14 19:42:07.045: [amf] INFO: [suci-0-001-01-0000-0-0-0000000011] Unknown UE by SUCI (../src/amf/context.c:1934)
08/14 19:42:07.045: [amf] INFO: [Added] Number of AMF-UEs is now 1 (../src/amf/context.c:1699)
08/14 19:42:07.045: [gmm] INFO: Registration request (../src/amf/gmm-sm.c:1670)
08/14 19:42:07.045: [gmm] INFO: [suci-0-001-01-0000-0-0-0000000011]    SUCI (../src/amf/gmm-handler.c:186)
08/14 19:42:07.045: [sbi] INFO: [dc6c5fe2-9807-41f1-b1f7-c7bb735e7c1d] Setup NF Instance [type:AUSF] (../lib/sbi/path.c:349)
08/14 19:42:07.049: [amf] INFO: Setup NF EndPoint(addr) [172.22.0.11:7777] (../src/amf/nausf-handler.c:130)
08/14 19:42:07.057: [gmm] ERROR: Cannot find Requested NSSAI [1] (../src/amf/gmm-handler.c:458)
08/14 19:42:07.057: [gmm] ERROR:     PLMN_ID[MCC:1 MNC:1] (../src/amf/gmm-handler.c:461)
08/14 19:42:07.057: [gmm] ERROR:     S_NSSAI[SST:2 SD:0xffffff] (../src/amf/gmm-handler.c:464)
08/14 19:42:07.057: [gmm] ERROR: [suci-0-001-01-0000-0-0-0000000011] gmm_handle_security_mode_complete() failed [62] in type [65] (../src/amf/gmm-sm.c:2591)
08/14 19:42:07.057: [amf] WARNING: [suci-0-001-01-0000-0-0-0000000011] Registration reject [62] (../src/amf/nas-path.c:213)
08/14 19:42:07.264: [amf] INFO: UE Context Release [Action:3] (../src/amf/ngap-handler.c:1905)
08/14 19:42:07.264: [amf] INFO:     RAN_UE_NGAP_ID[14] AMF_UE_NGAP_ID[14] (../src/amf/ngap-handler.c:1906)
08/14 19:42:07.264: [amf] INFO:     SUCI[suci-0-001-01-0000-0-0-0000000011] (../src/amf/ngap-handler.c:1910)
08/14 19:42:07.264: [amf] INFO: [Removed] Number of gNB-UEs is now 0 (../src/amf/context.c:2939)
08/14 19:42:07.264: [amf] INFO: [Removed] Number of AMF-UEs is now 0 (../src/amf/context.c:1799)
08/14 19:42:18.056: [amf] INFO: InitialUEMessage (../src/amf/ngap-handler.c:612)
08/14 19:42:18.056: [amf] INFO: [Added] Number of gNB-UEs is now 1 (../src/amf/context.c:2932)
08/14 19:42:18.056: [amf] INFO:     RAN_UE_NGAP_ID[15] AMF_UE_NGAP_ID[15] TAC[2] CellID[0xa] (../src/amf/ngap-handler.c:815)
08/14 19:42:18.057: [amf] INFO: [suci-0-001-01-0000-0-0-0000000011] Unknown UE by SUCI (../src/amf/context.c:1934)
08/14 19:42:18.057: [amf] INFO: [Added] Number of AMF-UEs is now 1 (../src/amf/context.c:1699)
08/14 19:42:18.057: [gmm] INFO: Registration request (../src/amf/gmm-sm.c:1670)
08/14 19:42:18.057: [gmm] INFO: [suci-0-001-01-0000-0-0-0000000011]    SUCI (../src/amf/gmm-handler.c:186)
08/14 19:42:18.057: [sbi] INFO: [dc6c5fe2-9807-41f1-b1f7-c7bb735e7c1d] Setup NF Instance [type:AUSF] (../lib/sbi/path.c:349)
08/14 19:42:18.061: [amf] INFO: Setup NF EndPoint(addr) [172.22.0.11:7777] (../src/amf/nausf-handler.c:130)
08/14 19:42:18.067: [gmm] ERROR: Cannot find Requested NSSAI [1] (../src/amf/gmm-handler.c:458)
08/14 19:42:18.067: [gmm] ERROR:     PLMN_ID[MCC:1 MNC:1] (../src/amf/gmm-handler.c:461)
08/14 19:42:18.067: [gmm] ERROR:     S_NSSAI[SST:2 SD:0xffffff] (../src/amf/gmm-handler.c:464)
08/14 19:42:18.067: [gmm] ERROR: [suci-0-001-01-0000-0-0-0000000011] gmm_handle_security_mode_complete() failed [62] in type [65] (../src/amf/gmm-sm.c:2591)
08/14 19:42:18.067: [amf] WARNING: [suci-0-001-01-0000-0-0-0000000011] Registration reject [62] (../src/amf/nas-path.c:213)
08/14 19:42:18.272: [amf] INFO: UE Context Release [Action:3] (../src/amf/ngap-handler.c:1905)
08/14 19:42:18.272: [amf] INFO:     RAN_UE_NGAP_ID[15] AMF_UE_NGAP_ID[15] (../src/amf/ngap-handler.c:1906)
08/14 19:42:18.272: [amf] INFO:     SUCI[suci-0-001-01-0000-0-0-0000000011] (../src/amf/ngap-handler.c:1910)
08/14 19:42:18.272: [amf] INFO: [Removed] Number of gNB-UEs is now 0 (../src/amf/context.c:2939)
08/14 19:42:18.272: [amf] INFO: [Removed] Number of AMF-UEs is now 0 (../src/amf/context.c:1799)
08/14 19:54:18.777: [amf] INFO: InitialUEMessage (../src/amf/ngap-handler.c:612)
08/14 19:54:18.777: [amf] INFO: [Added] Number of gNB-UEs is now 1 (../src/amf/context.c:2932)
08/14 19:54:18.777: [amf] INFO:     RAN_UE_NGAP_ID[16] AMF_UE_NGAP_ID[16] TAC[2] CellID[0xa] (../src/amf/ngap-handler.c:815)
08/14 19:54:18.777: [amf] INFO: [suci-0-001-01-0000-0-0-0000000011] Unknown UE by SUCI (../src/amf/context.c:1934)
08/14 19:54:18.777: [amf] INFO: [Added] Number of AMF-UEs is now 1 (../src/amf/context.c:1699)
08/14 19:54:18.777: [gmm] INFO: Registration request (../src/amf/gmm-sm.c:1670)
08/14 19:54:18.777: [gmm] INFO: [suci-0-001-01-0000-0-0-0000000011]    SUCI (../src/amf/gmm-handler.c:186)
08/14 19:54:18.777: [sbi] INFO: [dc6c5fe2-9807-41f1-b1f7-c7bb735e7c1d] Setup NF Instance [type:AUSF] (../lib/sbi/path.c:349)
08/14 19:54:18.781: [amf] INFO: Setup NF EndPoint(addr) [172.22.0.11:7777] (../src/amf/nausf-handler.c:130)
08/14 19:54:18.787: [gmm] ERROR: Cannot find Requested NSSAI [1] (../src/amf/gmm-handler.c:458)
08/14 19:54:18.787: [gmm] ERROR:     PLMN_ID[MCC:1 MNC:1] (../src/amf/gmm-handler.c:461)
08/14 19:54:18.787: [gmm] ERROR:     S_NSSAI[SST:2 SD:0xffffff] (../src/amf/gmm-handler.c:464)
08/14 19:54:18.787: [gmm] ERROR: [suci-0-001-01-0000-0-0-0000000011] gmm_handle_security_mode_complete() failed [62] in type [65] (../src/amf/gmm-sm.c:2591)
08/14 19:54:18.787: [amf] WARNING: [suci-0-001-01-0000-0-0-0000000011] Registration reject [62] (../src/amf/nas-path.c:213)
08/14 19:54:18.992: [amf] INFO: UE Context Release [Action:3] (../src/amf/ngap-handler.c:1905)
08/14 19:54:18.992: [amf] INFO:     RAN_UE_NGAP_ID[16] AMF_UE_NGAP_ID[16] (../src/amf/ngap-handler.c:1906)
08/14 19:54:18.992: [amf] INFO:     SUCI[suci-0-001-01-0000-0-0-0000000011] (../src/amf/ngap-handler.c:1910)
08/14 19:54:18.992: [amf] INFO: [Removed] Number of gNB-UEs is now 0 (../src/amf/context.c:2939)
08/14 19:54:18.992: [amf] INFO: [Removed] Number of AMF-UEs is now 0 (../src/amf/context.c:1799)
08/14 19:54:29.787: [amf] INFO: InitialUEMessage (../src/amf/ngap-handler.c:612)
08/14 19:54:29.787: [amf] INFO: [Added] Number of gNB-UEs is now 1 (../src/amf/context.c:2932)
08/14 19:54:29.787: [amf] INFO:     RAN_UE_NGAP_ID[17] AMF_UE_NGAP_ID[17] TAC[2] CellID[0xa] (../src/amf/ngap-handler.c:815)
08/14 19:54:29.787: [amf] INFO: [suci-0-001-01-0000-0-0-0000000011] Unknown UE by SUCI (../src/amf/context.c:1934)
08/14 19:54:29.787: [amf] INFO: [Added] Number of AMF-UEs is now 1 (../src/amf/context.c:1699)
08/14 19:54:29.787: [gmm] INFO: Registration request (../src/amf/gmm-sm.c:1670)
08/14 19:54:29.787: [gmm] INFO: [suci-0-001-01-0000-0-0-0000000011]    SUCI (../src/amf/gmm-handler.c:186)
08/14 19:54:29.787: [sbi] INFO: [dc6c5fe2-9807-41f1-b1f7-c7bb735e7c1d] Setup NF Instance [type:AUSF] (../lib/sbi/path.c:349)
08/14 19:54:29.792: [amf] INFO: Setup NF EndPoint(addr) [172.22.0.11:7777] (../src/amf/nausf-handler.c:130)
08/14 19:54:29.798: [gmm] ERROR: Cannot find Requested NSSAI [1] (../src/amf/gmm-handler.c:458)
08/14 19:54:29.798: [gmm] ERROR:     PLMN_ID[MCC:1 MNC:1] (../src/amf/gmm-handler.c:461)
08/14 19:54:29.798: [gmm] ERROR:     S_NSSAI[SST:2 SD:0xffffff] (../src/amf/gmm-handler.c:464)
08/14 19:54:29.798: [gmm] ERROR: [suci-0-001-01-0000-0-0-0000000011] gmm_handle_security_mode_complete() failed [62] in type [65] (../src/amf/gmm-sm.c:2591)
08/14 19:54:29.798: [amf] WARNING: [suci-0-001-01-0000-0-0-0000000011] Registration reject [62] (../src/amf/nas-path.c:213)
08/14 19:54:30.008: [amf] INFO: UE Context Release [Action:3] (../src/amf/ngap-handler.c:1905)
08/14 19:54:30.008: [amf] INFO:     RAN_UE_NGAP_ID[17] AMF_UE_NGAP_ID[17] (../src/amf/ngap-handler.c:1906)
08/14 19:54:30.008: [amf] INFO:     SUCI[suci-0-001-01-0000-0-0-0000000011] (../src/amf/ngap-handler.c:1910)
08/14 19:54:30.008: [amf] INFO: [Removed] Number of gNB-UEs is now 0 (../src/amf/context.c:2939)
08/14 19:54:30.008: [amf] INFO: [Removed] Number of AMF-UEs is now 0 (../src/amf/context.c:1799)
08/14 19:54:40.798: [amf] INFO: InitialUEMessage (../src/amf/ngap-handler.c:612)
08/14 19:54:40.798: [amf] INFO: [Added] Number of gNB-UEs is now 1 (../src/amf/context.c:2932)
08/14 19:54:40.798: [amf] INFO:     RAN_UE_NGAP_ID[18] AMF_UE_NGAP_ID[18] TAC[2] CellID[0xa] (../src/amf/ngap-handler.c:815)
08/14 19:54:40.798: [amf] INFO: [suci-0-001-01-0000-0-0-0000000011] Unknown UE by SUCI (../src/amf/context.c:1934)
08/14 19:54:40.798: [amf] INFO: [Added] Number of AMF-UEs is now 1 (../src/amf/context.c:1699)
08/14 19:54:40.798: [gmm] INFO: Registration request (../src/amf/gmm-sm.c:1670)
08/14 19:54:40.798: [gmm] INFO: [suci-0-001-01-0000-0-0-0000000011]    SUCI (../src/amf/gmm-handler.c:186)
08/14 19:54:40.798: [sbi] INFO: [dc6c5fe2-9807-41f1-b1f7-c7bb735e7c1d] Setup NF Instance [type:AUSF] (../lib/sbi/path.c:349)
08/14 19:54:40.803: [amf] INFO: Setup NF EndPoint(addr) [172.22.0.11:7777] (../src/amf/nausf-handler.c:130)
08/14 19:54:40.809: [gmm] ERROR: Cannot find Requested NSSAI [1] (../src/amf/gmm-handler.c:458)
08/14 19:54:40.809: [gmm] ERROR:     PLMN_ID[MCC:1 MNC:1] (../src/amf/gmm-handler.c:461)
08/14 19:54:40.809: [gmm] ERROR:     S_NSSAI[SST:2 SD:0xffffff] (../src/amf/gmm-handler.c:464)
08/14 19:54:40.809: [gmm] ERROR: [suci-0-001-01-0000-0-0-0000000011] gmm_handle_security_mode_complete() failed [62] in type [65] (../src/amf/gmm-sm.c:2591)
08/14 19:54:40.809: [amf] WARNING: [suci-0-001-01-0000-0-0-0000000011] Registration reject [62] (../src/amf/nas-path.c:213)
08/14 19:54:41.017: [amf] INFO: UE Context Release [Action:3] (../src/amf/ngap-handler.c:1905)
08/14 19:54:41.017: [amf] INFO:     RAN_UE_NGAP_ID[18] AMF_UE_NGAP_ID[18] (../src/amf/ngap-handler.c:1906)
08/14 19:54:41.017: [amf] INFO:     SUCI[suci-0-001-01-0000-0-0-0000000011] (../src/amf/ngap-handler.c:1910)
08/14 19:54:41.017: [amf] INFO: [Removed] Number of gNB-UEs is now 0 (../src/amf/context.c:2939)
08/14 19:54:41.017: [amf] INFO: [Removed] Number of AMF-UEs is now 0 (../src/amf/context.c:1799)
08/14 19:54:51.809: [amf] INFO: InitialUEMessage (../src/amf/ngap-handler.c:612)
08/14 19:54:51.809: [amf] INFO: [Added] Number of gNB-UEs is now 1 (../src/amf/context.c:2932)
08/14 19:54:51.809: [amf] INFO:     RAN_UE_NGAP_ID[19] AMF_UE_NGAP_ID[19] TAC[2] CellID[0xa] (../src/amf/ngap-handler.c:815)
08/14 19:54:51.809: [amf] INFO: [suci-0-001-01-0000-0-0-0000000011] Unknown UE by SUCI (../src/amf/context.c:1934)
08/14 19:54:51.809: [amf] INFO: [Added] Number of AMF-UEs is now 1 (../src/amf/context.c:1699)
08/14 19:54:51.809: [gmm] INFO: Registration request (../src/amf/gmm-sm.c:1670)
08/14 19:54:51.809: [gmm] INFO: [suci-0-001-01-0000-0-0-0000000011]    SUCI (../src/amf/gmm-handler.c:186)
08/14 19:54:51.809: [sbi] INFO: [dc6c5fe2-9807-41f1-b1f7-c7bb735e7c1d] Setup NF Instance [type:AUSF] (../lib/sbi/path.c:349)
08/14 19:54:51.813: [amf] INFO: Setup NF EndPoint(addr) [172.22.0.11:7777] (../src/amf/nausf-handler.c:130)
08/14 19:54:51.819: [gmm] ERROR: Cannot find Requested NSSAI [1] (../src/amf/gmm-handler.c:458)
08/14 19:54:51.819: [gmm] ERROR:     PLMN_ID[MCC:1 MNC:1] (../src/amf/gmm-handler.c:461)
08/14 19:54:51.819: [gmm] ERROR:     S_NSSAI[SST:2 SD:0xffffff] (../src/amf/gmm-handler.c:464)
08/14 19:54:51.819: [gmm] ERROR: [suci-0-001-01-0000-0-0-0000000011] gmm_handle_security_mode_complete() failed [62] in type [65] (../src/amf/gmm-sm.c:2591)
08/14 19:54:51.819: [amf] WARNING: [suci-0-001-01-0000-0-0-0000000011] Registration reject [62] (../src/amf/nas-path.c:213)
08/14 19:54:52.024: [amf] INFO: UE Context Release [Action:3] (../src/amf/ngap-handler.c:1905)
08/14 19:54:52.024: [amf] INFO:     RAN_UE_NGAP_ID[19] AMF_UE_NGAP_ID[19] (../src/amf/ngap-handler.c:1906)
08/14 19:54:52.024: [amf] INFO:     SUCI[suci-0-001-01-0000-0-0-0000000011] (../src/amf/ngap-handler.c:1910)
08/14 19:54:52.024: [amf] INFO: [Removed] Number of gNB-UEs is now 0 (../src/amf/context.c:2939)
08/14 19:54:52.024: [amf] INFO: [Removed] Number of AMF-UEs is now 0 (../src/amf/context.c:1799)
08/14 19:55:02.821: [amf] INFO: InitialUEMessage (../src/amf/ngap-handler.c:612)
08/14 19:55:02.821: [amf] INFO: [Added] Number of gNB-UEs is now 1 (../src/amf/context.c:2932)
08/14 19:55:02.821: [amf] INFO:     RAN_UE_NGAP_ID[20] AMF_UE_NGAP_ID[20] TAC[2] CellID[0xa] (../src/amf/ngap-handler.c:815)
08/14 19:55:02.821: [amf] INFO: [suci-0-001-01-0000-0-0-0000000011] Unknown UE by SUCI (../src/amf/context.c:1934)
08/14 19:55:02.821: [amf] INFO: [Added] Number of AMF-UEs is now 1 (../src/amf/context.c:1699)
08/14 19:55:02.821: [gmm] INFO: Registration request (../src/amf/gmm-sm.c:1670)
08/14 19:55:02.821: [gmm] INFO: [suci-0-001-01-0000-0-0-0000000011]    SUCI (../src/amf/gmm-handler.c:186)
08/14 19:55:02.821: [sbi] INFO: [dc6c5fe2-9807-41f1-b1f7-c7bb735e7c1d] Setup NF Instance [type:AUSF] (../lib/sbi/path.c:349)
08/14 19:55:02.826: [amf] INFO: Setup NF EndPoint(addr) [172.22.0.11:7777] (../src/amf/nausf-handler.c:130)
08/14 19:55:02.831: [gmm] ERROR: Cannot find Requested NSSAI [1] (../src/amf/gmm-handler.c:458)
08/14 19:55:02.831: [gmm] ERROR:     PLMN_ID[MCC:1 MNC:1] (../src/amf/gmm-handler.c:461)
08/14 19:55:02.831: [gmm] ERROR:     S_NSSAI[SST:2 SD:0xffffff] (../src/amf/gmm-handler.c:464)
08/14 19:55:02.831: [gmm] ERROR: [suci-0-001-01-0000-0-0-0000000011] gmm_handle_security_mode_complete() failed [62] in type [65] (../src/amf/gmm-sm.c:2591)
08/14 19:55:02.831: [amf] WARNING: [suci-0-001-01-0000-0-0-0000000011] Registration reject [62] (../src/amf/nas-path.c:213)
08/14 19:55:03.039: [amf] INFO: UE Context Release [Action:3] (../src/amf/ngap-handler.c:1905)
08/14 19:55:03.039: [amf] INFO:     RAN_UE_NGAP_ID[20] AMF_UE_NGAP_ID[20] (../src/amf/ngap-handler.c:1906)
08/14 19:55:03.039: [amf] INFO:     SUCI[suci-0-001-01-0000-0-0-0000000011] (../src/amf/ngap-handler.c:1910)
08/14 19:55:03.039: [amf] INFO: [Removed] Number of gNB-UEs is now 0 (../src/amf/context.c:2939)
08/14 19:55:03.039: [amf] INFO: [Removed] Number of AMF-UEs is now 0 (../src/amf/context.c:1799)
08/14 20:07:03.542: [amf] INFO: InitialUEMessage (../src/amf/ngap-handler.c:612)
08/14 20:07:03.542: [amf] INFO: [Added] Number of gNB-UEs is now 1 (../src/amf/context.c:2932)
08/14 20:07:03.542: [amf] INFO:     RAN_UE_NGAP_ID[21] AMF_UE_NGAP_ID[21] TAC[2] CellID[0xa] (../src/amf/ngap-handler.c:815)
08/14 20:07:03.542: [amf] INFO: [suci-0-001-01-0000-0-0-0000000011] Unknown UE by SUCI (../src/amf/context.c:1934)
08/14 20:07:03.542: [amf] INFO: [Added] Number of AMF-UEs is now 1 (../src/amf/context.c:1699)
08/14 20:07:03.542: [gmm] INFO: Registration request (../src/amf/gmm-sm.c:1670)
08/14 20:07:03.542: [gmm] INFO: [suci-0-001-01-0000-0-0-0000000011]    SUCI (../src/amf/gmm-handler.c:186)
08/14 20:07:03.542: [sbi] INFO: [dc6c5fe2-9807-41f1-b1f7-c7bb735e7c1d] Setup NF Instance [type:AUSF] (../lib/sbi/path.c:349)
08/14 20:07:03.546: [amf] INFO: Setup NF EndPoint(addr) [172.22.0.11:7777] (../src/amf/nausf-handler.c:130)
08/14 20:07:03.552: [gmm] ERROR: Cannot find Requested NSSAI [1] (../src/amf/gmm-handler.c:458)
08/14 20:07:03.552: [gmm] ERROR:     PLMN_ID[MCC:1 MNC:1] (../src/amf/gmm-handler.c:461)
08/14 20:07:03.552: [gmm] ERROR:     S_NSSAI[SST:2 SD:0xffffff] (../src/amf/gmm-handler.c:464)
08/14 20:07:03.552: [gmm] ERROR: [suci-0-001-01-0000-0-0-0000000011] gmm_handle_security_mode_complete() failed [62] in type [65] (../src/amf/gmm-sm.c:2591)
08/14 20:07:03.552: [amf] WARNING: [suci-0-001-01-0000-0-0-0000000011] Registration reject [62] (../src/amf/nas-path.c:213)
08/14 20:07:03.760: [amf] INFO: UE Context Release [Action:3] (../src/amf/ngap-handler.c:1905)
08/14 20:07:03.760: [amf] INFO:     RAN_UE_NGAP_ID[21] AMF_UE_NGAP_ID[21] (../src/amf/ngap-handler.c:1906)
08/14 20:07:03.760: [amf] INFO:     SUCI[suci-0-001-01-0000-0-0-0000000011] (../src/amf/ngap-handler.c:1910)
08/14 20:07:03.760: [amf] INFO: [Removed] Number of gNB-UEs is now 0 (../src/amf/context.c:2939)
08/14 20:07:03.760: [amf] INFO: [Removed] Number of AMF-UEs is now 0 (../src/amf/context.c:1799)
08/14 20:07:14.553: [amf] INFO: InitialUEMessage (../src/amf/ngap-handler.c:612)
08/14 20:07:14.553: [amf] INFO: [Added] Number of gNB-UEs is now 1 (../src/amf/context.c:2932)
08/14 20:07:14.553: [amf] INFO:     RAN_UE_NGAP_ID[22] AMF_UE_NGAP_ID[22] TAC[2] CellID[0xa] (../src/amf/ngap-handler.c:815)
08/14 20:07:14.553: [amf] INFO: [suci-0-001-01-0000-0-0-0000000011] Unknown UE by SUCI (../src/amf/context.c:1934)
08/14 20:07:14.553: [amf] INFO: [Added] Number of AMF-UEs is now 1 (../src/amf/context.c:1699)
08/14 20:07:14.553: [gmm] INFO: Registration request (../src/amf/gmm-sm.c:1670)
08/14 20:07:14.553: [gmm] INFO: [suci-0-001-01-0000-0-0-0000000011]    SUCI (../src/amf/gmm-handler.c:186)
08/14 20:07:14.553: [sbi] INFO: [dc6c5fe2-9807-41f1-b1f7-c7bb735e7c1d] Setup NF Instance [type:AUSF] (../lib/sbi/path.c:349)
08/14 20:07:14.558: [amf] INFO: Setup NF EndPoint(addr) [172.22.0.11:7777] (../src/amf/nausf-handler.c:130)
08/14 20:07:14.564: [gmm] ERROR: Cannot find Requested NSSAI [1] (../src/amf/gmm-handler.c:458)
08/14 20:07:14.564: [gmm] ERROR:     PLMN_ID[MCC:1 MNC:1] (../src/amf/gmm-handler.c:461)
08/14 20:07:14.564: [gmm] ERROR:     S_NSSAI[SST:2 SD:0xffffff] (../src/amf/gmm-handler.c:464)
08/14 20:07:14.564: [gmm] ERROR: [suci-0-001-01-0000-0-0-0000000011] gmm_handle_security_mode_complete() failed [62] in type [65] (../src/amf/gmm-sm.c:2591)
08/14 20:07:14.564: [amf] WARNING: [suci-0-001-01-0000-0-0-0000000011] Registration reject [62] (../src/amf/nas-path.c:213)
08/14 20:07:14.768: [amf] INFO: UE Context Release [Action:3] (../src/amf/ngap-handler.c:1905)
08/14 20:07:14.768: [amf] INFO:     RAN_UE_NGAP_ID[22] AMF_UE_NGAP_ID[22] (../src/amf/ngap-handler.c:1906)
08/14 20:07:14.768: [amf] INFO:     SUCI[suci-0-001-01-0000-0-0-0000000011] (../src/amf/ngap-handler.c:1910)
08/14 20:07:14.768: [amf] INFO: [Removed] Number of gNB-UEs is now 0 (../src/amf/context.c:2939)
08/14 20:07:14.768: [amf] INFO: [Removed] Number of AMF-UEs is now 0 (../src/amf/context.c:1799)
08/14 20:07:25.565: [amf] INFO: InitialUEMessage (../src/amf/ngap-handler.c:612)
08/14 20:07:25.565: [amf] INFO: [Added] Number of gNB-UEs is now 1 (../src/amf/context.c:2932)
08/14 20:07:25.565: [amf] INFO:     RAN_UE_NGAP_ID[23] AMF_UE_NGAP_ID[23] TAC[2] CellID[0xa] (../src/amf/ngap-handler.c:815)
08/14 20:07:25.565: [amf] INFO: [suci-0-001-01-0000-0-0-0000000011] Unknown UE by SUCI (../src/amf/context.c:1934)
08/14 20:07:25.565: [amf] INFO: [Added] Number of AMF-UEs is now 1 (../src/amf/context.c:1699)
08/14 20:07:25.565: [gmm] INFO: Registration request (../src/amf/gmm-sm.c:1670)
08/14 20:07:25.565: [gmm] INFO: [suci-0-001-01-0000-0-0-0000000011]    SUCI (../src/amf/gmm-handler.c:186)
08/14 20:07:25.566: [sbi] INFO: [dc6c5fe2-9807-41f1-b1f7-c7bb735e7c1d] Setup NF Instance [type:AUSF] (../lib/sbi/path.c:349)
08/14 20:07:25.570: [amf] INFO: Setup NF EndPoint(addr) [172.22.0.11:7777] (../src/amf/nausf-handler.c:130)
08/14 20:07:25.576: [gmm] ERROR: Cannot find Requested NSSAI [1] (../src/amf/gmm-handler.c:458)
08/14 20:07:25.576: [gmm] ERROR:     PLMN_ID[MCC:1 MNC:1] (../src/amf/gmm-handler.c:461)
08/14 20:07:25.576: [gmm] ERROR:     S_NSSAI[SST:2 SD:0xffffff] (../src/amf/gmm-handler.c:464)
08/14 20:07:25.576: [gmm] ERROR: [suci-0-001-01-0000-0-0-0000000011] gmm_handle_security_mode_complete() failed [62] in type [65] (../src/amf/gmm-sm.c:2591)
08/14 20:07:25.576: [amf] WARNING: [suci-0-001-01-0000-0-0-0000000011] Registration reject [62] (../src/amf/nas-path.c:213)
08/14 20:07:25.784: [amf] INFO: UE Context Release [Action:3] (../src/amf/ngap-handler.c:1905)
08/14 20:07:25.784: [amf] INFO:     RAN_UE_NGAP_ID[23] AMF_UE_NGAP_ID[23] (../src/amf/ngap-handler.c:1906)
08/14 20:07:25.784: [amf] INFO:     SUCI[suci-0-001-01-0000-0-0-0000000011] (../src/amf/ngap-handler.c:1910)
08/14 20:07:25.784: [amf] INFO: [Removed] Number of gNB-UEs is now 0 (../src/amf/context.c:2939)
08/14 20:07:25.784: [amf] INFO: [Removed] Number of AMF-UEs is now 0 (../src/amf/context.c:1799)
08/14 20:07:36.575: [amf] INFO: InitialUEMessage (../src/amf/ngap-handler.c:612)
08/14 20:07:36.575: [amf] INFO: [Added] Number of gNB-UEs is now 1 (../src/amf/context.c:2932)
08/14 20:07:36.575: [amf] INFO:     RAN_UE_NGAP_ID[24] AMF_UE_NGAP_ID[24] TAC[2] CellID[0xa] (../src/amf/ngap-handler.c:815)
08/14 20:07:36.575: [amf] INFO: [suci-0-001-01-0000-0-0-0000000011] Unknown UE by SUCI (../src/amf/context.c:1934)
08/14 20:07:36.575: [amf] INFO: [Added] Number of AMF-UEs is now 1 (../src/amf/context.c:1699)
08/14 20:07:36.575: [gmm] INFO: Registration request (../src/amf/gmm-sm.c:1670)
08/14 20:07:36.575: [gmm] INFO: [suci-0-001-01-0000-0-0-0000000011]    SUCI (../src/amf/gmm-handler.c:186)
08/14 20:07:36.575: [sbi] INFO: [dc6c5fe2-9807-41f1-b1f7-c7bb735e7c1d] Setup NF Instance [type:AUSF] (../lib/sbi/path.c:349)
08/14 20:07:36.579: [amf] INFO: Setup NF EndPoint(addr) [172.22.0.11:7777] (../src/amf/nausf-handler.c:130)
08/14 20:07:36.585: [gmm] ERROR: Cannot find Requested NSSAI [1] (../src/amf/gmm-handler.c:458)
08/14 20:07:36.585: [gmm] ERROR:     PLMN_ID[MCC:1 MNC:1] (../src/amf/gmm-handler.c:461)
08/14 20:07:36.585: [gmm] ERROR:     S_NSSAI[SST:2 SD:0xffffff] (../src/amf/gmm-handler.c:464)
08/14 20:07:36.585: [gmm] ERROR: [suci-0-001-01-0000-0-0-0000000011] gmm_handle_security_mode_complete() failed [62] in type [65] (../src/amf/gmm-sm.c:2591)
08/14 20:07:36.585: [amf] WARNING: [suci-0-001-01-0000-0-0-0000000011] Registration reject [62] (../src/amf/nas-path.c:213)
08/14 20:07:36.792: [amf] INFO: UE Context Release [Action:3] (../src/amf/ngap-handler.c:1905)
08/14 20:07:36.792: [amf] INFO:     RAN_UE_NGAP_ID[24] AMF_UE_NGAP_ID[24] (../src/amf/ngap-handler.c:1906)
08/14 20:07:36.792: [amf] INFO:     SUCI[suci-0-001-01-0000-0-0-0000000011] (../src/amf/ngap-handler.c:1910)
08/14 20:07:36.792: [amf] INFO: [Removed] Number of gNB-UEs is now 0 (../src/amf/context.c:2939)
08/14 20:07:36.792: [amf] INFO: [Removed] Number of AMF-UEs is now 0 (../src/amf/context.c:1799)
08/14 20:07:47.587: [amf] INFO: InitialUEMessage (../src/amf/ngap-handler.c:612)
08/14 20:07:47.588: [amf] INFO: [Added] Number of gNB-UEs is now 1 (../src/amf/context.c:2932)
08/14 20:07:47.588: [amf] INFO:     RAN_UE_NGAP_ID[25] AMF_UE_NGAP_ID[25] TAC[2] CellID[0xa] (../src/amf/ngap-handler.c:815)
08/14 20:07:47.588: [amf] INFO: [suci-0-001-01-0000-0-0-0000000011] Unknown UE by SUCI (../src/amf/context.c:1934)
08/14 20:07:47.588: [amf] INFO: [Added] Number of AMF-UEs is now 1 (../src/amf/context.c:1699)
08/14 20:07:47.588: [gmm] INFO: Registration request (../src/amf/gmm-sm.c:1670)
08/14 20:07:47.588: [gmm] INFO: [suci-0-001-01-0000-0-0-0000000011]    SUCI (../src/amf/gmm-handler.c:186)
08/14 20:07:47.588: [sbi] INFO: [dc6c5fe2-9807-41f1-b1f7-c7bb735e7c1d] Setup NF Instance [type:AUSF] (../lib/sbi/path.c:349)
08/14 20:07:47.593: [amf] INFO: Setup NF EndPoint(addr) [172.22.0.11:7777] (../src/amf/nausf-handler.c:130)
08/14 20:07:47.601: [gmm] ERROR: Cannot find Requested NSSAI [1] (../src/amf/gmm-handler.c:458)
08/14 20:07:47.601: [gmm] ERROR:     PLMN_ID[MCC:1 MNC:1] (../src/amf/gmm-handler.c:461)
08/14 20:07:47.601: [gmm] ERROR:     S_NSSAI[SST:2 SD:0xffffff] (../src/amf/gmm-handler.c:464)
08/14 20:07:47.601: [gmm] ERROR: [suci-0-001-01-0000-0-0-0000000011] gmm_handle_security_mode_complete() failed [62] in type [65] (../src/amf/gmm-sm.c:2591)
08/14 20:07:47.601: [amf] WARNING: [suci-0-001-01-0000-0-0-0000000011] Registration reject [62] (../src/amf/nas-path.c:213)
08/14 20:07:47.807: [amf] INFO: UE Context Release [Action:3] (../src/amf/ngap-handler.c:1905)
08/14 20:07:47.807: [amf] INFO:     RAN_UE_NGAP_ID[25] AMF_UE_NGAP_ID[25] (../src/amf/ngap-handler.c:1906)
08/14 20:07:47.807: [amf] INFO:     SUCI[suci-0-001-01-0000-0-0-0000000011] (../src/amf/ngap-handler.c:1910)
08/14 20:07:47.807: [amf] INFO: [Removed] Number of gNB-UEs is now 0 (../src/amf/context.c:2939)
08/14 20:07:47.807: [amf] INFO: [Removed] Number of AMF-UEs is now 0 (../src/amf/context.c:1799)
08/14 20:19:48.310: [amf] INFO: InitialUEMessage (../src/amf/ngap-handler.c:612)
08/14 20:19:48.310: [amf] INFO: [Added] Number of gNB-UEs is now 1 (../src/amf/context.c:2932)
08/14 20:19:48.310: [amf] INFO:     RAN_UE_NGAP_ID[26] AMF_UE_NGAP_ID[26] TAC[2] CellID[0xa] (../src/amf/ngap-handler.c:815)
08/14 20:19:48.310: [amf] INFO: [suci-0-001-01-0000-0-0-0000000011] Unknown UE by SUCI (../src/amf/context.c:1934)
08/14 20:19:48.310: [amf] INFO: [Added] Number of AMF-UEs is now 1 (../src/amf/context.c:1699)
08/14 20:19:48.310: [gmm] INFO: Registration request (../src/amf/gmm-sm.c:1670)
08/14 20:19:48.310: [gmm] INFO: [suci-0-001-01-0000-0-0-0000000011]    SUCI (../src/amf/gmm-handler.c:186)
08/14 20:19:48.310: [sbi] INFO: [dc6c5fe2-9807-41f1-b1f7-c7bb735e7c1d] Setup NF Instance [type:AUSF] (../lib/sbi/path.c:349)
08/14 20:19:48.316: [amf] INFO: Setup NF EndPoint(addr) [172.22.0.11:7777] (../src/amf/nausf-handler.c:130)
08/14 20:19:48.322: [gmm] ERROR: Cannot find Requested NSSAI [1] (../src/amf/gmm-handler.c:458)
08/14 20:19:48.322: [gmm] ERROR:     PLMN_ID[MCC:1 MNC:1] (../src/amf/gmm-handler.c:461)
08/14 20:19:48.322: [gmm] ERROR:     S_NSSAI[SST:2 SD:0xffffff] (../src/amf/gmm-handler.c:464)
08/14 20:19:48.322: [gmm] ERROR: [suci-0-001-01-0000-0-0-0000000011] gmm_handle_security_mode_complete() failed [62] in type [65] (../src/amf/gmm-sm.c:2591)
08/14 20:19:48.322: [amf] WARNING: [suci-0-001-01-0000-0-0-0000000011] Registration reject [62] (../src/amf/nas-path.c:213)
08/14 20:19:48.528: [amf] INFO: UE Context Release [Action:3] (../src/amf/ngap-handler.c:1905)
08/14 20:19:48.529: [amf] INFO:     RAN_UE_NGAP_ID[26] AMF_UE_NGAP_ID[26] (../src/amf/ngap-handler.c:1906)
08/14 20:19:48.529: [amf] INFO:     SUCI[suci-0-001-01-0000-0-0-0000000011] (../src/amf/ngap-handler.c:1910)
08/14 20:19:48.529: [amf] INFO: [Removed] Number of gNB-UEs is now 0 (../src/amf/context.c:2939)
08/14 20:19:48.529: [amf] INFO: [Removed] Number of AMF-UEs is now 0 (../src/amf/context.c:1799)
08/14 20:19:59.319: [amf] INFO: InitialUEMessage (../src/amf/ngap-handler.c:612)
08/14 20:19:59.319: [amf] INFO: [Added] Number of gNB-UEs is now 1 (../src/amf/context.c:2932)
08/14 20:19:59.319: [amf] INFO:     RAN_UE_NGAP_ID[27] AMF_UE_NGAP_ID[27] TAC[2] CellID[0xa] (../src/amf/ngap-handler.c:815)
08/14 20:19:59.319: [amf] INFO: [suci-0-001-01-0000-0-0-0000000011] Unknown UE by SUCI (../src/amf/context.c:1934)
08/14 20:19:59.319: [amf] INFO: [Added] Number of AMF-UEs is now 1 (../src/amf/context.c:1699)
08/14 20:19:59.319: [gmm] INFO: Registration request (../src/amf/gmm-sm.c:1670)
08/14 20:19:59.319: [gmm] INFO: [suci-0-001-01-0000-0-0-0000000011]    SUCI (../src/amf/gmm-handler.c:186)
08/14 20:19:59.319: [sbi] INFO: [dc6c5fe2-9807-41f1-b1f7-c7bb735e7c1d] Setup NF Instance [type:AUSF] (../lib/sbi/path.c:349)
08/14 20:19:59.324: [amf] INFO: Setup NF EndPoint(addr) [172.22.0.11:7777] (../src/amf/nausf-handler.c:130)
08/14 20:19:59.329: [gmm] ERROR: Cannot find Requested NSSAI [1] (../src/amf/gmm-handler.c:458)
08/14 20:19:59.329: [gmm] ERROR:     PLMN_ID[MCC:1 MNC:1] (../src/amf/gmm-handler.c:461)
08/14 20:19:59.329: [gmm] ERROR:     S_NSSAI[SST:2 SD:0xffffff] (../src/amf/gmm-handler.c:464)
08/14 20:19:59.329: [gmm] ERROR: [suci-0-001-01-0000-0-0-0000000011] gmm_handle_security_mode_complete() failed [62] in type [65] (../src/amf/gmm-sm.c:2591)
08/14 20:19:59.329: [amf] WARNING: [suci-0-001-01-0000-0-0-0000000011] Registration reject [62] (../src/amf/nas-path.c:213)
08/14 20:19:59.536: [amf] INFO: UE Context Release [Action:3] (../src/amf/ngap-handler.c:1905)
08/14 20:19:59.536: [amf] INFO:     RAN_UE_NGAP_ID[27] AMF_UE_NGAP_ID[27] (../src/amf/ngap-handler.c:1906)
08/14 20:19:59.536: [amf] INFO:     SUCI[suci-0-001-01-0000-0-0-0000000011] (../src/amf/ngap-handler.c:1910)
08/14 20:19:59.536: [amf] INFO: [Removed] Number of gNB-UEs is now 0 (../src/amf/context.c:2939)
08/14 20:19:59.536: [amf] INFO: [Removed] Number of AMF-UEs is now 0 (../src/amf/context.c:1799)
08/14 20:20:10.331: [amf] INFO: InitialUEMessage (../src/amf/ngap-handler.c:612)
08/14 20:20:10.331: [amf] INFO: [Added] Number of gNB-UEs is now 1 (../src/amf/context.c:2932)
08/14 20:20:10.331: [amf] INFO:     RAN_UE_NGAP_ID[28] AMF_UE_NGAP_ID[28] TAC[2] CellID[0xa] (../src/amf/ngap-handler.c:815)
08/14 20:20:10.331: [amf] INFO: [suci-0-001-01-0000-0-0-0000000011] Unknown UE by SUCI (../src/amf/context.c:1934)
08/14 20:20:10.331: [amf] INFO: [Added] Number of AMF-UEs is now 1 (../src/amf/context.c:1699)
08/14 20:20:10.331: [gmm] INFO: Registration request (../src/amf/gmm-sm.c:1670)
08/14 20:20:10.331: [gmm] INFO: [suci-0-001-01-0000-0-0-0000000011]    SUCI (../src/amf/gmm-handler.c:186)
08/14 20:20:10.331: [sbi] INFO: [dc6c5fe2-9807-41f1-b1f7-c7bb735e7c1d] Setup NF Instance [type:AUSF] (../lib/sbi/path.c:349)
08/14 20:20:10.337: [amf] INFO: Setup NF EndPoint(addr) [172.22.0.11:7777] (../src/amf/nausf-handler.c:130)
08/14 20:20:10.347: [gmm] ERROR: Cannot find Requested NSSAI [1] (../src/amf/gmm-handler.c:458)
08/14 20:20:10.347: [gmm] ERROR:     PLMN_ID[MCC:1 MNC:1] (../src/amf/gmm-handler.c:461)
08/14 20:20:10.347: [gmm] ERROR:     S_NSSAI[SST:2 SD:0xffffff] (../src/amf/gmm-handler.c:464)
08/14 20:20:10.347: [gmm] ERROR: [suci-0-001-01-0000-0-0-0000000011] gmm_handle_security_mode_complete() failed [62] in type [65] (../src/amf/gmm-sm.c:2591)
08/14 20:20:10.347: [amf] WARNING: [suci-0-001-01-0000-0-0-0000000011] Registration reject [62] (../src/amf/nas-path.c:213)
08/14 20:20:10.553: [amf] INFO: UE Context Release [Action:3] (../src/amf/ngap-handler.c:1905)
08/14 20:20:10.553: [amf] INFO:     RAN_UE_NGAP_ID[28] AMF_UE_NGAP_ID[28] (../src/amf/ngap-handler.c:1906)
08/14 20:20:10.553: [amf] INFO:     SUCI[suci-0-001-01-0000-0-0-0000000011] (../src/amf/ngap-handler.c:1910)
08/14 20:20:10.553: [amf] INFO: [Removed] Number of gNB-UEs is now 0 (../src/amf/context.c:2939)
08/14 20:20:10.553: [amf] INFO: [Removed] Number of AMF-UEs is now 0 (../src/amf/context.c:1799)
08/14 20:20:21.342: [amf] INFO: InitialUEMessage (../src/amf/ngap-handler.c:612)
08/14 20:20:21.342: [amf] INFO: [Added] Number of gNB-UEs is now 1 (../src/amf/context.c:2932)
08/14 20:20:21.342: [amf] INFO:     RAN_UE_NGAP_ID[29] AMF_UE_NGAP_ID[29] TAC[2] CellID[0xa] (../src/amf/ngap-handler.c:815)
08/14 20:20:21.342: [amf] INFO: [suci-0-001-01-0000-0-0-0000000011] Unknown UE by SUCI (../src/amf/context.c:1934)
08/14 20:20:21.342: [amf] INFO: [Added] Number of AMF-UEs is now 1 (../src/amf/context.c:1699)
08/14 20:20:21.342: [gmm] INFO: Registration request (../src/amf/gmm-sm.c:1670)
08/14 20:20:21.342: [gmm] INFO: [suci-0-001-01-0000-0-0-0000000011]    SUCI (../src/amf/gmm-handler.c:186)
08/14 20:20:21.342: [sbi] INFO: [dc6c5fe2-9807-41f1-b1f7-c7bb735e7c1d] Setup NF Instance [type:AUSF] (../lib/sbi/path.c:349)
08/14 20:20:21.347: [amf] INFO: Setup NF EndPoint(addr) [172.22.0.11:7777] (../src/amf/nausf-handler.c:130)
08/14 20:20:21.354: [gmm] ERROR: Cannot find Requested NSSAI [1] (../src/amf/gmm-handler.c:458)
08/14 20:20:21.354: [gmm] ERROR:     PLMN_ID[MCC:1 MNC:1] (../src/amf/gmm-handler.c:461)
08/14 20:20:21.354: [gmm] ERROR:     S_NSSAI[SST:2 SD:0xffffff] (../src/amf/gmm-handler.c:464)
08/14 20:20:21.354: [gmm] ERROR: [suci-0-001-01-0000-0-0-0000000011] gmm_handle_security_mode_complete() failed [62] in type [65] (../src/amf/gmm-sm.c:2591)
08/14 20:20:21.354: [amf] WARNING: [suci-0-001-01-0000-0-0-0000000011] Registration reject [62] (../src/amf/nas-path.c:213)
08/14 20:20:21.560: [amf] INFO: UE Context Release [Action:3] (../src/amf/ngap-handler.c:1905)
08/14 20:20:21.560: [amf] INFO:     RAN_UE_NGAP_ID[29] AMF_UE_NGAP_ID[29] (../src/amf/ngap-handler.c:1906)
08/14 20:20:21.560: [amf] INFO:     SUCI[suci-0-001-01-0000-0-0-0000000011] (../src/amf/ngap-handler.c:1910)
08/14 20:20:21.561: [amf] INFO: [Removed] Number of gNB-UEs is now 0 (../src/amf/context.c:2939)
08/14 20:20:21.561: [amf] INFO: [Removed] Number of AMF-UEs is now 0 (../src/amf/context.c:1799)
08/14 20:20:32.351: [amf] INFO: InitialUEMessage (../src/amf/ngap-handler.c:612)
08/14 20:20:32.351: [amf] INFO: [Added] Number of gNB-UEs is now 1 (../src/amf/context.c:2932)
08/14 20:20:32.351: [amf] INFO:     RAN_UE_NGAP_ID[30] AMF_UE_NGAP_ID[30] TAC[2] CellID[0xa] (../src/amf/ngap-handler.c:815)
08/14 20:20:32.351: [amf] INFO: [suci-0-001-01-0000-0-0-0000000011] Unknown UE by SUCI (../src/amf/context.c:1934)
08/14 20:20:32.351: [amf] INFO: [Added] Number of AMF-UEs is now 1 (../src/amf/context.c:1699)
08/14 20:20:32.351: [gmm] INFO: Registration request (../src/amf/gmm-sm.c:1670)
08/14 20:20:32.351: [gmm] INFO: [suci-0-001-01-0000-0-0-0000000011]    SUCI (../src/amf/gmm-handler.c:186)
08/14 20:20:32.352: [sbi] INFO: [dc6c5fe2-9807-41f1-b1f7-c7bb735e7c1d] Setup NF Instance [type:AUSF] (../lib/sbi/path.c:349)
08/14 20:20:32.356: [amf] INFO: Setup NF EndPoint(addr) [172.22.0.11:7777] (../src/amf/nausf-handler.c:130)
08/14 20:20:32.364: [gmm] ERROR: Cannot find Requested NSSAI [1] (../src/amf/gmm-handler.c:458)
08/14 20:20:32.364: [gmm] ERROR:     PLMN_ID[MCC:1 MNC:1] (../src/amf/gmm-handler.c:461)
08/14 20:20:32.364: [gmm] ERROR:     S_NSSAI[SST:2 SD:0xffffff] (../src/amf/gmm-handler.c:464)
08/14 20:20:32.364: [gmm] ERROR: [suci-0-001-01-0000-0-0-0000000011] gmm_handle_security_mode_complete() failed [62] in type [65] (../src/amf/gmm-sm.c:2591)
08/14 20:20:32.364: [amf] WARNING: [suci-0-001-01-0000-0-0-0000000011] Registration reject [62] (../src/amf/nas-path.c:213)
08/14 20:20:32.569: [amf] INFO: UE Context Release [Action:3] (../src/amf/ngap-handler.c:1905)
08/14 20:20:32.569: [amf] INFO:     RAN_UE_NGAP_ID[30] AMF_UE_NGAP_ID[30] (../src/amf/ngap-handler.c:1906)
08/14 20:20:32.569: [amf] INFO:     SUCI[suci-0-001-01-0000-0-0-0000000011] (../src/amf/ngap-handler.c:1910)
08/14 20:20:32.569: [amf] INFO: [Removed] Number of gNB-UEs is now 0 (../src/amf/context.c:2939)
08/14 20:20:32.569: [amf] INFO: [Removed] Number of AMF-UEs is now 0 (../src/amf/context.c:1799)
08/14 20:32:33.072: [amf] INFO: InitialUEMessage (../src/amf/ngap-handler.c:612)
08/14 20:32:33.072: [amf] INFO: [Added] Number of gNB-UEs is now 1 (../src/amf/context.c:2932)
08/14 20:32:33.072: [amf] INFO:     RAN_UE_NGAP_ID[31] AMF_UE_NGAP_ID[31] TAC[2] CellID[0xa] (../src/amf/ngap-handler.c:815)
08/14 20:32:33.072: [amf] INFO: [suci-0-001-01-0000-0-0-0000000011] Unknown UE by SUCI (../src/amf/context.c:1934)
08/14 20:32:33.072: [amf] INFO: [Added] Number of AMF-UEs is now 1 (../src/amf/context.c:1699)
08/14 20:32:33.072: [gmm] INFO: Registration request (../src/amf/gmm-sm.c:1670)
08/14 20:32:33.072: [gmm] INFO: [suci-0-001-01-0000-0-0-0000000011]    SUCI (../src/amf/gmm-handler.c:186)
08/14 20:32:33.072: [sbi] INFO: [dc6c5fe2-9807-41f1-b1f7-c7bb735e7c1d] Setup NF Instance [type:AUSF] (../lib/sbi/path.c:349)
08/14 20:32:33.076: [amf] INFO: Setup NF EndPoint(addr) [172.22.0.11:7777] (../src/amf/nausf-handler.c:130)
08/14 20:32:33.081: [gmm] ERROR: Cannot find Requested NSSAI [1] (../src/amf/gmm-handler.c:458)
08/14 20:32:33.081: [gmm] ERROR:     PLMN_ID[MCC:1 MNC:1] (../src/amf/gmm-handler.c:461)
08/14 20:32:33.081: [gmm] ERROR:     S_NSSAI[SST:2 SD:0xffffff] (../src/amf/gmm-handler.c:464)
08/14 20:32:33.081: [gmm] ERROR: [suci-0-001-01-0000-0-0-0000000011] gmm_handle_security_mode_complete() failed [62] in type [65] (../src/amf/gmm-sm.c:2591)
08/14 20:32:33.081: [amf] WARNING: [suci-0-001-01-0000-0-0-0000000011] Registration reject [62] (../src/amf/nas-path.c:213)
08/14 20:32:33.287: [amf] INFO: UE Context Release [Action:3] (../src/amf/ngap-handler.c:1905)
08/14 20:32:33.287: [amf] INFO:     RAN_UE_NGAP_ID[31] AMF_UE_NGAP_ID[31] (../src/amf/ngap-handler.c:1906)
08/14 20:32:33.287: [amf] INFO:     SUCI[suci-0-001-01-0000-0-0-0000000011] (../src/amf/ngap-handler.c:1910)
08/14 20:32:33.287: [amf] INFO: [Removed] Number of gNB-UEs is now 0 (../src/amf/context.c:2939)
08/14 20:32:33.287: [amf] INFO: [Removed] Number of AMF-UEs is now 0 (../src/amf/context.c:1799)
08/14 20:32:44.084: [amf] INFO: InitialUEMessage (../src/amf/ngap-handler.c:612)
08/14 20:32:44.084: [amf] INFO: [Added] Number of gNB-UEs is now 1 (../src/amf/context.c:2932)
08/14 20:32:44.084: [amf] INFO:     RAN_UE_NGAP_ID[32] AMF_UE_NGAP_ID[32] TAC[2] CellID[0xa] (../src/amf/ngap-handler.c:815)
08/14 20:32:44.084: [amf] INFO: [suci-0-001-01-0000-0-0-0000000011] Unknown UE by SUCI (../src/amf/context.c:1934)
08/14 20:32:44.084: [amf] INFO: [Added] Number of AMF-UEs is now 1 (../src/amf/context.c:1699)
08/14 20:32:44.084: [gmm] INFO: Registration request (../src/amf/gmm-sm.c:1670)
08/14 20:32:44.084: [gmm] INFO: [suci-0-001-01-0000-0-0-0000000011]    SUCI (../src/amf/gmm-handler.c:186)
08/14 20:32:44.084: [sbi] INFO: [dc6c5fe2-9807-41f1-b1f7-c7bb735e7c1d] Setup NF Instance [type:AUSF] (../lib/sbi/path.c:349)
08/14 20:32:44.088: [amf] INFO: Setup NF EndPoint(addr) [172.22.0.11:7777] (../src/amf/nausf-handler.c:130)
08/14 20:32:44.095: [gmm] ERROR: Cannot find Requested NSSAI [1] (../src/amf/gmm-handler.c:458)
08/14 20:32:44.095: [gmm] ERROR:     PLMN_ID[MCC:1 MNC:1] (../src/amf/gmm-handler.c:461)
08/14 20:32:44.095: [gmm] ERROR:     S_NSSAI[SST:2 SD:0xffffff] (../src/amf/gmm-handler.c:464)
08/14 20:32:44.095: [gmm] ERROR: [suci-0-001-01-0000-0-0-0000000011] gmm_handle_security_mode_complete() failed [62] in type [65] (../src/amf/gmm-sm.c:2591)
08/14 20:32:44.095: [amf] WARNING: [suci-0-001-01-0000-0-0-0000000011] Registration reject [62] (../src/amf/nas-path.c:213)
08/14 20:32:44.304: [amf] INFO: UE Context Release [Action:3] (../src/amf/ngap-handler.c:1905)
08/14 20:32:44.304: [amf] INFO:     RAN_UE_NGAP_ID[32] AMF_UE_NGAP_ID[32] (../src/amf/ngap-handler.c:1906)
08/14 20:32:44.304: [amf] INFO:     SUCI[suci-0-001-01-0000-0-0-0000000011] (../src/amf/ngap-handler.c:1910)
08/14 20:32:44.304: [amf] INFO: [Removed] Number of gNB-UEs is now 0 (../src/amf/context.c:2939)
08/14 20:32:44.304: [amf] INFO: [Removed] Number of AMF-UEs is now 0 (../src/amf/context.c:1799)
08/14 20:32:55.094: [amf] INFO: InitialUEMessage (../src/amf/ngap-handler.c:612)
08/14 20:32:55.094: [amf] INFO: [Added] Number of gNB-UEs is now 1 (../src/amf/context.c:2932)
08/14 20:32:55.094: [amf] INFO:     RAN_UE_NGAP_ID[33] AMF_UE_NGAP_ID[33] TAC[2] CellID[0xa] (../src/amf/ngap-handler.c:815)
08/14 20:32:55.094: [amf] INFO: [suci-0-001-01-0000-0-0-0000000011] Unknown UE by SUCI (../src/amf/context.c:1934)
08/14 20:32:55.094: [amf] INFO: [Added] Number of AMF-UEs is now 1 (../src/amf/context.c:1699)
08/14 20:32:55.094: [gmm] INFO: Registration request (../src/amf/gmm-sm.c:1670)
08/14 20:32:55.094: [gmm] INFO: [suci-0-001-01-0000-0-0-0000000011]    SUCI (../src/amf/gmm-handler.c:186)
08/14 20:32:55.095: [sbi] INFO: [dc6c5fe2-9807-41f1-b1f7-c7bb735e7c1d] Setup NF Instance [type:AUSF] (../lib/sbi/path.c:349)
08/14 20:32:55.098: [amf] INFO: Setup NF EndPoint(addr) [172.22.0.11:7777] (../src/amf/nausf-handler.c:130)
08/14 20:32:55.103: [gmm] ERROR: Cannot find Requested NSSAI [1] (../src/amf/gmm-handler.c:458)
08/14 20:32:55.103: [gmm] ERROR:     PLMN_ID[MCC:1 MNC:1] (../src/amf/gmm-handler.c:461)
08/14 20:32:55.103: [gmm] ERROR:     S_NSSAI[SST:2 SD:0xffffff] (../src/amf/gmm-handler.c:464)
08/14 20:32:55.103: [gmm] ERROR: [suci-0-001-01-0000-0-0-0000000011] gmm_handle_security_mode_complete() failed [62] in type [65] (../src/amf/gmm-sm.c:2591)
08/14 20:32:55.103: [amf] WARNING: [suci-0-001-01-0000-0-0-0000000011] Registration reject [62] (../src/amf/nas-path.c:213)
08/14 20:32:55.312: [amf] INFO: UE Context Release [Action:3] (../src/amf/ngap-handler.c:1905)
08/14 20:32:55.312: [amf] INFO:     RAN_UE_NGAP_ID[33] AMF_UE_NGAP_ID[33] (../src/amf/ngap-handler.c:1906)
08/14 20:32:55.312: [amf] INFO:     SUCI[suci-0-001-01-0000-0-0-0000000011] (../src/amf/ngap-handler.c:1910)
08/14 20:32:55.312: [amf] INFO: [Removed] Number of gNB-UEs is now 0 (../src/amf/context.c:2939)
08/14 20:32:55.312: [amf] INFO: [Removed] Number of AMF-UEs is now 0 (../src/amf/context.c:1799)
08/14 20:33:06.106: [amf] INFO: InitialUEMessage (../src/amf/ngap-handler.c:612)
08/14 20:33:06.106: [amf] INFO: [Added] Number of gNB-UEs is now 1 (../src/amf/context.c:2932)
08/14 20:33:06.106: [amf] INFO:     RAN_UE_NGAP_ID[34] AMF_UE_NGAP_ID[34] TAC[2] CellID[0xa] (../src/amf/ngap-handler.c:815)
08/14 20:33:06.106: [amf] INFO: [suci-0-001-01-0000-0-0-0000000011] Unknown UE by SUCI (../src/amf/context.c:1934)
08/14 20:33:06.106: [amf] INFO: [Added] Number of AMF-UEs is now 1 (../src/amf/context.c:1699)
08/14 20:33:06.106: [gmm] INFO: Registration request (../src/amf/gmm-sm.c:1670)
08/14 20:33:06.106: [gmm] INFO: [suci-0-001-01-0000-0-0-0000000011]    SUCI (../src/amf/gmm-handler.c:186)
08/14 20:33:06.106: [sbi] INFO: [dc6c5fe2-9807-41f1-b1f7-c7bb735e7c1d] Setup NF Instance [type:AUSF] (../lib/sbi/path.c:349)
08/14 20:33:06.110: [amf] INFO: Setup NF EndPoint(addr) [172.22.0.11:7777] (../src/amf/nausf-handler.c:130)
08/14 20:33:06.115: [gmm] ERROR: Cannot find Requested NSSAI [1] (../src/amf/gmm-handler.c:458)
08/14 20:33:06.115: [gmm] ERROR:     PLMN_ID[MCC:1 MNC:1] (../src/amf/gmm-handler.c:461)
08/14 20:33:06.115: [gmm] ERROR:     S_NSSAI[SST:2 SD:0xffffff] (../src/amf/gmm-handler.c:464)
08/14 20:33:06.115: [gmm] ERROR: [suci-0-001-01-0000-0-0-0000000011] gmm_handle_security_mode_complete() failed [62] in type [65] (../src/amf/gmm-sm.c:2591)
08/14 20:33:06.115: [amf] WARNING: [suci-0-001-01-0000-0-0-0000000011] Registration reject [62] (../src/amf/nas-path.c:213)
08/14 20:33:06.319: [amf] INFO: UE Context Release [Action:3] (../src/amf/ngap-handler.c:1905)
08/14 20:33:06.319: [amf] INFO:     RAN_UE_NGAP_ID[34] AMF_UE_NGAP_ID[34] (../src/amf/ngap-handler.c:1906)
08/14 20:33:06.319: [amf] INFO:     SUCI[suci-0-001-01-0000-0-0-0000000011] (../src/amf/ngap-handler.c:1910)
08/14 20:33:06.319: [amf] INFO: [Removed] Number of gNB-UEs is now 0 (../src/amf/context.c:2939)
08/14 20:33:06.319: [amf] INFO: [Removed] Number of AMF-UEs is now 0 (../src/amf/context.c:1799)
08/14 20:33:17.116: [amf] INFO: InitialUEMessage (../src/amf/ngap-handler.c:612)
08/14 20:33:17.116: [amf] INFO: [Added] Number of gNB-UEs is now 1 (../src/amf/context.c:2932)
08/14 20:33:17.116: [amf] INFO:     RAN_UE_NGAP_ID[35] AMF_UE_NGAP_ID[35] TAC[2] CellID[0xa] (../src/amf/ngap-handler.c:815)
08/14 20:33:17.117: [amf] INFO: [suci-0-001-01-0000-0-0-0000000011] Unknown UE by SUCI (../src/amf/context.c:1934)
08/14 20:33:17.117: [amf] INFO: [Added] Number of AMF-UEs is now 1 (../src/amf/context.c:1699)
08/14 20:33:17.117: [gmm] INFO: Registration request (../src/amf/gmm-sm.c:1670)
08/14 20:33:17.117: [gmm] INFO: [suci-0-001-01-0000-0-0-0000000011]    SUCI (../src/amf/gmm-handler.c:186)
08/14 20:33:17.117: [sbi] INFO: [dc6c5fe2-9807-41f1-b1f7-c7bb735e7c1d] Setup NF Instance [type:AUSF] (../lib/sbi/path.c:349)
08/14 20:33:17.121: [amf] INFO: Setup NF EndPoint(addr) [172.22.0.11:7777] (../src/amf/nausf-handler.c:130)
08/14 20:33:17.127: [gmm] ERROR: Cannot find Requested NSSAI [1] (../src/amf/gmm-handler.c:458)
08/14 20:33:17.127: [gmm] ERROR:     PLMN_ID[MCC:1 MNC:1] (../src/amf/gmm-handler.c:461)
08/14 20:33:17.127: [gmm] ERROR:     S_NSSAI[SST:2 SD:0xffffff] (../src/amf/gmm-handler.c:464)
08/14 20:33:17.127: [gmm] ERROR: [suci-0-001-01-0000-0-0-0000000011] gmm_handle_security_mode_complete() failed [62] in type [65] (../src/amf/gmm-sm.c:2591)
08/14 20:33:17.127: [amf] WARNING: [suci-0-001-01-0000-0-0-0000000011] Registration reject [62] (../src/amf/nas-path.c:213)
08/14 20:33:17.336: [amf] INFO: UE Context Release [Action:3] (../src/amf/ngap-handler.c:1905)
08/14 20:33:17.336: [amf] INFO:     RAN_UE_NGAP_ID[35] AMF_UE_NGAP_ID[35] (../src/amf/ngap-handler.c:1906)
08/14 20:33:17.336: [amf] INFO:     SUCI[suci-0-001-01-0000-0-0-0000000011] (../src/amf/ngap-handler.c:1910)
08/14 20:33:17.336: [amf] INFO: [Removed] Number of gNB-UEs is now 0 (../src/amf/context.c:2939)
08/14 20:33:17.336: [amf] INFO: [Removed] Number of AMF-UEs is now 0 (../src/amf/context.c:1799)
08/14 20:45:17.836: [amf] INFO: InitialUEMessage (../src/amf/ngap-handler.c:612)
08/14 20:45:17.836: [amf] INFO: [Added] Number of gNB-UEs is now 1 (../src/amf/context.c:2932)
08/14 20:45:17.836: [amf] INFO:     RAN_UE_NGAP_ID[36] AMF_UE_NGAP_ID[36] TAC[2] CellID[0xa] (../src/amf/ngap-handler.c:815)
08/14 20:45:17.836: [amf] INFO: [suci-0-001-01-0000-0-0-0000000011] Unknown UE by SUCI (../src/amf/context.c:1934)
08/14 20:45:17.836: [amf] INFO: [Added] Number of AMF-UEs is now 1 (../src/amf/context.c:1699)
08/14 20:45:17.836: [gmm] INFO: Registration request (../src/amf/gmm-sm.c:1670)
08/14 20:45:17.836: [gmm] INFO: [suci-0-001-01-0000-0-0-0000000011]    SUCI (../src/amf/gmm-handler.c:186)
08/14 20:45:17.836: [sbi] INFO: [dc6c5fe2-9807-41f1-b1f7-c7bb735e7c1d] Setup NF Instance [type:AUSF] (../lib/sbi/path.c:349)
08/14 20:45:17.842: [amf] INFO: Setup NF EndPoint(addr) [172.22.0.11:7777] (../src/amf/nausf-handler.c:130)
08/14 20:45:17.848: [gmm] ERROR: Cannot find Requested NSSAI [1] (../src/amf/gmm-handler.c:458)
08/14 20:45:17.848: [gmm] ERROR:     PLMN_ID[MCC:1 MNC:1] (../src/amf/gmm-handler.c:461)
08/14 20:45:17.848: [gmm] ERROR:     S_NSSAI[SST:2 SD:0xffffff] (../src/amf/gmm-handler.c:464)
08/14 20:45:17.848: [gmm] ERROR: [suci-0-001-01-0000-0-0-0000000011] gmm_handle_security_mode_complete() failed [62] in type [65] (../src/amf/gmm-sm.c:2591)
08/14 20:45:17.848: [amf] WARNING: [suci-0-001-01-0000-0-0-0000000011] Registration reject [62] (../src/amf/nas-path.c:213)
08/14 20:45:18.056: [amf] INFO: UE Context Release [Action:3] (../src/amf/ngap-handler.c:1905)
08/14 20:45:18.056: [amf] INFO:     RAN_UE_NGAP_ID[36] AMF_UE_NGAP_ID[36] (../src/amf/ngap-handler.c:1906)
08/14 20:45:18.056: [amf] INFO:     SUCI[suci-0-001-01-0000-0-0-0000000011] (../src/amf/ngap-handler.c:1910)
08/14 20:45:18.057: [amf] INFO: [Removed] Number of gNB-UEs is now 0 (../src/amf/context.c:2939)
08/14 20:45:18.057: [amf] INFO: [Removed] Number of AMF-UEs is now 0 (../src/amf/context.c:1799)
08/14 20:45:28.849: [amf] INFO: InitialUEMessage (../src/amf/ngap-handler.c:612)
08/14 20:45:28.849: [amf] INFO: [Added] Number of gNB-UEs is now 1 (../src/amf/context.c:2932)
08/14 20:45:28.849: [amf] INFO:     RAN_UE_NGAP_ID[37] AMF_UE_NGAP_ID[37] TAC[2] CellID[0xa] (../src/amf/ngap-handler.c:815)
08/14 20:45:28.849: [amf] INFO: [suci-0-001-01-0000-0-0-0000000011] Unknown UE by SUCI (../src/amf/context.c:1934)
08/14 20:45:28.849: [amf] INFO: [Added] Number of AMF-UEs is now 1 (../src/amf/context.c:1699)
08/14 20:45:28.849: [gmm] INFO: Registration request (../src/amf/gmm-sm.c:1670)
08/14 20:45:28.849: [gmm] INFO: [suci-0-001-01-0000-0-0-0000000011]    SUCI (../src/amf/gmm-handler.c:186)
08/14 20:45:28.850: [sbi] INFO: [dc6c5fe2-9807-41f1-b1f7-c7bb735e7c1d] Setup NF Instance [type:AUSF] (../lib/sbi/path.c:349)
08/14 20:45:28.853: [amf] INFO: Setup NF EndPoint(addr) [172.22.0.11:7777] (../src/amf/nausf-handler.c:130)
08/14 20:45:28.860: [gmm] ERROR: Cannot find Requested NSSAI [1] (../src/amf/gmm-handler.c:458)
08/14 20:45:28.860: [gmm] ERROR:     PLMN_ID[MCC:1 MNC:1] (../src/amf/gmm-handler.c:461)
08/14 20:45:28.860: [gmm] ERROR:     S_NSSAI[SST:2 SD:0xffffff] (../src/amf/gmm-handler.c:464)
08/14 20:45:28.860: [gmm] ERROR: [suci-0-001-01-0000-0-0-0000000011] gmm_handle_security_mode_complete() failed [62] in type [65] (../src/amf/gmm-sm.c:2591)
08/14 20:45:28.860: [amf] WARNING: [suci-0-001-01-0000-0-0-0000000011] Registration reject [62] (../src/amf/nas-path.c:213)
08/14 20:45:29.064: [amf] INFO: UE Context Release [Action:3] (../src/amf/ngap-handler.c:1905)
08/14 20:45:29.064: [amf] INFO:     RAN_UE_NGAP_ID[37] AMF_UE_NGAP_ID[37] (../src/amf/ngap-handler.c:1906)
08/14 20:45:29.064: [amf] INFO:     SUCI[suci-0-001-01-0000-0-0-0000000011] (../src/amf/ngap-handler.c:1910)
08/14 20:45:29.064: [amf] INFO: [Removed] Number of gNB-UEs is now 0 (../src/amf/context.c:2939)
08/14 20:45:29.064: [amf] INFO: [Removed] Number of AMF-UEs is now 0 (../src/amf/context.c:1799)
08/14 20:45:39.861: [amf] INFO: InitialUEMessage (../src/amf/ngap-handler.c:612)
08/14 20:45:39.861: [amf] INFO: [Added] Number of gNB-UEs is now 1 (../src/amf/context.c:2932)
08/14 20:45:39.861: [amf] INFO:     RAN_UE_NGAP_ID[38] AMF_UE_NGAP_ID[38] TAC[2] CellID[0xa] (../src/amf/ngap-handler.c:815)
08/14 20:45:39.861: [amf] INFO: [suci-0-001-01-0000-0-0-0000000011] Unknown UE by SUCI (../src/amf/context.c:1934)
08/14 20:45:39.861: [amf] INFO: [Added] Number of AMF-UEs is now 1 (../src/amf/context.c:1699)
08/14 20:45:39.861: [gmm] INFO: Registration request (../src/amf/gmm-sm.c:1670)
08/14 20:45:39.861: [gmm] INFO: [suci-0-001-01-0000-0-0-0000000011]    SUCI (../src/amf/gmm-handler.c:186)
08/14 20:45:39.861: [sbi] INFO: [dc6c5fe2-9807-41f1-b1f7-c7bb735e7c1d] Setup NF Instance [type:AUSF] (../lib/sbi/path.c:349)
08/14 20:45:39.866: [amf] INFO: Setup NF EndPoint(addr) [172.22.0.11:7777] (../src/amf/nausf-handler.c:130)
08/14 20:45:39.874: [gmm] ERROR: Cannot find Requested NSSAI [1] (../src/amf/gmm-handler.c:458)
08/14 20:45:39.874: [gmm] ERROR:     PLMN_ID[MCC:1 MNC:1] (../src/amf/gmm-handler.c:461)
08/14 20:45:39.874: [gmm] ERROR:     S_NSSAI[SST:2 SD:0xffffff] (../src/amf/gmm-handler.c:464)
08/14 20:45:39.874: [gmm] ERROR: [suci-0-001-01-0000-0-0-0000000011] gmm_handle_security_mode_complete() failed [62] in type [65] (../src/amf/gmm-sm.c:2591)
08/14 20:45:39.874: [amf] WARNING: [suci-0-001-01-0000-0-0-0000000011] Registration reject [62] (../src/amf/nas-path.c:213)
08/14 20:45:40.080: [amf] INFO: UE Context Release [Action:3] (../src/amf/ngap-handler.c:1905)
08/14 20:45:40.081: [amf] INFO:     RAN_UE_NGAP_ID[38] AMF_UE_NGAP_ID[38] (../src/amf/ngap-handler.c:1906)
08/14 20:45:40.081: [amf] INFO:     SUCI[suci-0-001-01-0000-0-0-0000000011] (../src/amf/ngap-handler.c:1910)
08/14 20:45:40.081: [amf] INFO: [Removed] Number of gNB-UEs is now 0 (../src/amf/context.c:2939)
08/14 20:45:40.081: [amf] INFO: [Removed] Number of AMF-UEs is now 0 (../src/amf/context.c:1799)
08/14 20:45:50.871: [amf] INFO: InitialUEMessage (../src/amf/ngap-handler.c:612)
08/14 20:45:50.871: [amf] INFO: [Added] Number of gNB-UEs is now 1 (../src/amf/context.c:2932)
08/14 20:45:50.871: [amf] INFO:     RAN_UE_NGAP_ID[39] AMF_UE_NGAP_ID[39] TAC[2] CellID[0xa] (../src/amf/ngap-handler.c:815)
08/14 20:45:50.871: [amf] INFO: [suci-0-001-01-0000-0-0-0000000011] Unknown UE by SUCI (../src/amf/context.c:1934)
08/14 20:45:50.871: [amf] INFO: [Added] Number of AMF-UEs is now 1 (../src/amf/context.c:1699)
08/14 20:45:50.871: [gmm] INFO: Registration request (../src/amf/gmm-sm.c:1670)
08/14 20:45:50.871: [gmm] INFO: [suci-0-001-01-0000-0-0-0000000011]    SUCI (../src/amf/gmm-handler.c:186)
08/14 20:45:50.871: [sbi] INFO: [dc6c5fe2-9807-41f1-b1f7-c7bb735e7c1d] Setup NF Instance [type:AUSF] (../lib/sbi/path.c:349)
08/14 20:45:50.875: [amf] INFO: Setup NF EndPoint(addr) [172.22.0.11:7777] (../src/amf/nausf-handler.c:130)
08/14 20:45:50.881: [gmm] ERROR: Cannot find Requested NSSAI [1] (../src/amf/gmm-handler.c:458)
08/14 20:45:50.881: [gmm] ERROR:     PLMN_ID[MCC:1 MNC:1] (../src/amf/gmm-handler.c:461)
08/14 20:45:50.881: [gmm] ERROR:     S_NSSAI[SST:2 SD:0xffffff] (../src/amf/gmm-handler.c:464)
08/14 20:45:50.881: [gmm] ERROR: [suci-0-001-01-0000-0-0-0000000011] gmm_handle_security_mode_complete() failed [62] in type [65] (../src/amf/gmm-sm.c:2591)
08/14 20:45:50.881: [amf] WARNING: [suci-0-001-01-0000-0-0-0000000011] Registration reject [62] (../src/amf/nas-path.c:213)
08/14 20:45:51.088: [amf] INFO: UE Context Release [Action:3] (../src/amf/ngap-handler.c:1905)
08/14 20:45:51.088: [amf] INFO:     RAN_UE_NGAP_ID[39] AMF_UE_NGAP_ID[39] (../src/amf/ngap-handler.c:1906)
08/14 20:45:51.088: [amf] INFO:     SUCI[suci-0-001-01-0000-0-0-0000000011] (../src/amf/ngap-handler.c:1910)
08/14 20:45:51.088: [amf] INFO: [Removed] Number of gNB-UEs is now 0 (../src/amf/context.c:2939)
08/14 20:45:51.088: [amf] INFO: [Removed] Number of AMF-UEs is now 0 (../src/amf/context.c:1799)
08/14 20:46:01.881: [amf] INFO: InitialUEMessage (../src/amf/ngap-handler.c:612)
08/14 20:46:01.881: [amf] INFO: [Added] Number of gNB-UEs is now 1 (../src/amf/context.c:2932)
08/14 20:46:01.881: [amf] INFO:     RAN_UE_NGAP_ID[40] AMF_UE_NGAP_ID[40] TAC[2] CellID[0xa] (../src/amf/ngap-handler.c:815)
08/14 20:46:01.881: [amf] INFO: [suci-0-001-01-0000-0-0-0000000011] Unknown UE by SUCI (../src/amf/context.c:1934)
08/14 20:46:01.881: [amf] INFO: [Added] Number of AMF-UEs is now 1 (../src/amf/context.c:1699)
08/14 20:46:01.881: [gmm] INFO: Registration request (../src/amf/gmm-sm.c:1670)
08/14 20:46:01.881: [gmm] INFO: [suci-0-001-01-0000-0-0-0000000011]    SUCI (../src/amf/gmm-handler.c:186)
08/14 20:46:01.881: [sbi] INFO: [dc6c5fe2-9807-41f1-b1f7-c7bb735e7c1d] Setup NF Instance [type:AUSF] (../lib/sbi/path.c:349)
08/14 20:46:01.887: [amf] INFO: Setup NF EndPoint(addr) [172.22.0.11:7777] (../src/amf/nausf-handler.c:130)
08/14 20:46:01.893: [gmm] ERROR: Cannot find Requested NSSAI [1] (../src/amf/gmm-handler.c:458)
08/14 20:46:01.893: [gmm] ERROR:     PLMN_ID[MCC:1 MNC:1] (../src/amf/gmm-handler.c:461)
08/14 20:46:01.893: [gmm] ERROR:     S_NSSAI[SST:2 SD:0xffffff] (../src/amf/gmm-handler.c:464)
08/14 20:46:01.893: [gmm] ERROR: [suci-0-001-01-0000-0-0-0000000011] gmm_handle_security_mode_complete() failed [62] in type [65] (../src/amf/gmm-sm.c:2591)
08/14 20:46:01.893: [amf] WARNING: [suci-0-001-01-0000-0-0-0000000011] Registration reject [62] (../src/amf/nas-path.c:213)
08/14 20:46:02.096: [amf] INFO: UE Context Release [Action:3] (../src/amf/ngap-handler.c:1905)
08/14 20:46:02.096: [amf] INFO:     RAN_UE_NGAP_ID[40] AMF_UE_NGAP_ID[40] (../src/amf/ngap-handler.c:1906)
08/14 20:46:02.096: [amf] INFO:     SUCI[suci-0-001-01-0000-0-0-0000000011] (../src/amf/ngap-handler.c:1910)
08/14 20:46:02.096: [amf] INFO: [Removed] Number of gNB-UEs is now 0 (../src/amf/context.c:2939)
08/14 20:46:02.096: [amf] INFO: [Removed] Number of AMF-UEs is now 0 (../src/amf/context.c:1799)
08/14 20:58:02.602: [amf] INFO: InitialUEMessage (../src/amf/ngap-handler.c:612)
08/14 20:58:02.602: [amf] INFO: [Added] Number of gNB-UEs is now 1 (../src/amf/context.c:2932)
08/14 20:58:02.602: [amf] INFO:     RAN_UE_NGAP_ID[41] AMF_UE_NGAP_ID[41] TAC[2] CellID[0xa] (../src/amf/ngap-handler.c:815)
08/14 20:58:02.603: [amf] INFO: [suci-0-001-01-0000-0-0-0000000011] Unknown UE by SUCI (../src/amf/context.c:1934)
08/14 20:58:02.603: [amf] INFO: [Added] Number of AMF-UEs is now 1 (../src/amf/context.c:1699)
08/14 20:58:02.603: [gmm] INFO: Registration request (../src/amf/gmm-sm.c:1670)
08/14 20:58:02.603: [gmm] INFO: [suci-0-001-01-0000-0-0-0000000011]    SUCI (../src/amf/gmm-handler.c:186)
08/14 20:58:02.603: [sbi] INFO: [dc6c5fe2-9807-41f1-b1f7-c7bb735e7c1d] Setup NF Instance [type:AUSF] (../lib/sbi/path.c:349)
08/14 20:58:02.608: [amf] INFO: Setup NF EndPoint(addr) [172.22.0.11:7777] (../src/amf/nausf-handler.c:130)
08/14 20:58:02.616: [gmm] ERROR: Cannot find Requested NSSAI [1] (../src/amf/gmm-handler.c:458)
08/14 20:58:02.616: [gmm] ERROR:     PLMN_ID[MCC:1 MNC:1] (../src/amf/gmm-handler.c:461)
08/14 20:58:02.616: [gmm] ERROR:     S_NSSAI[SST:2 SD:0xffffff] (../src/amf/gmm-handler.c:464)
08/14 20:58:02.616: [gmm] ERROR: [suci-0-001-01-0000-0-0-0000000011] gmm_handle_security_mode_complete() failed [62] in type [65] (../src/amf/gmm-sm.c:2591)
08/14 20:58:02.616: [amf] WARNING: [suci-0-001-01-0000-0-0-0000000011] Registration reject [62] (../src/amf/nas-path.c:213)
08/14 20:58:02.823: [amf] INFO: UE Context Release [Action:3] (../src/amf/ngap-handler.c:1905)
08/14 20:58:02.823: [amf] INFO:     RAN_UE_NGAP_ID[41] AMF_UE_NGAP_ID[41] (../src/amf/ngap-handler.c:1906)
08/14 20:58:02.823: [amf] INFO:     SUCI[suci-0-001-01-0000-0-0-0000000011] (../src/amf/ngap-handler.c:1910)
08/14 20:58:02.823: [amf] INFO: [Removed] Number of gNB-UEs is now 0 (../src/amf/context.c:2939)
08/14 20:58:02.823: [amf] INFO: [Removed] Number of AMF-UEs is now 0 (../src/amf/context.c:1799)
08/14 20:58:13.613: [amf] INFO: InitialUEMessage (../src/amf/ngap-handler.c:612)
08/14 20:58:13.613: [amf] INFO: [Added] Number of gNB-UEs is now 1 (../src/amf/context.c:2932)
08/14 20:58:13.614: [amf] INFO:     RAN_UE_NGAP_ID[42] AMF_UE_NGAP_ID[42] TAC[2] CellID[0xa] (../src/amf/ngap-handler.c:815)
08/14 20:58:13.614: [amf] INFO: [suci-0-001-01-0000-0-0-0000000011] Unknown UE by SUCI (../src/amf/context.c:1934)
08/14 20:58:13.614: [amf] INFO: [Added] Number of AMF-UEs is now 1 (../src/amf/context.c:1699)
08/14 20:58:13.614: [gmm] INFO: Registration request (../src/amf/gmm-sm.c:1670)
08/14 20:58:13.614: [gmm] INFO: [suci-0-001-01-0000-0-0-0000000011]    SUCI (../src/amf/gmm-handler.c:186)
08/14 20:58:13.614: [sbi] INFO: [dc6c5fe2-9807-41f1-b1f7-c7bb735e7c1d] Setup NF Instance [type:AUSF] (../lib/sbi/path.c:349)
08/14 20:58:13.619: [amf] INFO: Setup NF EndPoint(addr) [172.22.0.11:7777] (../src/amf/nausf-handler.c:130)
08/14 20:58:13.624: [gmm] ERROR: Cannot find Requested NSSAI [1] (../src/amf/gmm-handler.c:458)
08/14 20:58:13.624: [gmm] ERROR:     PLMN_ID[MCC:1 MNC:1] (../src/amf/gmm-handler.c:461)
08/14 20:58:13.624: [gmm] ERROR:     S_NSSAI[SST:2 SD:0xffffff] (../src/amf/gmm-handler.c:464)
08/14 20:58:13.624: [gmm] ERROR: [suci-0-001-01-0000-0-0-0000000011] gmm_handle_security_mode_complete() failed [62] in type [65] (../src/amf/gmm-sm.c:2591)
08/14 20:58:13.624: [amf] WARNING: [suci-0-001-01-0000-0-0-0000000011] Registration reject [62] (../src/amf/nas-path.c:213)
08/14 20:58:13.832: [amf] INFO: UE Context Release [Action:3] (../src/amf/ngap-handler.c:1905)
08/14 20:58:13.832: [amf] INFO:     RAN_UE_NGAP_ID[42] AMF_UE_NGAP_ID[42] (../src/amf/ngap-handler.c:1906)
08/14 20:58:13.832: [amf] INFO:     SUCI[suci-0-001-01-0000-0-0-0000000011] (../src/amf/ngap-handler.c:1910)
08/14 20:58:13.832: [amf] INFO: [Removed] Number of gNB-UEs is now 0 (../src/amf/context.c:2939)
08/14 20:58:13.832: [amf] INFO: [Removed] Number of AMF-UEs is now 0 (../src/amf/context.c:1799)
08/14 20:58:24.623: [amf] INFO: InitialUEMessage (../src/amf/ngap-handler.c:612)
08/14 20:58:24.624: [amf] INFO: [Added] Number of gNB-UEs is now 1 (../src/amf/context.c:2932)
08/14 20:58:24.624: [amf] INFO:     RAN_UE_NGAP_ID[43] AMF_UE_NGAP_ID[43] TAC[2] CellID[0xa] (../src/amf/ngap-handler.c:815)
08/14 20:58:24.624: [amf] INFO: [suci-0-001-01-0000-0-0-0000000011] Unknown UE by SUCI (../src/amf/context.c:1934)
08/14 20:58:24.624: [amf] INFO: [Added] Number of AMF-UEs is now 1 (../src/amf/context.c:1699)
08/14 20:58:24.624: [gmm] INFO: Registration request (../src/amf/gmm-sm.c:1670)
08/14 20:58:24.624: [gmm] INFO: [suci-0-001-01-0000-0-0-0000000011]    SUCI (../src/amf/gmm-handler.c:186)
08/14 20:58:24.624: [sbi] INFO: [dc6c5fe2-9807-41f1-b1f7-c7bb735e7c1d] Setup NF Instance [type:AUSF] (../lib/sbi/path.c:349)
08/14 20:58:24.628: [amf] INFO: Setup NF EndPoint(addr) [172.22.0.11:7777] (../src/amf/nausf-handler.c:130)
08/14 20:58:24.636: [gmm] ERROR: Cannot find Requested NSSAI [1] (../src/amf/gmm-handler.c:458)
08/14 20:58:24.636: [gmm] ERROR:     PLMN_ID[MCC:1 MNC:1] (../src/amf/gmm-handler.c:461)
08/14 20:58:24.636: [gmm] ERROR:     S_NSSAI[SST:2 SD:0xffffff] (../src/amf/gmm-handler.c:464)
08/14 20:58:24.636: [gmm] ERROR: [suci-0-001-01-0000-0-0-0000000011] gmm_handle_security_mode_complete() failed [62] in type [65] (../src/amf/gmm-sm.c:2591)
08/14 20:58:24.636: [amf] WARNING: [suci-0-001-01-0000-0-0-0000000011] Registration reject [62] (../src/amf/nas-path.c:213)
08/14 20:58:24.840: [amf] INFO: UE Context Release [Action:3] (../src/amf/ngap-handler.c:1905)
08/14 20:58:24.840: [amf] INFO:     RAN_UE_NGAP_ID[43] AMF_UE_NGAP_ID[43] (../src/amf/ngap-handler.c:1906)
08/14 20:58:24.840: [amf] INFO:     SUCI[suci-0-001-01-0000-0-0-0000000011] (../src/amf/ngap-handler.c:1910)
08/14 20:58:24.840: [amf] INFO: [Removed] Number of gNB-UEs is now 0 (../src/amf/context.c:2939)
08/14 20:58:24.840: [amf] INFO: [Removed] Number of AMF-UEs is now 0 (../src/amf/context.c:1799)
08/14 20:58:35.636: [amf] INFO: InitialUEMessage (../src/amf/ngap-handler.c:612)
08/14 20:58:35.636: [amf] INFO: [Added] Number of gNB-UEs is now 1 (../src/amf/context.c:2932)
08/14 20:58:35.636: [amf] INFO:     RAN_UE_NGAP_ID[44] AMF_UE_NGAP_ID[44] TAC[2] CellID[0xa] (../src/amf/ngap-handler.c:815)
08/14 20:58:35.636: [amf] INFO: [suci-0-001-01-0000-0-0-0000000011] Unknown UE by SUCI (../src/amf/context.c:1934)
08/14 20:58:35.636: [amf] INFO: [Added] Number of AMF-UEs is now 1 (../src/amf/context.c:1699)
08/14 20:58:35.636: [gmm] INFO: Registration request (../src/amf/gmm-sm.c:1670)
08/14 20:58:35.636: [gmm] INFO: [suci-0-001-01-0000-0-0-0000000011]    SUCI (../src/amf/gmm-handler.c:186)
08/14 20:58:35.636: [sbi] INFO: [dc6c5fe2-9807-41f1-b1f7-c7bb735e7c1d] Setup NF Instance [type:AUSF] (../lib/sbi/path.c:349)
08/14 20:58:35.641: [amf] INFO: Setup NF EndPoint(addr) [172.22.0.11:7777] (../src/amf/nausf-handler.c:130)
08/14 20:58:35.647: [gmm] ERROR: Cannot find Requested NSSAI [1] (../src/amf/gmm-handler.c:458)
08/14 20:58:35.647: [gmm] ERROR:     PLMN_ID[MCC:1 MNC:1] (../src/amf/gmm-handler.c:461)
08/14 20:58:35.647: [gmm] ERROR:     S_NSSAI[SST:2 SD:0xffffff] (../src/amf/gmm-handler.c:464)
08/14 20:58:35.647: [gmm] ERROR: [suci-0-001-01-0000-0-0-0000000011] gmm_handle_security_mode_complete() failed [62] in type [65] (../src/amf/gmm-sm.c:2591)
08/14 20:58:35.647: [amf] WARNING: [suci-0-001-01-0000-0-0-0000000011] Registration reject [62] (../src/amf/nas-path.c:213)
08/14 20:58:35.855: [amf] INFO: UE Context Release [Action:3] (../src/amf/ngap-handler.c:1905)
08/14 20:58:35.856: [amf] INFO:     RAN_UE_NGAP_ID[44] AMF_UE_NGAP_ID[44] (../src/amf/ngap-handler.c:1906)
08/14 20:58:35.856: [amf] INFO:     SUCI[suci-0-001-01-0000-0-0-0000000011] (../src/amf/ngap-handler.c:1910)
08/14 20:58:35.856: [amf] INFO: [Removed] Number of gNB-UEs is now 0 (../src/amf/context.c:2939)
08/14 20:58:35.856: [amf] INFO: [Removed] Number of AMF-UEs is now 0 (../src/amf/context.c:1799)
08/14 20:58:46.646: [amf] INFO: InitialUEMessage (../src/amf/ngap-handler.c:612)
08/14 20:58:46.646: [amf] INFO: [Added] Number of gNB-UEs is now 1 (../src/amf/context.c:2932)
08/14 20:58:46.646: [amf] INFO:     RAN_UE_NGAP_ID[45] AMF_UE_NGAP_ID[45] TAC[2] CellID[0xa] (../src/amf/ngap-handler.c:815)
08/14 20:58:46.646: [amf] INFO: [suci-0-001-01-0000-0-0-0000000011] Unknown UE by SUCI (../src/amf/context.c:1934)
08/14 20:58:46.646: [amf] INFO: [Added] Number of AMF-UEs is now 1 (../src/amf/context.c:1699)
08/14 20:58:46.646: [gmm] INFO: Registration request (../src/amf/gmm-sm.c:1670)
08/14 20:58:46.646: [gmm] INFO: [suci-0-001-01-0000-0-0-0000000011]    SUCI (../src/amf/gmm-handler.c:186)
08/14 20:58:46.646: [sbi] INFO: [dc6c5fe2-9807-41f1-b1f7-c7bb735e7c1d] Setup NF Instance [type:AUSF] (../lib/sbi/path.c:349)
08/14 20:58:46.653: [amf] INFO: Setup NF EndPoint(addr) [172.22.0.11:7777] (../src/amf/nausf-handler.c:130)
08/14 20:58:46.659: [gmm] ERROR: Cannot find Requested NSSAI [1] (../src/amf/gmm-handler.c:458)
08/14 20:58:46.659: [gmm] ERROR:     PLMN_ID[MCC:1 MNC:1] (../src/amf/gmm-handler.c:461)
08/14 20:58:46.659: [gmm] ERROR:     S_NSSAI[SST:2 SD:0xffffff] (../src/amf/gmm-handler.c:464)
08/14 20:58:46.659: [gmm] ERROR: [suci-0-001-01-0000-0-0-0000000011] gmm_handle_security_mode_complete() failed [62] in type [65] (../src/amf/gmm-sm.c:2591)
08/14 20:58:46.659: [amf] WARNING: [suci-0-001-01-0000-0-0-0000000011] Registration reject [62] (../src/amf/nas-path.c:213)
08/14 20:58:46.864: [amf] INFO: UE Context Release [Action:3] (../src/amf/ngap-handler.c:1905)
08/14 20:58:46.864: [amf] INFO:     RAN_UE_NGAP_ID[45] AMF_UE_NGAP_ID[45] (../src/amf/ngap-handler.c:1906)
08/14 20:58:46.864: [amf] INFO:     SUCI[suci-0-001-01-0000-0-0-0000000011] (../src/amf/ngap-handler.c:1910)
08/14 20:58:46.864: [amf] INFO: [Removed] Number of gNB-UEs is now 0 (../src/amf/context.c:2939)
08/14 20:58:46.864: [amf] INFO: [Removed] Number of AMF-UEs is now 0 (../src/amf/context.c:1799)
08/14 21:10:47.367: [amf] INFO: InitialUEMessage (../src/amf/ngap-handler.c:612)
08/14 21:10:47.367: [amf] INFO: [Added] Number of gNB-UEs is now 1 (../src/amf/context.c:2932)
08/14 21:10:47.367: [amf] INFO:     RAN_UE_NGAP_ID[46] AMF_UE_NGAP_ID[46] TAC[2] CellID[0xa] (../src/amf/ngap-handler.c:815)
08/14 21:10:47.367: [amf] INFO: [suci-0-001-01-0000-0-0-0000000011] Unknown UE by SUCI (../src/amf/context.c:1934)
08/14 21:10:47.367: [amf] INFO: [Added] Number of AMF-UEs is now 1 (../src/amf/context.c:1699)
08/14 21:10:47.367: [gmm] INFO: Registration request (../src/amf/gmm-sm.c:1670)
08/14 21:10:47.367: [gmm] INFO: [suci-0-001-01-0000-0-0-0000000011]    SUCI (../src/amf/gmm-handler.c:186)
08/14 21:10:47.367: [sbi] INFO: [dc6c5fe2-9807-41f1-b1f7-c7bb735e7c1d] Setup NF Instance [type:AUSF] (../lib/sbi/path.c:349)
08/14 21:10:47.371: [amf] INFO: Setup NF EndPoint(addr) [172.22.0.11:7777] (../src/amf/nausf-handler.c:130)
08/14 21:10:47.379: [gmm] ERROR: Cannot find Requested NSSAI [1] (../src/amf/gmm-handler.c:458)
08/14 21:10:47.379: [gmm] ERROR:     PLMN_ID[MCC:1 MNC:1] (../src/amf/gmm-handler.c:461)
08/14 21:10:47.379: [gmm] ERROR:     S_NSSAI[SST:2 SD:0xffffff] (../src/amf/gmm-handler.c:464)
08/14 21:10:47.379: [gmm] ERROR: [suci-0-001-01-0000-0-0-0000000011] gmm_handle_security_mode_complete() failed [62] in type [65] (../src/amf/gmm-sm.c:2591)
08/14 21:10:47.379: [amf] WARNING: [suci-0-001-01-0000-0-0-0000000011] Registration reject [62] (../src/amf/nas-path.c:213)
08/14 21:10:47.583: [amf] INFO: UE Context Release [Action:3] (../src/amf/ngap-handler.c:1905)
08/14 21:10:47.583: [amf] INFO:     RAN_UE_NGAP_ID[46] AMF_UE_NGAP_ID[46] (../src/amf/ngap-handler.c:1906)
08/14 21:10:47.583: [amf] INFO:     SUCI[suci-0-001-01-0000-0-0-0000000011] (../src/amf/ngap-handler.c:1910)
08/14 21:10:47.584: [amf] INFO: [Removed] Number of gNB-UEs is now 0 (../src/amf/context.c:2939)
08/14 21:10:47.584: [amf] INFO: [Removed] Number of AMF-UEs is now 0 (../src/amf/context.c:1799)
08/14 21:10:58.379: [amf] INFO: InitialUEMessage (../src/amf/ngap-handler.c:612)
08/14 21:10:58.379: [amf] INFO: [Added] Number of gNB-UEs is now 1 (../src/amf/context.c:2932)
08/14 21:10:58.379: [amf] INFO:     RAN_UE_NGAP_ID[47] AMF_UE_NGAP_ID[47] TAC[2] CellID[0xa] (../src/amf/ngap-handler.c:815)
08/14 21:10:58.380: [amf] INFO: [suci-0-001-01-0000-0-0-0000000011] Unknown UE by SUCI (../src/amf/context.c:1934)
08/14 21:10:58.380: [amf] INFO: [Added] Number of AMF-UEs is now 1 (../src/amf/context.c:1699)
08/14 21:10:58.380: [gmm] INFO: Registration request (../src/amf/gmm-sm.c:1670)
08/14 21:10:58.380: [gmm] INFO: [suci-0-001-01-0000-0-0-0000000011]    SUCI (../src/amf/gmm-handler.c:186)
08/14 21:10:58.380: [sbi] INFO: [dc6c5fe2-9807-41f1-b1f7-c7bb735e7c1d] Setup NF Instance [type:AUSF] (../lib/sbi/path.c:349)
08/14 21:10:58.384: [amf] INFO: Setup NF EndPoint(addr) [172.22.0.11:7777] (../src/amf/nausf-handler.c:130)
08/14 21:10:58.391: [gmm] ERROR: Cannot find Requested NSSAI [1] (../src/amf/gmm-handler.c:458)
08/14 21:10:58.391: [gmm] ERROR:     PLMN_ID[MCC:1 MNC:1] (../src/amf/gmm-handler.c:461)
08/14 21:10:58.391: [gmm] ERROR:     S_NSSAI[SST:2 SD:0xffffff] (../src/amf/gmm-handler.c:464)
08/14 21:10:58.391: [gmm] ERROR: [suci-0-001-01-0000-0-0-0000000011] gmm_handle_security_mode_complete() failed [62] in type [65] (../src/amf/gmm-sm.c:2591)
08/14 21:10:58.391: [amf] WARNING: [suci-0-001-01-0000-0-0-0000000011] Registration reject [62] (../src/amf/nas-path.c:213)
08/14 21:10:58.600: [amf] INFO: UE Context Release [Action:3] (../src/amf/ngap-handler.c:1905)
08/14 21:10:58.601: [amf] INFO:     RAN_UE_NGAP_ID[47] AMF_UE_NGAP_ID[47] (../src/amf/ngap-handler.c:1906)
08/14 21:10:58.601: [amf] INFO:     SUCI[suci-0-001-01-0000-0-0-0000000011] (../src/amf/ngap-handler.c:1910)
08/14 21:10:58.601: [amf] INFO: [Removed] Number of gNB-UEs is now 0 (../src/amf/context.c:2939)
08/14 21:10:58.601: [amf] INFO: [Removed] Number of AMF-UEs is now 0 (../src/amf/context.c:1799)
08/14 21:11:09.389: [amf] INFO: InitialUEMessage (../src/amf/ngap-handler.c:612)
08/14 21:11:09.389: [amf] INFO: [Added] Number of gNB-UEs is now 1 (../src/amf/context.c:2932)
08/14 21:11:09.389: [amf] INFO:     RAN_UE_NGAP_ID[48] AMF_UE_NGAP_ID[48] TAC[2] CellID[0xa] (../src/amf/ngap-handler.c:815)
08/14 21:11:09.389: [amf] INFO: [suci-0-001-01-0000-0-0-0000000011] Unknown UE by SUCI (../src/amf/context.c:1934)
08/14 21:11:09.390: [amf] INFO: [Added] Number of AMF-UEs is now 1 (../src/amf/context.c:1699)
08/14 21:11:09.390: [gmm] INFO: Registration request (../src/amf/gmm-sm.c:1670)
08/14 21:11:09.390: [gmm] INFO: [suci-0-001-01-0000-0-0-0000000011]    SUCI (../src/amf/gmm-handler.c:186)
08/14 21:11:09.390: [sbi] INFO: [dc6c5fe2-9807-41f1-b1f7-c7bb735e7c1d] Setup NF Instance [type:AUSF] (../lib/sbi/path.c:349)
08/14 21:11:09.394: [amf] INFO: Setup NF EndPoint(addr) [172.22.0.11:7777] (../src/amf/nausf-handler.c:130)
08/14 21:11:09.404: [gmm] ERROR: Cannot find Requested NSSAI [1] (../src/amf/gmm-handler.c:458)
08/14 21:11:09.404: [gmm] ERROR:     PLMN_ID[MCC:1 MNC:1] (../src/amf/gmm-handler.c:461)
08/14 21:11:09.404: [gmm] ERROR:     S_NSSAI[SST:2 SD:0xffffff] (../src/amf/gmm-handler.c:464)
08/14 21:11:09.404: [gmm] ERROR: [suci-0-001-01-0000-0-0-0000000011] gmm_handle_security_mode_complete() failed [62] in type [65] (../src/amf/gmm-sm.c:2591)
08/14 21:11:09.404: [amf] WARNING: [suci-0-001-01-0000-0-0-0000000011] Registration reject [62] (../src/amf/nas-path.c:213)
08/14 21:11:09.608: [amf] INFO: UE Context Release [Action:3] (../src/amf/ngap-handler.c:1905)
08/14 21:11:09.608: [amf] INFO:     RAN_UE_NGAP_ID[48] AMF_UE_NGAP_ID[48] (../src/amf/ngap-handler.c:1906)
08/14 21:11:09.608: [amf] INFO:     SUCI[suci-0-001-01-0000-0-0-0000000011] (../src/amf/ngap-handler.c:1910)
08/14 21:11:09.608: [amf] INFO: [Removed] Number of gNB-UEs is now 0 (../src/amf/context.c:2939)
08/14 21:11:09.608: [amf] INFO: [Removed] Number of AMF-UEs is now 0 (../src/amf/context.c:1799)
08/14 21:11:20.400: [amf] INFO: InitialUEMessage (../src/amf/ngap-handler.c:612)
08/14 21:11:20.400: [amf] INFO: [Added] Number of gNB-UEs is now 1 (../src/amf/context.c:2932)
08/14 21:11:20.400: [amf] INFO:     RAN_UE_NGAP_ID[49] AMF_UE_NGAP_ID[49] TAC[2] CellID[0xa] (../src/amf/ngap-handler.c:815)
08/14 21:11:20.400: [amf] INFO: [suci-0-001-01-0000-0-0-0000000011] Unknown UE by SUCI (../src/amf/context.c:1934)
08/14 21:11:20.400: [amf] INFO: [Added] Number of AMF-UEs is now 1 (../src/amf/context.c:1699)
08/14 21:11:20.400: [gmm] INFO: Registration request (../src/amf/gmm-sm.c:1670)
08/14 21:11:20.400: [gmm] INFO: [suci-0-001-01-0000-0-0-0000000011]    SUCI (../src/amf/gmm-handler.c:186)
08/14 21:11:20.400: [sbi] INFO: [dc6c5fe2-9807-41f1-b1f7-c7bb735e7c1d] Setup NF Instance [type:AUSF] (../lib/sbi/path.c:349)
08/14 21:11:20.406: [amf] INFO: Setup NF EndPoint(addr) [172.22.0.11:7777] (../src/amf/nausf-handler.c:130)
08/14 21:11:20.413: [gmm] ERROR: Cannot find Requested NSSAI [1] (../src/amf/gmm-handler.c:458)
08/14 21:11:20.413: [gmm] ERROR:     PLMN_ID[MCC:1 MNC:1] (../src/amf/gmm-handler.c:461)
08/14 21:11:20.413: [gmm] ERROR:     S_NSSAI[SST:2 SD:0xffffff] (../src/amf/gmm-handler.c:464)
08/14 21:11:20.413: [gmm] ERROR: [suci-0-001-01-0000-0-0-0000000011] gmm_handle_security_mode_complete() failed [62] in type [65] (../src/amf/gmm-sm.c:2591)
08/14 21:11:20.413: [amf] WARNING: [suci-0-001-01-0000-0-0-0000000011] Registration reject [62] (../src/amf/nas-path.c:213)
08/14 21:11:20.617: [amf] INFO: UE Context Release [Action:3] (../src/amf/ngap-handler.c:1905)
08/14 21:11:20.617: [amf] INFO:     RAN_UE_NGAP_ID[49] AMF_UE_NGAP_ID[49] (../src/amf/ngap-handler.c:1906)
08/14 21:11:20.617: [amf] INFO:     SUCI[suci-0-001-01-0000-0-0-0000000011] (../src/amf/ngap-handler.c:1910)
08/14 21:11:20.617: [amf] INFO: [Removed] Number of gNB-UEs is now 0 (../src/amf/context.c:2939)
08/14 21:11:20.617: [amf] INFO: [Removed] Number of AMF-UEs is now 0 (../src/amf/context.c:1799)
08/14 21:11:31.411: [amf] INFO: InitialUEMessage (../src/amf/ngap-handler.c:612)
08/14 21:11:31.411: [amf] INFO: [Added] Number of gNB-UEs is now 1 (../src/amf/context.c:2932)
08/14 21:11:31.411: [amf] INFO:     RAN_UE_NGAP_ID[50] AMF_UE_NGAP_ID[50] TAC[2] CellID[0xa] (../src/amf/ngap-handler.c:815)
08/14 21:11:31.411: [amf] INFO: [suci-0-001-01-0000-0-0-0000000011] Unknown UE by SUCI (../src/amf/context.c:1934)
08/14 21:11:31.411: [amf] INFO: [Added] Number of AMF-UEs is now 1 (../src/amf/context.c:1699)
08/14 21:11:31.411: [gmm] INFO: Registration request (../src/amf/gmm-sm.c:1670)
08/14 21:11:31.411: [gmm] INFO: [suci-0-001-01-0000-0-0-0000000011]    SUCI (../src/amf/gmm-handler.c:186)
08/14 21:11:31.411: [sbi] INFO: [dc6c5fe2-9807-41f1-b1f7-c7bb735e7c1d] Setup NF Instance [type:AUSF] (../lib/sbi/path.c:349)
08/14 21:11:31.416: [amf] INFO: Setup NF EndPoint(addr) [172.22.0.11:7777] (../src/amf/nausf-handler.c:130)
08/14 21:11:31.421: [gmm] ERROR: Cannot find Requested NSSAI [1] (../src/amf/gmm-handler.c:458)
08/14 21:11:31.421: [gmm] ERROR:     PLMN_ID[MCC:1 MNC:1] (../src/amf/gmm-handler.c:461)
08/14 21:11:31.421: [gmm] ERROR:     S_NSSAI[SST:2 SD:0xffffff] (../src/amf/gmm-handler.c:464)
08/14 21:11:31.421: [gmm] ERROR: [suci-0-001-01-0000-0-0-0000000011] gmm_handle_security_mode_complete() failed [62] in type [65] (../src/amf/gmm-sm.c:2591)
08/14 21:11:31.421: [amf] WARNING: [suci-0-001-01-0000-0-0-0000000011] Registration reject [62] (../src/amf/nas-path.c:213)
08/14 21:11:31.624: [amf] INFO: UE Context Release [Action:3] (../src/amf/ngap-handler.c:1905)
08/14 21:11:31.624: [amf] INFO:     RAN_UE_NGAP_ID[50] AMF_UE_NGAP_ID[50] (../src/amf/ngap-handler.c:1906)
08/14 21:11:31.624: [amf] INFO:     SUCI[suci-0-001-01-0000-0-0-0000000011] (../src/amf/ngap-handler.c:1910)
08/14 21:11:31.624: [amf] INFO: [Removed] Number of gNB-UEs is now 0 (../src/amf/context.c:2939)
08/14 21:11:31.624: [amf] INFO: [Removed] Number of AMF-UEs is now 0 (../src/amf/context.c:1799)
08/14 21:23:32.131: [amf] INFO: InitialUEMessage (../src/amf/ngap-handler.c:612)
08/14 21:23:32.131: [amf] INFO: [Added] Number of gNB-UEs is now 1 (../src/amf/context.c:2932)
08/14 21:23:32.131: [amf] INFO:     RAN_UE_NGAP_ID[51] AMF_UE_NGAP_ID[51] TAC[2] CellID[0xa] (../src/amf/ngap-handler.c:815)
08/14 21:23:32.131: [amf] INFO: [suci-0-001-01-0000-0-0-0000000011] Unknown UE by SUCI (../src/amf/context.c:1934)
08/14 21:23:32.132: [amf] INFO: [Added] Number of AMF-UEs is now 1 (../src/amf/context.c:1699)
08/14 21:23:32.132: [gmm] INFO: Registration request (../src/amf/gmm-sm.c:1670)
08/14 21:23:32.132: [gmm] INFO: [suci-0-001-01-0000-0-0-0000000011]    SUCI (../src/amf/gmm-handler.c:186)
08/14 21:23:32.132: [sbi] INFO: [dc6c5fe2-9807-41f1-b1f7-c7bb735e7c1d] Setup NF Instance [type:AUSF] (../lib/sbi/path.c:349)
08/14 21:23:32.137: [amf] INFO: Setup NF EndPoint(addr) [172.22.0.11:7777] (../src/amf/nausf-handler.c:130)
08/14 21:23:32.143: [gmm] ERROR: Cannot find Requested NSSAI [1] (../src/amf/gmm-handler.c:458)
08/14 21:23:32.143: [gmm] ERROR:     PLMN_ID[MCC:1 MNC:1] (../src/amf/gmm-handler.c:461)
08/14 21:23:32.143: [gmm] ERROR:     S_NSSAI[SST:2 SD:0xffffff] (../src/amf/gmm-handler.c:464)
08/14 21:23:32.143: [gmm] ERROR: [suci-0-001-01-0000-0-0-0000000011] gmm_handle_security_mode_complete() failed [62] in type [65] (../src/amf/gmm-sm.c:2591)
08/14 21:23:32.143: [amf] WARNING: [suci-0-001-01-0000-0-0-0000000011] Registration reject [62] (../src/amf/nas-path.c:213)
08/14 21:23:32.352: [amf] INFO: UE Context Release [Action:3] (../src/amf/ngap-handler.c:1905)
08/14 21:23:32.352: [amf] INFO:     RAN_UE_NGAP_ID[51] AMF_UE_NGAP_ID[51] (../src/amf/ngap-handler.c:1906)
08/14 21:23:32.352: [amf] INFO:     SUCI[suci-0-001-01-0000-0-0-0000000011] (../src/amf/ngap-handler.c:1910)
08/14 21:23:32.352: [amf] INFO: [Removed] Number of gNB-UEs is now 0 (../src/amf/context.c:2939)
08/14 21:23:32.352: [amf] INFO: [Removed] Number of AMF-UEs is now 0 (../src/amf/context.c:1799)
08/14 21:23:43.141: [amf] INFO: InitialUEMessage (../src/amf/ngap-handler.c:612)
08/14 21:23:43.141: [amf] INFO: [Added] Number of gNB-UEs is now 1 (../src/amf/context.c:2932)
08/14 21:23:43.141: [amf] INFO:     RAN_UE_NGAP_ID[52] AMF_UE_NGAP_ID[52] TAC[2] CellID[0xa] (../src/amf/ngap-handler.c:815)
08/14 21:23:43.141: [amf] INFO: [suci-0-001-01-0000-0-0-0000000011] Unknown UE by SUCI (../src/amf/context.c:1934)
08/14 21:23:43.141: [amf] INFO: [Added] Number of AMF-UEs is now 1 (../src/amf/context.c:1699)
08/14 21:23:43.141: [gmm] INFO: Registration request (../src/amf/gmm-sm.c:1670)
08/14 21:23:43.141: [gmm] INFO: [suci-0-001-01-0000-0-0-0000000011]    SUCI (../src/amf/gmm-handler.c:186)
08/14 21:23:43.141: [sbi] INFO: [dc6c5fe2-9807-41f1-b1f7-c7bb735e7c1d] Setup NF Instance [type:AUSF] (../lib/sbi/path.c:349)
08/14 21:23:43.145: [amf] INFO: Setup NF EndPoint(addr) [172.22.0.11:7777] (../src/amf/nausf-handler.c:130)
08/14 21:23:43.150: [gmm] ERROR: Cannot find Requested NSSAI [1] (../src/amf/gmm-handler.c:458)
08/14 21:23:43.150: [gmm] ERROR:     PLMN_ID[MCC:1 MNC:1] (../src/amf/gmm-handler.c:461)
08/14 21:23:43.150: [gmm] ERROR:     S_NSSAI[SST:2 SD:0xffffff] (../src/amf/gmm-handler.c:464)
08/14 21:23:43.150: [gmm] ERROR: [suci-0-001-01-0000-0-0-0000000011] gmm_handle_security_mode_complete() failed [62] in type [65] (../src/amf/gmm-sm.c:2591)
08/14 21:23:43.150: [amf] WARNING: [suci-0-001-01-0000-0-0-0000000011] Registration reject [62] (../src/amf/nas-path.c:213)
08/14 21:23:43.352: [amf] INFO: UE Context Release [Action:3] (../src/amf/ngap-handler.c:1905)
08/14 21:23:43.352: [amf] INFO:     RAN_UE_NGAP_ID[52] AMF_UE_NGAP_ID[52] (../src/amf/ngap-handler.c:1906)
08/14 21:23:43.352: [amf] INFO:     SUCI[suci-0-001-01-0000-0-0-0000000011] (../src/amf/ngap-handler.c:1910)
08/14 21:23:43.352: [amf] INFO: [Removed] Number of gNB-UEs is now 0 (../src/amf/context.c:2939)
08/14 21:23:43.352: [amf] INFO: [Removed] Number of AMF-UEs is now 0 (../src/amf/context.c:1799)
08/14 21:23:54.154: [amf] INFO: InitialUEMessage (../src/amf/ngap-handler.c:612)
08/14 21:23:54.154: [amf] INFO: [Added] Number of gNB-UEs is now 1 (../src/amf/context.c:2932)
08/14 21:23:54.154: [amf] INFO:     RAN_UE_NGAP_ID[53] AMF_UE_NGAP_ID[53] TAC[2] CellID[0xa] (../src/amf/ngap-handler.c:815)
08/14 21:23:54.154: [amf] INFO: [suci-0-001-01-0000-0-0-0000000011] Unknown UE by SUCI (../src/amf/context.c:1934)
08/14 21:23:54.154: [amf] INFO: [Added] Number of AMF-UEs is now 1 (../src/amf/context.c:1699)
08/14 21:23:54.154: [gmm] INFO: Registration request (../src/amf/gmm-sm.c:1670)
08/14 21:23:54.154: [gmm] INFO: [suci-0-001-01-0000-0-0-0000000011]    SUCI (../src/amf/gmm-handler.c:186)
08/14 21:23:54.154: [sbi] INFO: [dc6c5fe2-9807-41f1-b1f7-c7bb735e7c1d] Setup NF Instance [type:AUSF] (../lib/sbi/path.c:349)
08/14 21:23:54.160: [amf] INFO: Setup NF EndPoint(addr) [172.22.0.11:7777] (../src/amf/nausf-handler.c:130)
08/14 21:23:54.167: [gmm] ERROR: Cannot find Requested NSSAI [1] (../src/amf/gmm-handler.c:458)
08/14 21:23:54.167: [gmm] ERROR:     PLMN_ID[MCC:1 MNC:1] (../src/amf/gmm-handler.c:461)
08/14 21:23:54.167: [gmm] ERROR:     S_NSSAI[SST:2 SD:0xffffff] (../src/amf/gmm-handler.c:464)
08/14 21:23:54.167: [gmm] ERROR: [suci-0-001-01-0000-0-0-0000000011] gmm_handle_security_mode_complete() failed [62] in type [65] (../src/amf/gmm-sm.c:2591)
08/14 21:23:54.167: [amf] WARNING: [suci-0-001-01-0000-0-0-0000000011] Registration reject [62] (../src/amf/nas-path.c:213)
08/14 21:23:54.376: [amf] INFO: UE Context Release [Action:3] (../src/amf/ngap-handler.c:1905)
08/14 21:23:54.377: [amf] INFO:     RAN_UE_NGAP_ID[53] AMF_UE_NGAP_ID[53] (../src/amf/ngap-handler.c:1906)
08/14 21:23:54.377: [amf] INFO:     SUCI[suci-0-001-01-0000-0-0-0000000011] (../src/amf/ngap-handler.c:1910)
08/14 21:23:54.377: [amf] INFO: [Removed] Number of gNB-UEs is now 0 (../src/amf/context.c:2939)
08/14 21:23:54.377: [amf] INFO: [Removed] Number of AMF-UEs is now 0 (../src/amf/context.c:1799)
08/14 21:24:05.164: [amf] INFO: InitialUEMessage (../src/amf/ngap-handler.c:612)
08/14 21:24:05.164: [amf] INFO: [Added] Number of gNB-UEs is now 1 (../src/amf/context.c:2932)
08/14 21:24:05.164: [amf] INFO:     RAN_UE_NGAP_ID[54] AMF_UE_NGAP_ID[54] TAC[2] CellID[0xa] (../src/amf/ngap-handler.c:815)
08/14 21:24:05.164: [amf] INFO: [suci-0-001-01-0000-0-0-0000000011] Unknown UE by SUCI (../src/amf/context.c:1934)
08/14 21:24:05.164: [amf] INFO: [Added] Number of AMF-UEs is now 1 (../src/amf/context.c:1699)
08/14 21:24:05.164: [gmm] INFO: Registration request (../src/amf/gmm-sm.c:1670)
08/14 21:24:05.164: [gmm] INFO: [suci-0-001-01-0000-0-0-0000000011]    SUCI (../src/amf/gmm-handler.c:186)
08/14 21:24:05.164: [sbi] INFO: [dc6c5fe2-9807-41f1-b1f7-c7bb735e7c1d] Setup NF Instance [type:AUSF] (../lib/sbi/path.c:349)
08/14 21:24:05.169: [amf] INFO: Setup NF EndPoint(addr) [172.22.0.11:7777] (../src/amf/nausf-handler.c:130)
08/14 21:24:05.175: [gmm] ERROR: Cannot find Requested NSSAI [1] (../src/amf/gmm-handler.c:458)
08/14 21:24:05.175: [gmm] ERROR:     PLMN_ID[MCC:1 MNC:1] (../src/amf/gmm-handler.c:461)
08/14 21:24:05.175: [gmm] ERROR:     S_NSSAI[SST:2 SD:0xffffff] (../src/amf/gmm-handler.c:464)
08/14 21:24:05.175: [gmm] ERROR: [suci-0-001-01-0000-0-0-0000000011] gmm_handle_security_mode_complete() failed [62] in type [65] (../src/amf/gmm-sm.c:2591)
08/14 21:24:05.175: [amf] WARNING: [suci-0-001-01-0000-0-0-0000000011] Registration reject [62] (../src/amf/nas-path.c:213)
08/14 21:24:05.384: [amf] INFO: UE Context Release [Action:3] (../src/amf/ngap-handler.c:1905)
08/14 21:24:05.384: [amf] INFO:     RAN_UE_NGAP_ID[54] AMF_UE_NGAP_ID[54] (../src/amf/ngap-handler.c:1906)
08/14 21:24:05.384: [amf] INFO:     SUCI[suci-0-001-01-0000-0-0-0000000011] (../src/amf/ngap-handler.c:1910)
08/14 21:24:05.384: [amf] INFO: [Removed] Number of gNB-UEs is now 0 (../src/amf/context.c:2939)
08/14 21:24:05.384: [amf] INFO: [Removed] Number of AMF-UEs is now 0 (../src/amf/context.c:1799)
08/14 21:24:16.175: [amf] INFO: InitialUEMessage (../src/amf/ngap-handler.c:612)
08/14 21:24:16.175: [amf] INFO: [Added] Number of gNB-UEs is now 1 (../src/amf/context.c:2932)
08/14 21:24:16.175: [amf] INFO:     RAN_UE_NGAP_ID[55] AMF_UE_NGAP_ID[55] TAC[2] CellID[0xa] (../src/amf/ngap-handler.c:815)
08/14 21:24:16.175: [amf] INFO: [suci-0-001-01-0000-0-0-0000000011] Unknown UE by SUCI (../src/amf/context.c:1934)
08/14 21:24:16.175: [amf] INFO: [Added] Number of AMF-UEs is now 1 (../src/amf/context.c:1699)
08/14 21:24:16.175: [gmm] INFO: Registration request (../src/amf/gmm-sm.c:1670)
08/14 21:24:16.175: [gmm] INFO: [suci-0-001-01-0000-0-0-0000000011]    SUCI (../src/amf/gmm-handler.c:186)
08/14 21:24:16.175: [sbi] INFO: [dc6c5fe2-9807-41f1-b1f7-c7bb735e7c1d] Setup NF Instance [type:AUSF] (../lib/sbi/path.c:349)
08/14 21:24:16.180: [amf] INFO: Setup NF EndPoint(addr) [172.22.0.11:7777] (../src/amf/nausf-handler.c:130)
08/14 21:24:16.186: [gmm] ERROR: Cannot find Requested NSSAI [1] (../src/amf/gmm-handler.c:458)
08/14 21:24:16.186: [gmm] ERROR:     PLMN_ID[MCC:1 MNC:1] (../src/amf/gmm-handler.c:461)
08/14 21:24:16.186: [gmm] ERROR:     S_NSSAI[SST:2 SD:0xffffff] (../src/amf/gmm-handler.c:464)
08/14 21:24:16.186: [gmm] ERROR: [suci-0-001-01-0000-0-0-0000000011] gmm_handle_security_mode_complete() failed [62] in type [65] (../src/amf/gmm-sm.c:2591)
08/14 21:24:16.186: [amf] WARNING: [suci-0-001-01-0000-0-0-0000000011] Registration reject [62] (../src/amf/nas-path.c:213)
08/14 21:24:16.392: [amf] INFO: UE Context Release [Action:3] (../src/amf/ngap-handler.c:1905)
08/14 21:24:16.392: [amf] INFO:     RAN_UE_NGAP_ID[55] AMF_UE_NGAP_ID[55] (../src/amf/ngap-handler.c:1906)
08/14 21:24:16.392: [amf] INFO:     SUCI[suci-0-001-01-0000-0-0-0000000011] (../src/amf/ngap-handler.c:1910)
08/14 21:24:16.392: [amf] INFO: [Removed] Number of gNB-UEs is now 0 (../src/amf/context.c:2939)
08/14 21:24:16.392: [amf] INFO: [Removed] Number of AMF-UEs is now 0 (../src/amf/context.c:1799)
08/14 21:36:16.894: [amf] INFO: InitialUEMessage (../src/amf/ngap-handler.c:612)
08/14 21:36:16.894: [amf] INFO: [Added] Number of gNB-UEs is now 1 (../src/amf/context.c:2932)
08/14 21:36:16.894: [amf] INFO:     RAN_UE_NGAP_ID[56] AMF_UE_NGAP_ID[56] TAC[2] CellID[0xa] (../src/amf/ngap-handler.c:815)
08/14 21:36:16.894: [amf] INFO: [suci-0-001-01-0000-0-0-0000000011] Unknown UE by SUCI (../src/amf/context.c:1934)
08/14 21:36:16.894: [amf] INFO: [Added] Number of AMF-UEs is now 1 (../src/amf/context.c:1699)
08/14 21:36:16.894: [gmm] INFO: Registration request (../src/amf/gmm-sm.c:1670)
08/14 21:36:16.894: [gmm] INFO: [suci-0-001-01-0000-0-0-0000000011]    SUCI (../src/amf/gmm-handler.c:186)
08/14 21:36:16.894: [sbi] INFO: [dc6c5fe2-9807-41f1-b1f7-c7bb735e7c1d] Setup NF Instance [type:AUSF] (../lib/sbi/path.c:349)
08/14 21:36:16.899: [amf] INFO: Setup NF EndPoint(addr) [172.22.0.11:7777] (../src/amf/nausf-handler.c:130)
08/14 21:36:16.906: [gmm] ERROR: Cannot find Requested NSSAI [1] (../src/amf/gmm-handler.c:458)
08/14 21:36:16.906: [gmm] ERROR:     PLMN_ID[MCC:1 MNC:1] (../src/amf/gmm-handler.c:461)
08/14 21:36:16.906: [gmm] ERROR:     S_NSSAI[SST:2 SD:0xffffff] (../src/amf/gmm-handler.c:464)
08/14 21:36:16.906: [gmm] ERROR: [suci-0-001-01-0000-0-0-0000000011] gmm_handle_security_mode_complete() failed [62] in type [65] (../src/amf/gmm-sm.c:2591)
08/14 21:36:16.906: [amf] WARNING: [suci-0-001-01-0000-0-0-0000000011] Registration reject [62] (../src/amf/nas-path.c:213)
08/14 21:36:17.112: [amf] INFO: UE Context Release [Action:3] (../src/amf/ngap-handler.c:1905)
08/14 21:36:17.112: [amf] INFO:     RAN_UE_NGAP_ID[56] AMF_UE_NGAP_ID[56] (../src/amf/ngap-handler.c:1906)
08/14 21:36:17.112: [amf] INFO:     SUCI[suci-0-001-01-0000-0-0-0000000011] (../src/amf/ngap-handler.c:1910)
08/14 21:36:17.112: [amf] INFO: [Removed] Number of gNB-UEs is now 0 (../src/amf/context.c:2939)
08/14 21:36:17.112: [amf] INFO: [Removed] Number of AMF-UEs is now 0 (../src/amf/context.c:1799)
08/14 21:36:27.906: [amf] INFO: InitialUEMessage (../src/amf/ngap-handler.c:612)
08/14 21:36:27.906: [amf] INFO: [Added] Number of gNB-UEs is now 1 (../src/amf/context.c:2932)
08/14 21:36:27.906: [amf] INFO:     RAN_UE_NGAP_ID[57] AMF_UE_NGAP_ID[57] TAC[2] CellID[0xa] (../src/amf/ngap-handler.c:815)
08/14 21:36:27.907: [amf] INFO: [suci-0-001-01-0000-0-0-0000000011] Unknown UE by SUCI (../src/amf/context.c:1934)
08/14 21:36:27.907: [amf] INFO: [Added] Number of AMF-UEs is now 1 (../src/amf/context.c:1699)
08/14 21:36:27.907: [gmm] INFO: Registration request (../src/amf/gmm-sm.c:1670)
08/14 21:36:27.907: [gmm] INFO: [suci-0-001-01-0000-0-0-0000000011]    SUCI (../src/amf/gmm-handler.c:186)
08/14 21:36:27.907: [sbi] INFO: [dc6c5fe2-9807-41f1-b1f7-c7bb735e7c1d] Setup NF Instance [type:AUSF] (../lib/sbi/path.c:349)
08/14 21:36:27.910: [amf] INFO: Setup NF EndPoint(addr) [172.22.0.11:7777] (../src/amf/nausf-handler.c:130)
08/14 21:36:27.916: [gmm] ERROR: Cannot find Requested NSSAI [1] (../src/amf/gmm-handler.c:458)
08/14 21:36:27.916: [gmm] ERROR:     PLMN_ID[MCC:1 MNC:1] (../src/amf/gmm-handler.c:461)
08/14 21:36:27.916: [gmm] ERROR:     S_NSSAI[SST:2 SD:0xffffff] (../src/amf/gmm-handler.c:464)
08/14 21:36:27.916: [gmm] ERROR: [suci-0-001-01-0000-0-0-0000000011] gmm_handle_security_mode_complete() failed [62] in type [65] (../src/amf/gmm-sm.c:2591)
08/14 21:36:27.916: [amf] WARNING: [suci-0-001-01-0000-0-0-0000000011] Registration reject [62] (../src/amf/nas-path.c:213)
08/14 21:36:28.120: [amf] INFO: UE Context Release [Action:3] (../src/amf/ngap-handler.c:1905)
08/14 21:36:28.120: [amf] INFO:     RAN_UE_NGAP_ID[57] AMF_UE_NGAP_ID[57] (../src/amf/ngap-handler.c:1906)
08/14 21:36:28.120: [amf] INFO:     SUCI[suci-0-001-01-0000-0-0-0000000011] (../src/amf/ngap-handler.c:1910)
08/14 21:36:28.120: [amf] INFO: [Removed] Number of gNB-UEs is now 0 (../src/amf/context.c:2939)
08/14 21:36:28.120: [amf] INFO: [Removed] Number of AMF-UEs is now 0 (../src/amf/context.c:1799)
08/14 21:36:38.917: [amf] INFO: InitialUEMessage (../src/amf/ngap-handler.c:612)
08/14 21:36:38.917: [amf] INFO: [Added] Number of gNB-UEs is now 1 (../src/amf/context.c:2932)
08/14 21:36:38.917: [amf] INFO:     RAN_UE_NGAP_ID[58] AMF_UE_NGAP_ID[58] TAC[2] CellID[0xa] (../src/amf/ngap-handler.c:815)
08/14 21:36:38.918: [amf] INFO: [suci-0-001-01-0000-0-0-0000000011] Unknown UE by SUCI (../src/amf/context.c:1934)
08/14 21:36:38.918: [amf] INFO: [Added] Number of AMF-UEs is now 1 (../src/amf/context.c:1699)
08/14 21:36:38.918: [gmm] INFO: Registration request (../src/amf/gmm-sm.c:1670)
08/14 21:36:38.918: [gmm] INFO: [suci-0-001-01-0000-0-0-0000000011]    SUCI (../src/amf/gmm-handler.c:186)
08/14 21:36:38.918: [sbi] INFO: [dc6c5fe2-9807-41f1-b1f7-c7bb735e7c1d] Setup NF Instance [type:AUSF] (../lib/sbi/path.c:349)
08/14 21:36:38.922: [amf] INFO: Setup NF EndPoint(addr) [172.22.0.11:7777] (../src/amf/nausf-handler.c:130)
08/14 21:36:38.930: [gmm] ERROR: Cannot find Requested NSSAI [1] (../src/amf/gmm-handler.c:458)
08/14 21:36:38.930: [gmm] ERROR:     PLMN_ID[MCC:1 MNC:1] (../src/amf/gmm-handler.c:461)
08/14 21:36:38.930: [gmm] ERROR:     S_NSSAI[SST:2 SD:0xffffff] (../src/amf/gmm-handler.c:464)
08/14 21:36:38.930: [gmm] ERROR: [suci-0-001-01-0000-0-0-0000000011] gmm_handle_security_mode_complete() failed [62] in type [65] (../src/amf/gmm-sm.c:2591)
08/14 21:36:38.930: [amf] WARNING: [suci-0-001-01-0000-0-0-0000000011] Registration reject [62] (../src/amf/nas-path.c:213)
08/14 21:36:39.136: [amf] INFO: UE Context Release [Action:3] (../src/amf/ngap-handler.c:1905)
08/14 21:36:39.136: [amf] INFO:     RAN_UE_NGAP_ID[58] AMF_UE_NGAP_ID[58] (../src/amf/ngap-handler.c:1906)
08/14 21:36:39.136: [amf] INFO:     SUCI[suci-0-001-01-0000-0-0-0000000011] (../src/amf/ngap-handler.c:1910)
08/14 21:36:39.136: [amf] INFO: [Removed] Number of gNB-UEs is now 0 (../src/amf/context.c:2939)
08/14 21:36:39.136: [amf] INFO: [Removed] Number of AMF-UEs is now 0 (../src/amf/context.c:1799)
08/14 21:36:49.929: [amf] INFO: InitialUEMessage (../src/amf/ngap-handler.c:612)
08/14 21:36:49.929: [amf] INFO: [Added] Number of gNB-UEs is now 1 (../src/amf/context.c:2932)
08/14 21:36:49.929: [amf] INFO:     RAN_UE_NGAP_ID[59] AMF_UE_NGAP_ID[59] TAC[2] CellID[0xa] (../src/amf/ngap-handler.c:815)
08/14 21:36:49.929: [amf] INFO: [suci-0-001-01-0000-0-0-0000000011] Unknown UE by SUCI (../src/amf/context.c:1934)
08/14 21:36:49.929: [amf] INFO: [Added] Number of AMF-UEs is now 1 (../src/amf/context.c:1699)
08/14 21:36:49.929: [gmm] INFO: Registration request (../src/amf/gmm-sm.c:1670)
08/14 21:36:49.929: [gmm] INFO: [suci-0-001-01-0000-0-0-0000000011]    SUCI (../src/amf/gmm-handler.c:186)
08/14 21:36:49.929: [sbi] INFO: [dc6c5fe2-9807-41f1-b1f7-c7bb735e7c1d] Setup NF Instance [type:AUSF] (../lib/sbi/path.c:349)
08/14 21:36:49.935: [amf] INFO: Setup NF EndPoint(addr) [172.22.0.11:7777] (../src/amf/nausf-handler.c:130)
08/14 21:36:49.941: [gmm] ERROR: Cannot find Requested NSSAI [1] (../src/amf/gmm-handler.c:458)
08/14 21:36:49.941: [gmm] ERROR:     PLMN_ID[MCC:1 MNC:1] (../src/amf/gmm-handler.c:461)
08/14 21:36:49.941: [gmm] ERROR:     S_NSSAI[SST:2 SD:0xffffff] (../src/amf/gmm-handler.c:464)
08/14 21:36:49.941: [gmm] ERROR: [suci-0-001-01-0000-0-0-0000000011] gmm_handle_security_mode_complete() failed [62] in type [65] (../src/amf/gmm-sm.c:2591)
08/14 21:36:49.941: [amf] WARNING: [suci-0-001-01-0000-0-0-0000000011] Registration reject [62] (../src/amf/nas-path.c:213)
08/14 21:36:50.144: [amf] INFO: UE Context Release [Action:3] (../src/amf/ngap-handler.c:1905)
08/14 21:36:50.144: [amf] INFO:     RAN_UE_NGAP_ID[59] AMF_UE_NGAP_ID[59] (../src/amf/ngap-handler.c:1906)
08/14 21:36:50.144: [amf] INFO:     SUCI[suci-0-001-01-0000-0-0-0000000011] (../src/amf/ngap-handler.c:1910)
08/14 21:36:50.144: [amf] INFO: [Removed] Number of gNB-UEs is now 0 (../src/amf/context.c:2939)
08/14 21:36:50.144: [amf] INFO: [Removed] Number of AMF-UEs is now 0 (../src/amf/context.c:1799)
08/14 21:37:00.937: [amf] INFO: InitialUEMessage (../src/amf/ngap-handler.c:612)
08/14 21:37:00.938: [amf] INFO: [Added] Number of gNB-UEs is now 1 (../src/amf/context.c:2932)
08/14 21:37:00.938: [amf] INFO:     RAN_UE_NGAP_ID[60] AMF_UE_NGAP_ID[60] TAC[2] CellID[0xa] (../src/amf/ngap-handler.c:815)
08/14 21:37:00.938: [amf] INFO: [suci-0-001-01-0000-0-0-0000000011] Unknown UE by SUCI (../src/amf/context.c:1934)
08/14 21:37:00.938: [amf] INFO: [Added] Number of AMF-UEs is now 1 (../src/amf/context.c:1699)
08/14 21:37:00.938: [gmm] INFO: Registration request (../src/amf/gmm-sm.c:1670)
08/14 21:37:00.938: [gmm] INFO: [suci-0-001-01-0000-0-0-0000000011]    SUCI (../src/amf/gmm-handler.c:186)
08/14 21:37:00.938: [sbi] INFO: [dc6c5fe2-9807-41f1-b1f7-c7bb735e7c1d] Setup NF Instance [type:AUSF] (../lib/sbi/path.c:349)
08/14 21:37:00.942: [amf] INFO: Setup NF EndPoint(addr) [172.22.0.11:7777] (../src/amf/nausf-handler.c:130)
08/14 21:37:00.951: [gmm] ERROR: Cannot find Requested NSSAI [1] (../src/amf/gmm-handler.c:458)
08/14 21:37:00.951: [gmm] ERROR:     PLMN_ID[MCC:1 MNC:1] (../src/amf/gmm-handler.c:461)
08/14 21:37:00.951: [gmm] ERROR:     S_NSSAI[SST:2 SD:0xffffff] (../src/amf/gmm-handler.c:464)
08/14 21:37:00.951: [gmm] ERROR: [suci-0-001-01-0000-0-0-0000000011] gmm_handle_security_mode_complete() failed [62] in type [65] (../src/amf/gmm-sm.c:2591)
08/14 21:37:00.951: [amf] WARNING: [suci-0-001-01-0000-0-0-0000000011] Registration reject [62] (../src/amf/nas-path.c:213)
08/14 21:37:01.159: [amf] INFO: UE Context Release [Action:3] (../src/amf/ngap-handler.c:1905)
08/14 21:37:01.160: [amf] INFO:     RAN_UE_NGAP_ID[60] AMF_UE_NGAP_ID[60] (../src/amf/ngap-handler.c:1906)
08/14 21:37:01.160: [amf] INFO:     SUCI[suci-0-001-01-0000-0-0-0000000011] (../src/amf/ngap-handler.c:1910)
08/14 21:37:01.160: [amf] INFO: [Removed] Number of gNB-UEs is now 0 (../src/amf/context.c:2939)
08/14 21:37:01.160: [amf] INFO: [Removed] Number of AMF-UEs is now 0 (../src/amf/context.c:1799)
08/14 21:49:01.659: [amf] INFO: InitialUEMessage (../src/amf/ngap-handler.c:612)
08/14 21:49:01.659: [amf] INFO: [Added] Number of gNB-UEs is now 1 (../src/amf/context.c:2932)
08/14 21:49:01.659: [amf] INFO:     RAN_UE_NGAP_ID[61] AMF_UE_NGAP_ID[61] TAC[2] CellID[0xa] (../src/amf/ngap-handler.c:815)
08/14 21:49:01.659: [amf] INFO: [suci-0-001-01-0000-0-0-0000000011] Unknown UE by SUCI (../src/amf/context.c:1934)
08/14 21:49:01.659: [amf] INFO: [Added] Number of AMF-UEs is now 1 (../src/amf/context.c:1699)
08/14 21:49:01.659: [gmm] INFO: Registration request (../src/amf/gmm-sm.c:1670)
08/14 21:49:01.659: [gmm] INFO: [suci-0-001-01-0000-0-0-0000000011]    SUCI (../src/amf/gmm-handler.c:186)
08/14 21:49:01.659: [sbi] INFO: [dc6c5fe2-9807-41f1-b1f7-c7bb735e7c1d] Setup NF Instance [type:AUSF] (../lib/sbi/path.c:349)
08/14 21:49:01.665: [amf] INFO: Setup NF EndPoint(addr) [172.22.0.11:7777] (../src/amf/nausf-handler.c:130)
08/14 21:49:01.672: [gmm] ERROR: Cannot find Requested NSSAI [1] (../src/amf/gmm-handler.c:458)
08/14 21:49:01.672: [gmm] ERROR:     PLMN_ID[MCC:1 MNC:1] (../src/amf/gmm-handler.c:461)
08/14 21:49:01.672: [gmm] ERROR:     S_NSSAI[SST:2 SD:0xffffff] (../src/amf/gmm-handler.c:464)
08/14 21:49:01.672: [gmm] ERROR: [suci-0-001-01-0000-0-0-0000000011] gmm_handle_security_mode_complete() failed [62] in type [65] (../src/amf/gmm-sm.c:2591)
08/14 21:49:01.672: [amf] WARNING: [suci-0-001-01-0000-0-0-0000000011] Registration reject [62] (../src/amf/nas-path.c:213)
08/14 21:49:01.881: [amf] INFO: UE Context Release [Action:3] (../src/amf/ngap-handler.c:1905)
08/14 21:49:01.881: [amf] INFO:     RAN_UE_NGAP_ID[61] AMF_UE_NGAP_ID[61] (../src/amf/ngap-handler.c:1906)
08/14 21:49:01.881: [amf] INFO:     SUCI[suci-0-001-01-0000-0-0-0000000011] (../src/amf/ngap-handler.c:1910)
08/14 21:49:01.881: [amf] INFO: [Removed] Number of gNB-UEs is now 0 (../src/amf/context.c:2939)
08/14 21:49:01.881: [amf] INFO: [Removed] Number of AMF-UEs is now 0 (../src/amf/context.c:1799)
08/14 21:49:12.671: [amf] INFO: InitialUEMessage (../src/amf/ngap-handler.c:612)
08/14 21:49:12.671: [amf] INFO: [Added] Number of gNB-UEs is now 1 (../src/amf/context.c:2932)
08/14 21:49:12.671: [amf] INFO:     RAN_UE_NGAP_ID[62] AMF_UE_NGAP_ID[62] TAC[2] CellID[0xa] (../src/amf/ngap-handler.c:815)
08/14 21:49:12.671: [amf] INFO: [suci-0-001-01-0000-0-0-0000000011] Unknown UE by SUCI (../src/amf/context.c:1934)
08/14 21:49:12.671: [amf] INFO: [Added] Number of AMF-UEs is now 1 (../src/amf/context.c:1699)
08/14 21:49:12.671: [gmm] INFO: Registration request (../src/amf/gmm-sm.c:1670)
08/14 21:49:12.671: [gmm] INFO: [suci-0-001-01-0000-0-0-0000000011]    SUCI (../src/amf/gmm-handler.c:186)
08/14 21:49:12.671: [sbi] INFO: [dc6c5fe2-9807-41f1-b1f7-c7bb735e7c1d] Setup NF Instance [type:AUSF] (../lib/sbi/path.c:349)
08/14 21:49:12.677: [amf] INFO: Setup NF EndPoint(addr) [172.22.0.11:7777] (../src/amf/nausf-handler.c:130)
08/14 21:49:12.682: [gmm] ERROR: Cannot find Requested NSSAI [1] (../src/amf/gmm-handler.c:458)
08/14 21:49:12.683: [gmm] ERROR:     PLMN_ID[MCC:1 MNC:1] (../src/amf/gmm-handler.c:461)
08/14 21:49:12.683: [gmm] ERROR:     S_NSSAI[SST:2 SD:0xffffff] (../src/amf/gmm-handler.c:464)
08/14 21:49:12.683: [gmm] ERROR: [suci-0-001-01-0000-0-0-0000000011] gmm_handle_security_mode_complete() failed [62] in type [65] (../src/amf/gmm-sm.c:2591)
08/14 21:49:12.683: [amf] WARNING: [suci-0-001-01-0000-0-0-0000000011] Registration reject [62] (../src/amf/nas-path.c:213)
08/14 21:49:12.890: [amf] INFO: UE Context Release [Action:3] (../src/amf/ngap-handler.c:1905)
08/14 21:49:12.890: [amf] INFO:     RAN_UE_NGAP_ID[62] AMF_UE_NGAP_ID[62] (../src/amf/ngap-handler.c:1906)
08/14 21:49:12.890: [amf] INFO:     SUCI[suci-0-001-01-0000-0-0-0000000011] (../src/amf/ngap-handler.c:1910)
08/14 21:49:12.890: [amf] INFO: [Removed] Number of gNB-UEs is now 0 (../src/amf/context.c:2939)
08/14 21:49:12.890: [amf] INFO: [Removed] Number of AMF-UEs is now 0 (../src/amf/context.c:1799)
08/14 21:49:23.681: [amf] INFO: InitialUEMessage (../src/amf/ngap-handler.c:612)
08/14 21:49:23.681: [amf] INFO: [Added] Number of gNB-UEs is now 1 (../src/amf/context.c:2932)
08/14 21:49:23.681: [amf] INFO:     RAN_UE_NGAP_ID[63] AMF_UE_NGAP_ID[63] TAC[2] CellID[0xa] (../src/amf/ngap-handler.c:815)
08/14 21:49:23.681: [amf] INFO: [suci-0-001-01-0000-0-0-0000000011] Unknown UE by SUCI (../src/amf/context.c:1934)
08/14 21:49:23.681: [amf] INFO: [Added] Number of AMF-UEs is now 1 (../src/amf/context.c:1699)
08/14 21:49:23.681: [gmm] INFO: Registration request (../src/amf/gmm-sm.c:1670)
08/14 21:49:23.681: [gmm] INFO: [suci-0-001-01-0000-0-0-0000000011]    SUCI (../src/amf/gmm-handler.c:186)
08/14 21:49:23.681: [sbi] INFO: [dc6c5fe2-9807-41f1-b1f7-c7bb735e7c1d] Setup NF Instance [type:AUSF] (../lib/sbi/path.c:349)
08/14 21:49:23.685: [amf] INFO: Setup NF EndPoint(addr) [172.22.0.11:7777] (../src/amf/nausf-handler.c:130)
08/14 21:49:23.691: [gmm] ERROR: Cannot find Requested NSSAI [1] (../src/amf/gmm-handler.c:458)
08/14 21:49:23.691: [gmm] ERROR:     PLMN_ID[MCC:1 MNC:1] (../src/amf/gmm-handler.c:461)
08/14 21:49:23.691: [gmm] ERROR:     S_NSSAI[SST:2 SD:0xffffff] (../src/amf/gmm-handler.c:464)
08/14 21:49:23.691: [gmm] ERROR: [suci-0-001-01-0000-0-0-0000000011] gmm_handle_security_mode_complete() failed [62] in type [65] (../src/amf/gmm-sm.c:2591)
08/14 21:49:23.691: [amf] WARNING: [suci-0-001-01-0000-0-0-0000000011] Registration reject [62] (../src/amf/nas-path.c:213)
08/14 21:49:23.896: [amf] INFO: UE Context Release [Action:3] (../src/amf/ngap-handler.c:1905)
08/14 21:49:23.896: [amf] INFO:     RAN_UE_NGAP_ID[63] AMF_UE_NGAP_ID[63] (../src/amf/ngap-handler.c:1906)
08/14 21:49:23.896: [amf] INFO:     SUCI[suci-0-001-01-0000-0-0-0000000011] (../src/amf/ngap-handler.c:1910)
08/14 21:49:23.896: [amf] INFO: [Removed] Number of gNB-UEs is now 0 (../src/amf/context.c:2939)
08/14 21:49:23.896: [amf] INFO: [Removed] Number of AMF-UEs is now 0 (../src/amf/context.c:1799)
08/14 21:49:34.691: [amf] INFO: InitialUEMessage (../src/amf/ngap-handler.c:612)
08/14 21:49:34.691: [amf] INFO: [Added] Number of gNB-UEs is now 1 (../src/amf/context.c:2932)
08/14 21:49:34.691: [amf] INFO:     RAN_UE_NGAP_ID[64] AMF_UE_NGAP_ID[64] TAC[2] CellID[0xa] (../src/amf/ngap-handler.c:815)
08/14 21:49:34.692: [amf] INFO: [suci-0-001-01-0000-0-0-0000000011] Unknown UE by SUCI (../src/amf/context.c:1934)
08/14 21:49:34.692: [amf] INFO: [Added] Number of AMF-UEs is now 1 (../src/amf/context.c:1699)
08/14 21:49:34.692: [gmm] INFO: Registration request (../src/amf/gmm-sm.c:1670)
08/14 21:49:34.692: [gmm] INFO: [suci-0-001-01-0000-0-0-0000000011]    SUCI (../src/amf/gmm-handler.c:186)
08/14 21:49:34.692: [sbi] INFO: [dc6c5fe2-9807-41f1-b1f7-c7bb735e7c1d] Setup NF Instance [type:AUSF] (../lib/sbi/path.c:349)
08/14 21:49:34.697: [amf] INFO: Setup NF EndPoint(addr) [172.22.0.11:7777] (../src/amf/nausf-handler.c:130)
08/14 21:49:34.703: [gmm] ERROR: Cannot find Requested NSSAI [1] (../src/amf/gmm-handler.c:458)
08/14 21:49:34.703: [gmm] ERROR:     PLMN_ID[MCC:1 MNC:1] (../src/amf/gmm-handler.c:461)
08/14 21:49:34.703: [gmm] ERROR:     S_NSSAI[SST:2 SD:0xffffff] (../src/amf/gmm-handler.c:464)
08/14 21:49:34.703: [gmm] ERROR: [suci-0-001-01-0000-0-0-0000000011] gmm_handle_security_mode_complete() failed [62] in type [65] (../src/amf/gmm-sm.c:2591)
08/14 21:49:34.703: [amf] WARNING: [suci-0-001-01-0000-0-0-0000000011] Registration reject [62] (../src/amf/nas-path.c:213)
08/14 21:49:34.912: [amf] INFO: UE Context Release [Action:3] (../src/amf/ngap-handler.c:1905)
08/14 21:49:34.912: [amf] INFO:     RAN_UE_NGAP_ID[64] AMF_UE_NGAP_ID[64] (../src/amf/ngap-handler.c:1906)
08/14 21:49:34.912: [amf] INFO:     SUCI[suci-0-001-01-0000-0-0-0000000011] (../src/amf/ngap-handler.c:1910)
08/14 21:49:34.912: [amf] INFO: [Removed] Number of gNB-UEs is now 0 (../src/amf/context.c:2939)
08/14 21:49:34.912: [amf] INFO: [Removed] Number of AMF-UEs is now 0 (../src/amf/context.c:1799)
08/14 21:49:45.704: [amf] INFO: InitialUEMessage (../src/amf/ngap-handler.c:612)
08/14 21:49:45.704: [amf] INFO: [Added] Number of gNB-UEs is now 1 (../src/amf/context.c:2932)
08/14 21:49:45.704: [amf] INFO:     RAN_UE_NGAP_ID[65] AMF_UE_NGAP_ID[65] TAC[2] CellID[0xa] (../src/amf/ngap-handler.c:815)
08/14 21:49:45.704: [amf] INFO: [suci-0-001-01-0000-0-0-0000000011] Unknown UE by SUCI (../src/amf/context.c:1934)
08/14 21:49:45.704: [amf] INFO: [Added] Number of AMF-UEs is now 1 (../src/amf/context.c:1699)
08/14 21:49:45.704: [gmm] INFO: Registration request (../src/amf/gmm-sm.c:1670)
08/14 21:49:45.704: [gmm] INFO: [suci-0-001-01-0000-0-0-0000000011]    SUCI (../src/amf/gmm-handler.c:186)
08/14 21:49:45.704: [sbi] INFO: [dc6c5fe2-9807-41f1-b1f7-c7bb735e7c1d] Setup NF Instance [type:AUSF] (../lib/sbi/path.c:349)
08/14 21:49:45.709: [amf] INFO: Setup NF EndPoint(addr) [172.22.0.11:7777] (../src/amf/nausf-handler.c:130)
08/14 21:49:45.718: [gmm] ERROR: Cannot find Requested NSSAI [1] (../src/amf/gmm-handler.c:458)
08/14 21:49:45.718: [gmm] ERROR:     PLMN_ID[MCC:1 MNC:1] (../src/amf/gmm-handler.c:461)
08/14 21:49:45.718: [gmm] ERROR:     S_NSSAI[SST:2 SD:0xffffff] (../src/amf/gmm-handler.c:464)
08/14 21:49:45.718: [gmm] ERROR: [suci-0-001-01-0000-0-0-0000000011] gmm_handle_security_mode_complete() failed [62] in type [65] (../src/amf/gmm-sm.c:2591)
08/14 21:49:45.718: [amf] WARNING: [suci-0-001-01-0000-0-0-0000000011] Registration reject [62] (../src/amf/nas-path.c:213)
08/14 21:49:45.928: [amf] INFO: UE Context Release [Action:3] (../src/amf/ngap-handler.c:1905)
08/14 21:49:45.928: [amf] INFO:     RAN_UE_NGAP_ID[65] AMF_UE_NGAP_ID[65] (../src/amf/ngap-handler.c:1906)
08/14 21:49:45.928: [amf] INFO:     SUCI[suci-0-001-01-0000-0-0-0000000011] (../src/amf/ngap-handler.c:1910)
08/14 21:49:45.928: [amf] INFO: [Removed] Number of gNB-UEs is now 0 (../src/amf/context.c:2939)
08/14 21:49:45.928: [amf] INFO: [Removed] Number of AMF-UEs is now 0 (../src/amf/context.c:1799)
08/14 22:01:46.423: [amf] INFO: InitialUEMessage (../src/amf/ngap-handler.c:612)
08/14 22:01:46.423: [amf] INFO: [Added] Number of gNB-UEs is now 1 (../src/amf/context.c:2932)
08/14 22:01:46.423: [amf] INFO:     RAN_UE_NGAP_ID[66] AMF_UE_NGAP_ID[66] TAC[2] CellID[0xa] (../src/amf/ngap-handler.c:815)
08/14 22:01:46.423: [amf] INFO: [suci-0-001-01-0000-0-0-0000000011] Unknown UE by SUCI (../src/amf/context.c:1934)
08/14 22:01:46.423: [amf] INFO: [Added] Number of AMF-UEs is now 1 (../src/amf/context.c:1699)
08/14 22:01:46.423: [gmm] INFO: Registration request (../src/amf/gmm-sm.c:1670)
08/14 22:01:46.423: [gmm] INFO: [suci-0-001-01-0000-0-0-0000000011]    SUCI (../src/amf/gmm-handler.c:186)
08/14 22:01:46.423: [sbi] INFO: [dc6c5fe2-9807-41f1-b1f7-c7bb735e7c1d] Setup NF Instance [type:AUSF] (../lib/sbi/path.c:349)
08/14 22:01:46.428: [amf] INFO: Setup NF EndPoint(addr) [172.22.0.11:7777] (../src/amf/nausf-handler.c:130)
08/14 22:01:46.434: [gmm] ERROR: Cannot find Requested NSSAI [1] (../src/amf/gmm-handler.c:458)
08/14 22:01:46.434: [gmm] ERROR:     PLMN_ID[MCC:1 MNC:1] (../src/amf/gmm-handler.c:461)
08/14 22:01:46.434: [gmm] ERROR:     S_NSSAI[SST:2 SD:0xffffff] (../src/amf/gmm-handler.c:464)
08/14 22:01:46.434: [gmm] ERROR: [suci-0-001-01-0000-0-0-0000000011] gmm_handle_security_mode_complete() failed [62] in type [65] (../src/amf/gmm-sm.c:2591)
08/14 22:01:46.434: [amf] WARNING: [suci-0-001-01-0000-0-0-0000000011] Registration reject [62] (../src/amf/nas-path.c:213)
08/14 22:01:46.640: [amf] INFO: UE Context Release [Action:3] (../src/amf/ngap-handler.c:1905)
08/14 22:01:46.640: [amf] INFO:     RAN_UE_NGAP_ID[66] AMF_UE_NGAP_ID[66] (../src/amf/ngap-handler.c:1906)
08/14 22:01:46.640: [amf] INFO:     SUCI[suci-0-001-01-0000-0-0-0000000011] (../src/amf/ngap-handler.c:1910)
08/14 22:01:46.640: [amf] INFO: [Removed] Number of gNB-UEs is now 0 (../src/amf/context.c:2939)
08/14 22:01:46.640: [amf] INFO: [Removed] Number of AMF-UEs is now 0 (../src/amf/context.c:1799)
08/14 22:01:57.433: [amf] INFO: InitialUEMessage (../src/amf/ngap-handler.c:612)
08/14 22:01:57.433: [amf] INFO: [Added] Number of gNB-UEs is now 1 (../src/amf/context.c:2932)
08/14 22:01:57.433: [amf] INFO:     RAN_UE_NGAP_ID[67] AMF_UE_NGAP_ID[67] TAC[2] CellID[0xa] (../src/amf/ngap-handler.c:815)
08/14 22:01:57.434: [amf] INFO: [suci-0-001-01-0000-0-0-0000000011] Unknown UE by SUCI (../src/amf/context.c:1934)
08/14 22:01:57.434: [amf] INFO: [Added] Number of AMF-UEs is now 1 (../src/amf/context.c:1699)
08/14 22:01:57.434: [gmm] INFO: Registration request (../src/amf/gmm-sm.c:1670)
08/14 22:01:57.434: [gmm] INFO: [suci-0-001-01-0000-0-0-0000000011]    SUCI (../src/amf/gmm-handler.c:186)
08/14 22:01:57.434: [sbi] INFO: [dc6c5fe2-9807-41f1-b1f7-c7bb735e7c1d] Setup NF Instance [type:AUSF] (../lib/sbi/path.c:349)
08/14 22:01:57.438: [amf] INFO: Setup NF EndPoint(addr) [172.22.0.11:7777] (../src/amf/nausf-handler.c:130)
08/14 22:01:57.444: [gmm] ERROR: Cannot find Requested NSSAI [1] (../src/amf/gmm-handler.c:458)
08/14 22:01:57.444: [gmm] ERROR:     PLMN_ID[MCC:1 MNC:1] (../src/amf/gmm-handler.c:461)
08/14 22:01:57.444: [gmm] ERROR:     S_NSSAI[SST:2 SD:0xffffff] (../src/amf/gmm-handler.c:464)
08/14 22:01:57.444: [gmm] ERROR: [suci-0-001-01-0000-0-0-0000000011] gmm_handle_security_mode_complete() failed [62] in type [65] (../src/amf/gmm-sm.c:2591)
08/14 22:01:57.444: [amf] WARNING: [suci-0-001-01-0000-0-0-0000000011] Registration reject [62] (../src/amf/nas-path.c:213)
08/14 22:01:57.647: [amf] INFO: UE Context Release [Action:3] (../src/amf/ngap-handler.c:1905)
08/14 22:01:57.647: [amf] INFO:     RAN_UE_NGAP_ID[67] AMF_UE_NGAP_ID[67] (../src/amf/ngap-handler.c:1906)
08/14 22:01:57.647: [amf] INFO:     SUCI[suci-0-001-01-0000-0-0-0000000011] (../src/amf/ngap-handler.c:1910)
08/14 22:01:57.647: [amf] INFO: [Removed] Number of gNB-UEs is now 0 (../src/amf/context.c:2939)
08/14 22:01:57.647: [amf] INFO: [Removed] Number of AMF-UEs is now 0 (../src/amf/context.c:1799)
08/14 22:02:08.444: [amf] INFO: InitialUEMessage (../src/amf/ngap-handler.c:612)
08/14 22:02:08.444: [amf] INFO: [Added] Number of gNB-UEs is now 1 (../src/amf/context.c:2932)
08/14 22:02:08.444: [amf] INFO:     RAN_UE_NGAP_ID[68] AMF_UE_NGAP_ID[68] TAC[2] CellID[0xa] (../src/amf/ngap-handler.c:815)
08/14 22:02:08.444: [amf] INFO: [suci-0-001-01-0000-0-0-0000000011] Unknown UE by SUCI (../src/amf/context.c:1934)
08/14 22:02:08.445: [amf] INFO: [Added] Number of AMF-UEs is now 1 (../src/amf/context.c:1699)
08/14 22:02:08.445: [gmm] INFO: Registration request (../src/amf/gmm-sm.c:1670)
08/14 22:02:08.445: [gmm] INFO: [suci-0-001-01-0000-0-0-0000000011]    SUCI (../src/amf/gmm-handler.c:186)
08/14 22:02:08.445: [sbi] INFO: [dc6c5fe2-9807-41f1-b1f7-c7bb735e7c1d] Setup NF Instance [type:AUSF] (../lib/sbi/path.c:349)
08/14 22:02:08.449: [amf] INFO: Setup NF EndPoint(addr) [172.22.0.11:7777] (../src/amf/nausf-handler.c:130)
08/14 22:02:08.455: [gmm] ERROR: Cannot find Requested NSSAI [1] (../src/amf/gmm-handler.c:458)
08/14 22:02:08.455: [gmm] ERROR:     PLMN_ID[MCC:1 MNC:1] (../src/amf/gmm-handler.c:461)
08/14 22:02:08.455: [gmm] ERROR:     S_NSSAI[SST:2 SD:0xffffff] (../src/amf/gmm-handler.c:464)
08/14 22:02:08.455: [gmm] ERROR: [suci-0-001-01-0000-0-0-0000000011] gmm_handle_security_mode_complete() failed [62] in type [65] (../src/amf/gmm-sm.c:2591)
08/14 22:02:08.455: [amf] WARNING: [suci-0-001-01-0000-0-0-0000000011] Registration reject [62] (../src/amf/nas-path.c:213)
08/14 22:02:08.663: [amf] INFO: UE Context Release [Action:3] (../src/amf/ngap-handler.c:1905)
08/14 22:02:08.663: [amf] INFO:     RAN_UE_NGAP_ID[68] AMF_UE_NGAP_ID[68] (../src/amf/ngap-handler.c:1906)
08/14 22:02:08.663: [amf] INFO:     SUCI[suci-0-001-01-0000-0-0-0000000011] (../src/amf/ngap-handler.c:1910)
08/14 22:02:08.663: [amf] INFO: [Removed] Number of gNB-UEs is now 0 (../src/amf/context.c:2939)
08/14 22:02:08.663: [amf] INFO: [Removed] Number of AMF-UEs is now 0 (../src/amf/context.c:1799)
08/14 22:02:19.456: [amf] INFO: InitialUEMessage (../src/amf/ngap-handler.c:612)
08/14 22:02:19.456: [amf] INFO: [Added] Number of gNB-UEs is now 1 (../src/amf/context.c:2932)
08/14 22:02:19.456: [amf] INFO:     RAN_UE_NGAP_ID[69] AMF_UE_NGAP_ID[69] TAC[2] CellID[0xa] (../src/amf/ngap-handler.c:815)
08/14 22:02:19.456: [amf] INFO: [suci-0-001-01-0000-0-0-0000000011] Unknown UE by SUCI (../src/amf/context.c:1934)
08/14 22:02:19.456: [amf] INFO: [Added] Number of AMF-UEs is now 1 (../src/amf/context.c:1699)
08/14 22:02:19.456: [gmm] INFO: Registration request (../src/amf/gmm-sm.c:1670)
08/14 22:02:19.456: [gmm] INFO: [suci-0-001-01-0000-0-0-0000000011]    SUCI (../src/amf/gmm-handler.c:186)
08/14 22:02:19.456: [sbi] INFO: [dc6c5fe2-9807-41f1-b1f7-c7bb735e7c1d] Setup NF Instance [type:AUSF] (../lib/sbi/path.c:349)
08/14 22:02:19.460: [amf] INFO: Setup NF EndPoint(addr) [172.22.0.11:7777] (../src/amf/nausf-handler.c:130)
08/14 22:02:19.467: [gmm] ERROR: Cannot find Requested NSSAI [1] (../src/amf/gmm-handler.c:458)
08/14 22:02:19.467: [gmm] ERROR:     PLMN_ID[MCC:1 MNC:1] (../src/amf/gmm-handler.c:461)
08/14 22:02:19.467: [gmm] ERROR:     S_NSSAI[SST:2 SD:0xffffff] (../src/amf/gmm-handler.c:464)
08/14 22:02:19.467: [gmm] ERROR: [suci-0-001-01-0000-0-0-0000000011] gmm_handle_security_mode_complete() failed [62] in type [65] (../src/amf/gmm-sm.c:2591)
08/14 22:02:19.467: [amf] WARNING: [suci-0-001-01-0000-0-0-0000000011] Registration reject [62] (../src/amf/nas-path.c:213)
08/14 22:02:19.672: [amf] INFO: UE Context Release [Action:3] (../src/amf/ngap-handler.c:1905)
08/14 22:02:19.672: [amf] INFO:     RAN_UE_NGAP_ID[69] AMF_UE_NGAP_ID[69] (../src/amf/ngap-handler.c:1906)
08/14 22:02:19.672: [amf] INFO:     SUCI[suci-0-001-01-0000-0-0-0000000011] (../src/amf/ngap-handler.c:1910)
08/14 22:02:19.672: [amf] INFO: [Removed] Number of gNB-UEs is now 0 (../src/amf/context.c:2939)
08/14 22:02:19.672: [amf] INFO: [Removed] Number of AMF-UEs is now 0 (../src/amf/context.c:1799)
08/14 22:02:30.468: [amf] INFO: InitialUEMessage (../src/amf/ngap-handler.c:612)
08/14 22:02:30.468: [amf] INFO: [Added] Number of gNB-UEs is now 1 (../src/amf/context.c:2932)
08/14 22:02:30.468: [amf] INFO:     RAN_UE_NGAP_ID[70] AMF_UE_NGAP_ID[70] TAC[2] CellID[0xa] (../src/amf/ngap-handler.c:815)
08/14 22:02:30.468: [amf] INFO: [suci-0-001-01-0000-0-0-0000000011] Unknown UE by SUCI (../src/amf/context.c:1934)
08/14 22:02:30.468: [amf] INFO: [Added] Number of AMF-UEs is now 1 (../src/amf/context.c:1699)
08/14 22:02:30.468: [gmm] INFO: Registration request (../src/amf/gmm-sm.c:1670)
08/14 22:02:30.468: [gmm] INFO: [suci-0-001-01-0000-0-0-0000000011]    SUCI (../src/amf/gmm-handler.c:186)
08/14 22:02:30.468: [sbi] INFO: [dc6c5fe2-9807-41f1-b1f7-c7bb735e7c1d] Setup NF Instance [type:AUSF] (../lib/sbi/path.c:349)
08/14 22:02:30.472: [amf] INFO: Setup NF EndPoint(addr) [172.22.0.11:7777] (../src/amf/nausf-handler.c:130)
08/14 22:02:30.478: [gmm] ERROR: Cannot find Requested NSSAI [1] (../src/amf/gmm-handler.c:458)
08/14 22:02:30.479: [gmm] ERROR:     PLMN_ID[MCC:1 MNC:1] (../src/amf/gmm-handler.c:461)
08/14 22:02:30.479: [gmm] ERROR:     S_NSSAI[SST:2 SD:0xffffff] (../src/amf/gmm-handler.c:464)
08/14 22:02:30.479: [gmm] ERROR: [suci-0-001-01-0000-0-0-0000000011] gmm_handle_security_mode_complete() failed [62] in type [65] (../src/amf/gmm-sm.c:2591)
08/14 22:02:30.479: [amf] WARNING: [suci-0-001-01-0000-0-0-0000000011] Registration reject [62] (../src/amf/nas-path.c:213)
08/14 22:02:30.689: [amf] INFO: UE Context Release [Action:3] (../src/amf/ngap-handler.c:1905)
08/14 22:02:30.689: [amf] INFO:     RAN_UE_NGAP_ID[70] AMF_UE_NGAP_ID[70] (../src/amf/ngap-handler.c:1906)
08/14 22:02:30.689: [amf] INFO:     SUCI[suci-0-001-01-0000-0-0-0000000011] (../src/amf/ngap-handler.c:1910)
08/14 22:02:30.689: [amf] INFO: [Removed] Number of gNB-UEs is now 0 (../src/amf/context.c:2939)
08/14 22:02:30.689: [amf] INFO: [Removed] Number of AMF-UEs is now 0 (../src/amf/context.c:1799)
08/14 22:14:31.188: [amf] INFO: InitialUEMessage (../src/amf/ngap-handler.c:612)
08/14 22:14:31.188: [amf] INFO: [Added] Number of gNB-UEs is now 1 (../src/amf/context.c:2932)
08/14 22:14:31.188: [amf] INFO:     RAN_UE_NGAP_ID[71] AMF_UE_NGAP_ID[71] TAC[2] CellID[0xa] (../src/amf/ngap-handler.c:815)
08/14 22:14:31.188: [amf] INFO: [suci-0-001-01-0000-0-0-0000000011] Unknown UE by SUCI (../src/amf/context.c:1934)
08/14 22:14:31.188: [amf] INFO: [Added] Number of AMF-UEs is now 1 (../src/amf/context.c:1699)
08/14 22:14:31.188: [gmm] INFO: Registration request (../src/amf/gmm-sm.c:1670)
08/14 22:14:31.188: [gmm] INFO: [suci-0-001-01-0000-0-0-0000000011]    SUCI (../src/amf/gmm-handler.c:186)
08/14 22:14:31.188: [sbi] INFO: [dc6c5fe2-9807-41f1-b1f7-c7bb735e7c1d] Setup NF Instance [type:AUSF] (../lib/sbi/path.c:349)
08/14 22:14:31.193: [amf] INFO: Setup NF EndPoint(addr) [172.22.0.11:7777] (../src/amf/nausf-handler.c:130)
08/14 22:14:31.201: [gmm] ERROR: Cannot find Requested NSSAI [1] (../src/amf/gmm-handler.c:458)
08/14 22:14:31.201: [gmm] ERROR:     PLMN_ID[MCC:1 MNC:1] (../src/amf/gmm-handler.c:461)
08/14 22:14:31.201: [gmm] ERROR:     S_NSSAI[SST:2 SD:0xffffff] (../src/amf/gmm-handler.c:464)
08/14 22:14:31.201: [gmm] ERROR: [suci-0-001-01-0000-0-0-0000000011] gmm_handle_security_mode_complete() failed [62] in type [65] (../src/amf/gmm-sm.c:2591)
08/14 22:14:31.201: [amf] WARNING: [suci-0-001-01-0000-0-0-0000000011] Registration reject [62] (../src/amf/nas-path.c:213)
08/14 22:14:31.408: [amf] INFO: UE Context Release [Action:3] (../src/amf/ngap-handler.c:1905)
08/14 22:14:31.408: [amf] INFO:     RAN_UE_NGAP_ID[71] AMF_UE_NGAP_ID[71] (../src/amf/ngap-handler.c:1906)
08/14 22:14:31.408: [amf] INFO:     SUCI[suci-0-001-01-0000-0-0-0000000011] (../src/amf/ngap-handler.c:1910)
08/14 22:14:31.408: [amf] INFO: [Removed] Number of gNB-UEs is now 0 (../src/amf/context.c:2939)
08/14 22:14:31.409: [amf] INFO: [Removed] Number of AMF-UEs is now 0 (../src/amf/context.c:1799)
08/14 22:14:42.198: [amf] INFO: InitialUEMessage (../src/amf/ngap-handler.c:612)
08/14 22:14:42.198: [amf] INFO: [Added] Number of gNB-UEs is now 1 (../src/amf/context.c:2932)
08/14 22:14:42.198: [amf] INFO:     RAN_UE_NGAP_ID[72] AMF_UE_NGAP_ID[72] TAC[2] CellID[0xa] (../src/amf/ngap-handler.c:815)
08/14 22:14:42.198: [amf] INFO: [suci-0-001-01-0000-0-0-0000000011] Unknown UE by SUCI (../src/amf/context.c:1934)
08/14 22:14:42.198: [amf] INFO: [Added] Number of AMF-UEs is now 1 (../src/amf/context.c:1699)
08/14 22:14:42.198: [gmm] INFO: Registration request (../src/amf/gmm-sm.c:1670)
08/14 22:14:42.198: [gmm] INFO: [suci-0-001-01-0000-0-0-0000000011]    SUCI (../src/amf/gmm-handler.c:186)
08/14 22:14:42.198: [sbi] INFO: [dc6c5fe2-9807-41f1-b1f7-c7bb735e7c1d] Setup NF Instance [type:AUSF] (../lib/sbi/path.c:349)
08/14 22:14:42.203: [amf] INFO: Setup NF EndPoint(addr) [172.22.0.11:7777] (../src/amf/nausf-handler.c:130)
08/14 22:14:42.209: [gmm] ERROR: Cannot find Requested NSSAI [1] (../src/amf/gmm-handler.c:458)
08/14 22:14:42.209: [gmm] ERROR:     PLMN_ID[MCC:1 MNC:1] (../src/amf/gmm-handler.c:461)
08/14 22:14:42.209: [gmm] ERROR:     S_NSSAI[SST:2 SD:0xffffff] (../src/amf/gmm-handler.c:464)
08/14 22:14:42.209: [gmm] ERROR: [suci-0-001-01-0000-0-0-0000000011] gmm_handle_security_mode_complete() failed [62] in type [65] (../src/amf/gmm-sm.c:2591)
08/14 22:14:42.209: [amf] WARNING: [suci-0-001-01-0000-0-0-0000000011] Registration reject [62] (../src/amf/nas-path.c:213)
08/14 22:14:42.415: [amf] INFO: UE Context Release [Action:3] (../src/amf/ngap-handler.c:1905)
08/14 22:14:42.415: [amf] INFO:     RAN_UE_NGAP_ID[72] AMF_UE_NGAP_ID[72] (../src/amf/ngap-handler.c:1906)
08/14 22:14:42.415: [amf] INFO:     SUCI[suci-0-001-01-0000-0-0-0000000011] (../src/amf/ngap-handler.c:1910)
08/14 22:14:42.415: [amf] INFO: [Removed] Number of gNB-UEs is now 0 (../src/amf/context.c:2939)
08/14 22:14:42.415: [amf] INFO: [Removed] Number of AMF-UEs is now 0 (../src/amf/context.c:1799)
08/14 22:14:53.209: [amf] INFO: InitialUEMessage (../src/amf/ngap-handler.c:612)
08/14 22:14:53.209: [amf] INFO: [Added] Number of gNB-UEs is now 1 (../src/amf/context.c:2932)
08/14 22:14:53.209: [amf] INFO:     RAN_UE_NGAP_ID[73] AMF_UE_NGAP_ID[73] TAC[2] CellID[0xa] (../src/amf/ngap-handler.c:815)
08/14 22:14:53.209: [amf] INFO: [suci-0-001-01-0000-0-0-0000000011] Unknown UE by SUCI (../src/amf/context.c:1934)
08/14 22:14:53.209: [amf] INFO: [Added] Number of AMF-UEs is now 1 (../src/amf/context.c:1699)
08/14 22:14:53.209: [gmm] INFO: Registration request (../src/amf/gmm-sm.c:1670)
08/14 22:14:53.209: [gmm] INFO: [suci-0-001-01-0000-0-0-0000000011]    SUCI (../src/amf/gmm-handler.c:186)
08/14 22:14:53.209: [sbi] INFO: [dc6c5fe2-9807-41f1-b1f7-c7bb735e7c1d] Setup NF Instance [type:AUSF] (../lib/sbi/path.c:349)
08/14 22:14:53.213: [amf] INFO: Setup NF EndPoint(addr) [172.22.0.11:7777] (../src/amf/nausf-handler.c:130)
08/14 22:14:53.220: [gmm] ERROR: Cannot find Requested NSSAI [1] (../src/amf/gmm-handler.c:458)
08/14 22:14:53.220: [gmm] ERROR:     PLMN_ID[MCC:1 MNC:1] (../src/amf/gmm-handler.c:461)
08/14 22:14:53.220: [gmm] ERROR:     S_NSSAI[SST:2 SD:0xffffff] (../src/amf/gmm-handler.c:464)
08/14 22:14:53.220: [gmm] ERROR: [suci-0-001-01-0000-0-0-0000000011] gmm_handle_security_mode_complete() failed [62] in type [65] (../src/amf/gmm-sm.c:2591)
08/14 22:14:53.220: [amf] WARNING: [suci-0-001-01-0000-0-0-0000000011] Registration reject [62] (../src/amf/nas-path.c:213)
08/14 22:14:53.424: [amf] INFO: UE Context Release [Action:3] (../src/amf/ngap-handler.c:1905)
08/14 22:14:53.424: [amf] INFO:     RAN_UE_NGAP_ID[73] AMF_UE_NGAP_ID[73] (../src/amf/ngap-handler.c:1906)
08/14 22:14:53.424: [amf] INFO:     SUCI[suci-0-001-01-0000-0-0-0000000011] (../src/amf/ngap-handler.c:1910)
08/14 22:14:53.424: [amf] INFO: [Removed] Number of gNB-UEs is now 0 (../src/amf/context.c:2939)
08/14 22:14:53.424: [amf] INFO: [Removed] Number of AMF-UEs is now 0 (../src/amf/context.c:1799)
08/14 22:15:04.222: [amf] INFO: InitialUEMessage (../src/amf/ngap-handler.c:612)
08/14 22:15:04.222: [amf] INFO: [Added] Number of gNB-UEs is now 1 (../src/amf/context.c:2932)
08/14 22:15:04.222: [amf] INFO:     RAN_UE_NGAP_ID[74] AMF_UE_NGAP_ID[74] TAC[2] CellID[0xa] (../src/amf/ngap-handler.c:815)
08/14 22:15:04.222: [amf] INFO: [suci-0-001-01-0000-0-0-0000000011] Unknown UE by SUCI (../src/amf/context.c:1934)
08/14 22:15:04.222: [amf] INFO: [Added] Number of AMF-UEs is now 1 (../src/amf/context.c:1699)
08/14 22:15:04.222: [gmm] INFO: Registration request (../src/amf/gmm-sm.c:1670)
08/14 22:15:04.222: [gmm] INFO: [suci-0-001-01-0000-0-0-0000000011]    SUCI (../src/amf/gmm-handler.c:186)
08/14 22:15:04.222: [sbi] INFO: [dc6c5fe2-9807-41f1-b1f7-c7bb735e7c1d] Setup NF Instance [type:AUSF] (../lib/sbi/path.c:349)
08/14 22:15:04.227: [amf] INFO: Setup NF EndPoint(addr) [172.22.0.11:7777] (../src/amf/nausf-handler.c:130)
08/14 22:15:04.235: [gmm] ERROR: Cannot find Requested NSSAI [1] (../src/amf/gmm-handler.c:458)
08/14 22:15:04.235: [gmm] ERROR:     PLMN_ID[MCC:1 MNC:1] (../src/amf/gmm-handler.c:461)
08/14 22:15:04.235: [gmm] ERROR:     S_NSSAI[SST:2 SD:0xffffff] (../src/amf/gmm-handler.c:464)
08/14 22:15:04.235: [gmm] ERROR: [suci-0-001-01-0000-0-0-0000000011] gmm_handle_security_mode_complete() failed [62] in type [65] (../src/amf/gmm-sm.c:2591)
08/14 22:15:04.235: [amf] WARNING: [suci-0-001-01-0000-0-0-0000000011] Registration reject [62] (../src/amf/nas-path.c:213)
08/14 22:15:04.439: [amf] INFO: UE Context Release [Action:3] (../src/amf/ngap-handler.c:1905)
08/14 22:15:04.439: [amf] INFO:     RAN_UE_NGAP_ID[74] AMF_UE_NGAP_ID[74] (../src/amf/ngap-handler.c:1906)
08/14 22:15:04.439: [amf] INFO:     SUCI[suci-0-001-01-0000-0-0-0000000011] (../src/amf/ngap-handler.c:1910)
08/14 22:15:04.439: [amf] INFO: [Removed] Number of gNB-UEs is now 0 (../src/amf/context.c:2939)
08/14 22:15:04.439: [amf] INFO: [Removed] Number of AMF-UEs is now 0 (../src/amf/context.c:1799)
08/14 22:15:15.233: [amf] INFO: InitialUEMessage (../src/amf/ngap-handler.c:612)
08/14 22:15:15.233: [amf] INFO: [Added] Number of gNB-UEs is now 1 (../src/amf/context.c:2932)
08/14 22:15:15.233: [amf] INFO:     RAN_UE_NGAP_ID[75] AMF_UE_NGAP_ID[75] TAC[2] CellID[0xa] (../src/amf/ngap-handler.c:815)
08/14 22:15:15.233: [amf] INFO: [suci-0-001-01-0000-0-0-0000000011] Unknown UE by SUCI (../src/amf/context.c:1934)
08/14 22:15:15.233: [amf] INFO: [Added] Number of AMF-UEs is now 1 (../src/amf/context.c:1699)
08/14 22:15:15.233: [gmm] INFO: Registration request (../src/amf/gmm-sm.c:1670)
08/14 22:15:15.233: [gmm] INFO: [suci-0-001-01-0000-0-0-0000000011]    SUCI (../src/amf/gmm-handler.c:186)
08/14 22:15:15.233: [sbi] INFO: [dc6c5fe2-9807-41f1-b1f7-c7bb735e7c1d] Setup NF Instance [type:AUSF] (../lib/sbi/path.c:349)
08/14 22:15:15.237: [amf] INFO: Setup NF EndPoint(addr) [172.22.0.11:7777] (../src/amf/nausf-handler.c:130)
08/14 22:15:15.242: [gmm] ERROR: Cannot find Requested NSSAI [1] (../src/amf/gmm-handler.c:458)
08/14 22:15:15.242: [gmm] ERROR:     PLMN_ID[MCC:1 MNC:1] (../src/amf/gmm-handler.c:461)
08/14 22:15:15.242: [gmm] ERROR:     S_NSSAI[SST:2 SD:0xffffff] (../src/amf/gmm-handler.c:464)
08/14 22:15:15.242: [gmm] ERROR: [suci-0-001-01-0000-0-0-0000000011] gmm_handle_security_mode_complete() failed [62] in type [65] (../src/amf/gmm-sm.c:2591)
08/14 22:15:15.242: [amf] WARNING: [suci-0-001-01-0000-0-0-0000000011] Registration reject [62] (../src/amf/nas-path.c:213)
08/14 22:15:15.448: [amf] INFO: UE Context Release [Action:3] (../src/amf/ngap-handler.c:1905)
08/14 22:15:15.448: [amf] INFO:     RAN_UE_NGAP_ID[75] AMF_UE_NGAP_ID[75] (../src/amf/ngap-handler.c:1906)
08/14 22:15:15.448: [amf] INFO:     SUCI[suci-0-001-01-0000-0-0-0000000011] (../src/amf/ngap-handler.c:1910)
08/14 22:15:15.449: [amf] INFO: [Removed] Number of gNB-UEs is now 0 (../src/amf/context.c:2939)
08/14 22:15:15.449: [amf] INFO: [Removed] Number of AMF-UEs is now 0 (../src/amf/context.c:1799)
Open5GS daemon v2.7.7-74-gdbe060f

08/15 04:33:36.873: [app] INFO: Configuration: '/open5gs/install/etc/open5gs/amf.yaml' (../lib/app/ogs-init.c:144)
08/15 04:33:36.873: [app] INFO: File Logging: '/open5gs/install/var/log/open5gs/amf2.log' (../lib/app/ogs-init.c:147)
08/15 04:33:36.876: [sbi] INFO: Setup NF EndPoint(fqdn) [nrf:7777] (../lib/sbi/context.c:451)
08/15 04:33:36.876: [sbi] INFO: Setup NF EndPoint(fqdn) [scp:7777] (../lib/sbi/context.c:499)
08/15 04:33:36.876: [metrics] INFO: metrics_server() [http://172.22.0.46]:9091 (../lib/metrics/prometheus/context.c:392)
08/15 04:33:36.876: [sbi] INFO: NF Service [namf-comm] (../lib/sbi/context.c:2011)
08/15 04:33:36.877: [sbi] INFO: nghttp2_server() [http://172.22.0.46]:7777 (../lib/sbi/nghttp2-server.c:454)
08/15 04:33:36.877: [amf] INFO: ngap_server() [172.22.0.46]:38412 (../src/amf/ngap-sctp.c:61)
08/15 04:33:36.877: [sctp] INFO: AMF initialize...done (../src/amf/app.c:33)
08/15 04:33:36.881: [sbi] INFO: [7b5798a6-9862-41f1-8b88-0fe67dc1ec6a] NF registered [Heartbeat:10s] (../lib/sbi/nf-sm.c:364)
08/15 04:33:36.883: [sbi] INFO: Setup NF EndPoint(addr) [172.22.0.12:7777] (../lib/sbi/nnrf-handler.c:1113)
08/15 04:33:36.883: [sbi] INFO: [7b589990-9862-41f1-80b4-f9381b7a96d1] Subscription created until 2026-08-16T04:33:36.881744+00:00 [duration:86400000000,validity:86400.000000,patch:43200.000000] (../lib/sbi/nnrf-handler.c:1032)
08/15 04:33:36.883: [sbi] INFO: Setup NF EndPoint(addr) [172.22.0.12:7777] (../lib/sbi/nnrf-handler.c:1113)
08/15 04:33:36.883: [sbi] INFO: [7b58b038-9862-41f1-80b4-f9381b7a96d1] Subscription created until 2026-08-16T04:33:36.882308+00:00 [duration:86400000000,validity:86400.000000,patch:43200.000000] (../lib/sbi/nnrf-handler.c:1032)
08/15 04:33:36.883: [sbi] INFO: Setup NF EndPoint(addr) [172.22.0.12:7777] (../lib/sbi/nnrf-handler.c:1113)
08/15 04:33:36.883: [sbi] INFO: [7b58b452-9862-41f1-80b4-f9381b7a96d1] Subscription created until 2026-08-16T04:33:36.882408+00:00 [duration:86400000000,validity:86400.000000,patch:43200.000000] (../lib/sbi/nnrf-handler.c:1032)
08/15 04:33:36.883: [sbi] INFO: Setup NF EndPoint(addr) [172.22.0.12:7777] (../lib/sbi/nnrf-handler.c:1113)
08/15 04:33:36.883: [sbi] INFO: [7b58b894-9862-41f1-80b4-f9381b7a96d1] Subscription created until 2026-08-16T04:33:36.882517+00:00 [duration:86400000000,validity:86400.000000,patch:43200.000000] (../lib/sbi/nnrf-handler.c:1032)
08/15 04:33:36.883: [sbi] INFO: Setup NF EndPoint(addr) [172.22.0.12:7777] (../lib/sbi/nnrf-handler.c:1113)
08/15 04:33:36.883: [sbi] INFO: [7b58ba6a-9862-41f1-80b4-f9381b7a96d1] Subscription created until 2026-08-16T04:33:36.882559+00:00 [duration:86400000000,validity:86400.000000,patch:43200.000000] (../lib/sbi/nnrf-handler.c:1032)
08/15 04:33:36.883: [sbi] INFO: Setup NF EndPoint(addr) [172.22.0.12:7777] (../lib/sbi/nnrf-handler.c:1113)
08/15 04:33:36.883: [sbi] INFO: [7b58c1f4-9862-41f1-80b4-f9381b7a96d1] Subscription created until 2026-08-16T04:33:36.882757+00:00 [duration:86400000000,validity:86400.000000,patch:43200.000000] (../lib/sbi/nnrf-handler.c:1032)
08/15 04:33:36.884: [sbi] INFO: Setup NF EndPoint(addr) [172.22.0.12:7777] (../lib/sbi/nnrf-handler.c:1113)
08/15 04:33:36.884: [sbi] INFO: [7b58cb90-9862-41f1-80b4-f9381b7a96d1] Subscription created until 2026-08-16T04:33:36.883005+00:00 [duration:86400000000,validity:86400.000000,patch:43200.000000] (../lib/sbi/nnrf-handler.c:1032)
08/15 04:33:36.886: [sbi] INFO: [699a8d76-9862-41f1-9419-d12b445bc7ee] (NRF-profile-get) NF registered (../lib/sbi/nf-sm.c:104)
08/15 04:33:36.886: [sbi] INFO: [UDM] NFInstance associated [699a8d76-9862-41f1-9419-d12b445bc7ee] (../lib/sbi/context.c:2495)
08/15 04:33:36.886: [sbi] INFO: Setup NF EndPoint(addr) [172.22.0.13:80] (../lib/sbi/context.c:2500)
08/15 04:33:36.886: [sbi] INFO: [nudm-ueau] NFService associated [699a9f82-9862-41f1-9419-d12b445bc7ee] (../lib/sbi/context.c:2135)
08/15 04:33:36.886: [sbi] INFO: Setup NF EndPoint(addr) [172.22.0.13:7777] (../lib/sbi/context.c:2137)
08/15 04:33:36.886: [sbi] INFO: [nudm-uecm] NFService associated [699aa022-9862-41f1-9419-d12b445bc7ee] (../lib/sbi/context.c:2135)
08/15 04:33:36.886: [sbi] INFO: Setup NF EndPoint(addr) [172.22.0.13:7777] (../lib/sbi/context.c:2137)
08/15 04:33:36.886: [sbi] INFO: [nudm-sdm] NFService associated [699aa05e-9862-41f1-9419-d12b445bc7ee] (../lib/sbi/context.c:2135)
08/15 04:33:36.886: [sbi] INFO: Setup NF EndPoint(addr) [172.22.0.13:7777] (../lib/sbi/context.c:2137)
08/15 04:33:36.888: [sbi] INFO: [699efa64-9862-41f1-825a-798f3f0ef231] (NRF-profile-get) NF registered (../lib/sbi/nf-sm.c:104)
08/15 04:33:36.888: [sbi] INFO: [AUSF] NFInstance associated [699efa64-9862-41f1-825a-798f3f0ef231] (../lib/sbi/context.c:2495)
08/15 04:33:36.888: [sbi] INFO: Setup NF EndPoint(addr) [172.22.0.11:80] (../lib/sbi/context.c:2500)
08/15 04:33:36.888: [sbi] INFO: [nausf-auth] NFService associated [699f0504-9862-41f1-825a-798f3f0ef231] (../lib/sbi/context.c:2135)
08/15 04:33:36.888: [sbi] INFO: Setup NF EndPoint(addr) [172.22.0.11:7777] (../lib/sbi/context.c:2137)
08/15 04:33:36.888: [sbi] INFO: [69a63676-9862-41f1-8987-dd286c71c463] (NRF-profile-get) NF registered (../lib/sbi/nf-sm.c:104)
08/15 04:33:36.888: [sbi] INFO: [NSSF] NFInstance associated [69a63676-9862-41f1-8987-dd286c71c463] (../lib/sbi/context.c:2495)
08/15 04:33:36.888: [sbi] INFO: Setup NF EndPoint(addr) [172.22.0.28:80] (../lib/sbi/context.c:2500)
08/15 04:33:36.888: [sbi] INFO: [nnssf-nsselection] NFService associated [69a64062-9862-41f1-8987-dd286c71c463] (../lib/sbi/context.c:2135)
08/15 04:33:36.888: [sbi] INFO: Setup NF EndPoint(addr) [172.22.0.28:7777] (../lib/sbi/context.c:2137)
08/15 04:33:36.889: [sbi] INFO: [6a08ff90-9862-41f1-95e9-4fa4ad18c57b] (NRF-profile-get) NF registered (../lib/sbi/nf-sm.c:104)
08/15 04:33:36.889: [sbi] INFO: [SMF] NFInstance associated [6a08ff90-9862-41f1-95e9-4fa4ad18c57b] (../lib/sbi/context.c:2495)
08/15 04:33:36.889: [sbi] INFO: Setup NF EndPoint(addr) [172.22.0.7:80] (../lib/sbi/context.c:2500)
08/15 04:33:36.889: [sbi] INFO: [nsmf-pdusession] NFService associated [6a0e4b62-9862-41f1-95e9-4fa4ad18c57b] (../lib/sbi/context.c:2135)
08/15 04:33:36.889: [sbi] INFO: Setup NF EndPoint(addr) [172.22.0.7:7777] (../lib/sbi/context.c:2137)
08/15 04:33:36.889: [sbi] INFO: [6f9c82ce-9862-41f1-84fc-f5246af71e31] (NRF-profile-get) NF registered (../lib/sbi/nf-sm.c:104)
08/15 04:33:36.889: [sbi] INFO: [PCF] NFInstance associated [6f9c82ce-9862-41f1-84fc-f5246af71e31] (../lib/sbi/context.c:2495)
08/15 04:33:36.889: [sbi] INFO: Setup NF EndPoint(addr) [172.22.0.27:80] (../lib/sbi/context.c:2500)
08/15 04:33:36.889: [sbi] INFO: [npcf-am-policy-control] NFService associated [6f9ccc16-9862-41f1-84fc-f5246af71e31] (../lib/sbi/context.c:2135)
08/15 04:33:36.889: [sbi] INFO: Setup NF EndPoint(addr) [172.22.0.27:7777] (../lib/sbi/context.c:2137)
08/15 04:33:36.889: [sbi] INFO: [npcf-smpolicycontrol] NFService associated [6f9ccce8-9862-41f1-84fc-f5246af71e31] (../lib/sbi/context.c:2135)
08/15 04:33:36.889: [sbi] INFO: Setup NF EndPoint(addr) [172.22.0.27:7777] (../lib/sbi/context.c:2137)
08/15 04:33:36.889: [sbi] INFO: [npcf-policyauthorization] NFService associated [6f9ccd2e-9862-41f1-84fc-f5246af71e31] (../lib/sbi/context.c:2135)
08/15 04:33:36.889: [sbi] INFO: Setup NF EndPoint(addr) [172.22.0.27:7777] (../lib/sbi/context.c:2137)
08/15 04:33:37.340: [amf] INFO: gNB-N2 accepted[172.22.0.43]:57565 in ng-path module (../src/amf/ngap-sctp.c:113)
08/15 04:33:37.340: [amf] INFO: gNB-N2 accepted[172.22.0.43] in master_sm module (../src/amf/amf-sm.c:813)
08/15 04:33:37.347: [amf] INFO: [Added] Number of gNBs is now 1 (../src/amf/context.c:1277)
08/15 04:33:37.347: [amf] INFO: gNB-N2[172.22.0.43] max_num_of_ostreams : 30 (../src/amf/amf-sm.c:860)
08/15 04:33:41.471: [amf] INFO: InitialUEMessage (../src/amf/ngap-handler.c:612)
08/15 04:33:41.471: [amf] INFO: [Added] Number of gNB-UEs is now 1 (../src/amf/context.c:2932)
08/15 04:33:41.471: [amf] INFO:     RAN_UE_NGAP_ID[1] AMF_UE_NGAP_ID[1] TAC[3] CellID[0x3] (../src/amf/ngap-handler.c:815)
08/15 04:33:41.471: [amf] INFO: [suci-0-001-01-0000-0-0-0000000011] Unknown UE by SUCI (../src/amf/context.c:1934)
08/15 04:33:41.471: [amf] INFO: [Added] Number of AMF-UEs is now 1 (../src/amf/context.c:1699)
08/15 04:33:41.471: [gmm] INFO: Registration request (../src/amf/gmm-sm.c:1670)
08/15 04:33:41.471: [gmm] INFO: [suci-0-001-01-0000-0-0-0000000011]    SUCI (../src/amf/gmm-handler.c:186)
08/15 04:33:41.471: [sbi] INFO: [699efa64-9862-41f1-825a-798f3f0ef231] Setup NF Instance [type:AUSF] (../lib/sbi/path.c:349)
08/15 04:33:41.476: [amf] INFO: Setup NF EndPoint(addr) [172.22.0.11:7777] (../src/amf/nausf-handler.c:130)
08/15 04:33:41.477: [gmm] WARNING: [suci-0-001-01-0000-0-0-0000000011] Authentication failure [21] (../src/amf/gmm-sm.c:2143)
08/15 04:33:41.477: [gmm] WARNING: [suci-0-001-01-0000-0-0-0000000011] Authentication failure(Synch failure[count=0]) (../src/amf/gmm-sm.c:2172)
08/15 04:33:41.480: [amf] WARNING: UnRef NF EndPoint(addr) [172.22.0.11:7777] (../src/amf/nausf-handler.c:130)
08/15 04:33:41.480: [amf] INFO: Setup NF EndPoint(addr) [172.22.0.11:7777] (../src/amf/nausf-handler.c:130)
08/15 04:33:41.485: [sbi] INFO: [699a8d76-9862-41f1-9419-d12b445bc7ee] Setup NF Instance [type:UDM] (../lib/sbi/path.c:349)
08/15 04:33:41.487: [sbi] INFO: [699a8d76-9862-41f1-9419-d12b445bc7ee] Setup NF Instance [type:UDM] (../lib/sbi/path.c:349)
08/15 04:33:41.490: [amf] INFO: Setup NF EndPoint(addr) [172.22.0.13:7777] (../src/amf/nudm-handler.c:422)
08/15 04:33:41.490: [sbi] INFO: [6f9c82ce-9862-41f1-84fc-f5246af71e31] Setup NF Instance [type:PCF] (../lib/sbi/path.c:349)
08/15 04:33:41.492: [amf] INFO: Setup NF EndPoint(addr) [172.22.0.27:7777] (../src/amf/npcf-handler.c:143)
08/15 04:33:41.696: [gmm] INFO: [imsi-001010000000011] Registration complete (../src/amf/gmm-sm.c:3146)
08/15 04:33:41.696: [amf] INFO: [imsi-001010000000011] Configuration update command (../src/amf/nas-path.c:609)
08/15 04:33:41.696: [gmm] INFO:     UTC [2026-08-15T04:33:41] Timezone[0]/DST[0] (../src/amf/gmm-build.c:551)
08/15 04:33:41.696: [gmm] INFO:     LOCAL [2026-08-15T04:33:41] Timezone[0]/DST[0] (../src/amf/gmm-build.c:556)
08/15 04:33:41.696: [amf] INFO: [Added] Number of AMF-Sessions is now 1 (../src/amf/context.c:2953)
08/15 04:33:41.696: [gmm] INFO: UE SUPI[imsi-001010000000011] DNN[internet] LBO[0] S_NSSAI[SST:1 SD:0xffffff] smContextRef[NULL] smContextResourceURI[NULL] (../src/amf/gmm-handler.c:1430)
08/15 04:33:41.696: [gmm] INFO: V-SMF Instance [6a08ff90-9862-41f1-95e9-4fa4ad18c57b](LIST) (../src/amf/gmm-handler.c:1507)
08/15 04:33:41.696: [gmm] INFO: [6a08ff90-9862-41f1-95e9-4fa4ad18c57b] Setup NF Instance [type:SMF] (../src/amf/gmm-handler.c:1509)
08/15 04:33:41.696: [gmm] INFO: V-SMF Instance [6a08ff90-9862-41f1-95e9-4fa4ad18c57b] (../src/amf/gmm-handler.c:1519)
08/15 04:33:41.696: [gmm] INFO: V-SMF discovered in Non-Roaming or LBO-Roaming[0] (../src/amf/gmm-handler.c:1588)
08/15 04:33:41.696: [gmm] INFO: nsmf_pdusession [1:0x5971566d7688:(nil)] (../src/amf/gmm-handler.c:1628)
08/15 04:33:41.706: [amf] INFO: Setup NF EndPoint(addr) [172.22.0.7:7777] (../src/amf/nsmf-handler.c:140)
08/15 04:33:41.912: [amf] INFO: [imsi-001010000000011:1:11][0:0:NULL] /nsmf-pdusession/v1/sm-contexts/{smContextRef}/modify (../src/amf/nsmf-handler.c:983)
08/15 04:33:43.542: [amf] INFO: InitialUEMessage (../src/amf/ngap-handler.c:612)
08/15 04:33:43.542: [amf] INFO: [Added] Number of gNB-UEs is now 2 (../src/amf/context.c:2932)
08/15 04:33:43.542: [amf] INFO:     RAN_UE_NGAP_ID[2] AMF_UE_NGAP_ID[2] TAC[3] CellID[0x3] (../src/amf/ngap-handler.c:815)
08/15 04:33:43.542: [amf] INFO: [suci-0-001-01-0000-0-0-0000000012] Unknown UE by SUCI (../src/amf/context.c:1934)
08/15 04:33:43.542: [amf] INFO: [Added] Number of AMF-UEs is now 2 (../src/amf/context.c:1699)
08/15 04:33:43.542: [gmm] INFO: Registration request (../src/amf/gmm-sm.c:1670)
08/15 04:33:43.542: [gmm] INFO: [suci-0-001-01-0000-0-0-0000000012]    SUCI (../src/amf/gmm-handler.c:186)
08/15 04:33:43.542: [sbi] INFO: [699efa64-9862-41f1-825a-798f3f0ef231] Setup NF Instance [type:AUSF] (../lib/sbi/path.c:349)
08/15 04:33:43.547: [amf] INFO: Setup NF EndPoint(addr) [172.22.0.11:7777] (../src/amf/nausf-handler.c:130)
08/15 04:33:43.548: [gmm] WARNING: [suci-0-001-01-0000-0-0-0000000012] Authentication failure [21] (../src/amf/gmm-sm.c:2143)
08/15 04:33:43.548: [gmm] WARNING: [suci-0-001-01-0000-0-0-0000000012] Authentication failure(Synch failure[count=0]) (../src/amf/gmm-sm.c:2172)
08/15 04:33:43.551: [amf] WARNING: UnRef NF EndPoint(addr) [172.22.0.11:7777] (../src/amf/nausf-handler.c:130)
08/15 04:33:43.551: [amf] INFO: Setup NF EndPoint(addr) [172.22.0.11:7777] (../src/amf/nausf-handler.c:130)
08/15 04:33:43.557: [sbi] INFO: [699a8d76-9862-41f1-9419-d12b445bc7ee] Setup NF Instance [type:UDM] (../lib/sbi/path.c:349)
08/15 04:33:43.559: [sbi] INFO: [699a8d76-9862-41f1-9419-d12b445bc7ee] Setup NF Instance [type:UDM] (../lib/sbi/path.c:349)
08/15 04:33:43.562: [amf] INFO: Setup NF EndPoint(addr) [172.22.0.13:7777] (../src/amf/nudm-handler.c:422)
08/15 04:33:43.562: [sbi] INFO: [6f9c82ce-9862-41f1-84fc-f5246af71e31] Setup NF Instance [type:PCF] (../lib/sbi/path.c:349)
08/15 04:33:43.565: [amf] INFO: Setup NF EndPoint(addr) [172.22.0.27:7777] (../src/amf/npcf-handler.c:143)
08/15 04:33:43.767: [gmm] INFO: [imsi-001010000000012] Registration complete (../src/amf/gmm-sm.c:3146)
08/15 04:33:43.767: [amf] INFO: [imsi-001010000000012] Configuration update command (../src/amf/nas-path.c:609)
08/15 04:33:43.767: [gmm] INFO:     UTC [2026-08-15T04:33:43] Timezone[0]/DST[0] (../src/amf/gmm-build.c:551)
08/15 04:33:43.767: [gmm] INFO:     LOCAL [2026-08-15T04:33:43] Timezone[0]/DST[0] (../src/amf/gmm-build.c:556)
08/15 04:33:43.767: [amf] INFO: [Added] Number of AMF-Sessions is now 2 (../src/amf/context.c:2953)
08/15 04:33:43.767: [gmm] INFO: UE SUPI[imsi-001010000000012] DNN[internet] LBO[0] S_NSSAI[SST:1 SD:0xffffff] smContextRef[NULL] smContextResourceURI[NULL] (../src/amf/gmm-handler.c:1430)
08/15 04:33:43.767: [gmm] INFO: V-SMF Instance [6a08ff90-9862-41f1-95e9-4fa4ad18c57b](LIST) (../src/amf/gmm-handler.c:1507)
08/15 04:33:43.767: [gmm] INFO: [6a08ff90-9862-41f1-95e9-4fa4ad18c57b] Setup NF Instance [type:SMF] (../src/amf/gmm-handler.c:1509)
08/15 04:33:43.767: [gmm] INFO: V-SMF Instance [6a08ff90-9862-41f1-95e9-4fa4ad18c57b] (../src/amf/gmm-handler.c:1519)
08/15 04:33:43.767: [gmm] INFO: V-SMF discovered in Non-Roaming or LBO-Roaming[0] (../src/amf/gmm-handler.c:1588)
08/15 04:33:43.767: [gmm] INFO: nsmf_pdusession [1:0x5971566d7688:(nil)] (../src/amf/gmm-handler.c:1628)
08/15 04:33:43.775: [amf] INFO: Setup NF EndPoint(addr) [172.22.0.7:7777] (../src/amf/nsmf-handler.c:140)
08/15 04:33:43.982: [amf] INFO: [imsi-001010000000012:1:11][0:0:NULL] /nsmf-pdusession/v1/sm-contexts/{smContextRef}/modify (../src/amf/nsmf-handler.c:983)
08/15 04:33:45.536: [amf] INFO: InitialUEMessage (../src/amf/ngap-handler.c:612)
08/15 04:33:45.536: [amf] INFO: [Added] Number of gNB-UEs is now 3 (../src/amf/context.c:2932)
08/15 04:33:45.536: [amf] INFO:     RAN_UE_NGAP_ID[3] AMF_UE_NGAP_ID[3] TAC[3] CellID[0x3] (../src/amf/ngap-handler.c:815)
08/15 04:33:45.536: [amf] INFO: [suci-0-001-01-0000-0-0-0000000013] Unknown UE by SUCI (../src/amf/context.c:1934)
08/15 04:33:45.536: [amf] INFO: [Added] Number of AMF-UEs is now 3 (../src/amf/context.c:1699)
08/15 04:33:45.536: [gmm] INFO: Registration request (../src/amf/gmm-sm.c:1670)
08/15 04:33:45.536: [gmm] INFO: [suci-0-001-01-0000-0-0-0000000013]    SUCI (../src/amf/gmm-handler.c:186)
08/15 04:33:45.536: [sbi] INFO: [699efa64-9862-41f1-825a-798f3f0ef231] Setup NF Instance [type:AUSF] (../lib/sbi/path.c:349)
08/15 04:33:45.540: [amf] INFO: Setup NF EndPoint(addr) [172.22.0.11:7777] (../src/amf/nausf-handler.c:130)
08/15 04:33:45.542: [gmm] WARNING: [suci-0-001-01-0000-0-0-0000000013] Authentication failure [21] (../src/amf/gmm-sm.c:2143)
08/15 04:33:45.542: [gmm] WARNING: [suci-0-001-01-0000-0-0-0000000013] Authentication failure(Synch failure[count=0]) (../src/amf/gmm-sm.c:2172)
08/15 04:33:45.545: [amf] WARNING: UnRef NF EndPoint(addr) [172.22.0.11:7777] (../src/amf/nausf-handler.c:130)
08/15 04:33:45.545: [amf] INFO: Setup NF EndPoint(addr) [172.22.0.11:7777] (../src/amf/nausf-handler.c:130)
08/15 04:33:45.552: [sbi] INFO: [699a8d76-9862-41f1-9419-d12b445bc7ee] Setup NF Instance [type:UDM] (../lib/sbi/path.c:349)
08/15 04:33:45.553: [sbi] INFO: [699a8d76-9862-41f1-9419-d12b445bc7ee] Setup NF Instance [type:UDM] (../lib/sbi/path.c:349)
08/15 04:33:45.557: [amf] INFO: Setup NF EndPoint(addr) [172.22.0.13:7777] (../src/amf/nudm-handler.c:422)
08/15 04:33:45.557: [sbi] INFO: [6f9c82ce-9862-41f1-84fc-f5246af71e31] Setup NF Instance [type:PCF] (../lib/sbi/path.c:349)
08/15 04:33:45.559: [amf] INFO: Setup NF EndPoint(addr) [172.22.0.27:7777] (../src/amf/npcf-handler.c:143)
08/15 04:33:45.767: [gmm] INFO: [imsi-001010000000013] Registration complete (../src/amf/gmm-sm.c:3146)
08/15 04:33:45.768: [amf] INFO: [imsi-001010000000013] Configuration update command (../src/amf/nas-path.c:609)
08/15 04:33:45.768: [gmm] INFO:     UTC [2026-08-15T04:33:45] Timezone[0]/DST[0] (../src/amf/gmm-build.c:551)
08/15 04:33:45.768: [gmm] INFO:     LOCAL [2026-08-15T04:33:45] Timezone[0]/DST[0] (../src/amf/gmm-build.c:556)
08/15 04:33:45.768: [amf] INFO: [Added] Number of AMF-Sessions is now 3 (../src/amf/context.c:2953)
08/15 04:33:45.768: [gmm] INFO: UE SUPI[imsi-001010000000013] DNN[internet] LBO[0] S_NSSAI[SST:1 SD:0xffffff] smContextRef[NULL] smContextResourceURI[NULL] (../src/amf/gmm-handler.c:1430)
08/15 04:33:45.768: [gmm] INFO: V-SMF Instance [6a08ff90-9862-41f1-95e9-4fa4ad18c57b](LIST) (../src/amf/gmm-handler.c:1507)
08/15 04:33:45.768: [gmm] INFO: [6a08ff90-9862-41f1-95e9-4fa4ad18c57b] Setup NF Instance [type:SMF] (../src/amf/gmm-handler.c:1509)
08/15 04:33:45.768: [gmm] INFO: V-SMF Instance [6a08ff90-9862-41f1-95e9-4fa4ad18c57b] (../src/amf/gmm-handler.c:1519)
08/15 04:33:45.768: [gmm] INFO: V-SMF discovered in Non-Roaming or LBO-Roaming[0] (../src/amf/gmm-handler.c:1588)
08/15 04:33:45.768: [gmm] INFO: nsmf_pdusession [1:0x5971566d7688:(nil)] (../src/amf/gmm-handler.c:1628)
08/15 04:33:45.777: [amf] INFO: Setup NF EndPoint(addr) [172.22.0.7:7777] (../src/amf/nsmf-handler.c:140)
08/15 04:33:45.985: [amf] INFO: [imsi-001010000000013:1:11][0:0:NULL] /nsmf-pdusession/v1/sm-contexts/{smContextRef}/modify (../src/amf/nsmf-handler.c:983)
08/15 04:33:47.507: [amf] INFO: InitialUEMessage (../src/amf/ngap-handler.c:612)
08/15 04:33:47.507: [amf] INFO: [Added] Number of gNB-UEs is now 4 (../src/amf/context.c:2932)
08/15 04:33:47.507: [amf] INFO:     RAN_UE_NGAP_ID[4] AMF_UE_NGAP_ID[4] TAC[3] CellID[0x3] (../src/amf/ngap-handler.c:815)
08/15 04:33:47.507: [amf] INFO: [suci-0-001-01-0000-0-0-0000000014] Unknown UE by SUCI (../src/amf/context.c:1934)
08/15 04:33:47.507: [amf] INFO: [Added] Number of AMF-UEs is now 4 (../src/amf/context.c:1699)
08/15 04:33:47.507: [gmm] INFO: Registration request (../src/amf/gmm-sm.c:1670)
08/15 04:33:47.507: [gmm] INFO: [suci-0-001-01-0000-0-0-0000000014]    SUCI (../src/amf/gmm-handler.c:186)
08/15 04:33:47.507: [sbi] INFO: [699efa64-9862-41f1-825a-798f3f0ef231] Setup NF Instance [type:AUSF] (../lib/sbi/path.c:349)
08/15 04:33:47.511: [amf] INFO: Setup NF EndPoint(addr) [172.22.0.11:7777] (../src/amf/nausf-handler.c:130)
08/15 04:33:47.513: [gmm] WARNING: [suci-0-001-01-0000-0-0-0000000014] Authentication failure [21] (../src/amf/gmm-sm.c:2143)
08/15 04:33:47.513: [gmm] WARNING: [suci-0-001-01-0000-0-0-0000000014] Authentication failure(Synch failure[count=0]) (../src/amf/gmm-sm.c:2172)
08/15 04:33:47.516: [amf] WARNING: UnRef NF EndPoint(addr) [172.22.0.11:7777] (../src/amf/nausf-handler.c:130)
08/15 04:33:47.516: [amf] INFO: Setup NF EndPoint(addr) [172.22.0.11:7777] (../src/amf/nausf-handler.c:130)
08/15 04:33:47.522: [sbi] INFO: [699a8d76-9862-41f1-9419-d12b445bc7ee] Setup NF Instance [type:UDM] (../lib/sbi/path.c:349)
08/15 04:33:47.524: [sbi] INFO: [699a8d76-9862-41f1-9419-d12b445bc7ee] Setup NF Instance [type:UDM] (../lib/sbi/path.c:349)
08/15 04:33:47.527: [amf] INFO: Setup NF EndPoint(addr) [172.22.0.13:7777] (../src/amf/nudm-handler.c:422)
08/15 04:33:47.527: [sbi] INFO: [6f9c82ce-9862-41f1-84fc-f5246af71e31] Setup NF Instance [type:PCF] (../lib/sbi/path.c:349)
08/15 04:33:47.530: [amf] INFO: Setup NF EndPoint(addr) [172.22.0.27:7777] (../src/amf/npcf-handler.c:143)
08/15 04:33:47.736: [gmm] INFO: [imsi-001010000000014] Registration complete (../src/amf/gmm-sm.c:3146)
08/15 04:33:47.736: [amf] INFO: [imsi-001010000000014] Configuration update command (../src/amf/nas-path.c:609)
08/15 04:33:47.736: [gmm] INFO:     UTC [2026-08-15T04:33:47] Timezone[0]/DST[0] (../src/amf/gmm-build.c:551)
08/15 04:33:47.736: [gmm] INFO:     LOCAL [2026-08-15T04:33:47] Timezone[0]/DST[0] (../src/amf/gmm-build.c:556)
08/15 04:33:47.736: [amf] INFO: [Added] Number of AMF-Sessions is now 4 (../src/amf/context.c:2953)
08/15 04:33:47.736: [gmm] INFO: UE SUPI[imsi-001010000000014] DNN[internet] LBO[0] S_NSSAI[SST:1 SD:0xffffff] smContextRef[NULL] smContextResourceURI[NULL] (../src/amf/gmm-handler.c:1430)
08/15 04:33:47.737: [gmm] INFO: V-SMF Instance [6a08ff90-9862-41f1-95e9-4fa4ad18c57b](LIST) (../src/amf/gmm-handler.c:1507)
08/15 04:33:47.737: [gmm] INFO: [6a08ff90-9862-41f1-95e9-4fa4ad18c57b] Setup NF Instance [type:SMF] (../src/amf/gmm-handler.c:1509)
08/15 04:33:47.737: [gmm] INFO: V-SMF Instance [6a08ff90-9862-41f1-95e9-4fa4ad18c57b] (../src/amf/gmm-handler.c:1519)
08/15 04:33:47.737: [gmm] INFO: V-SMF discovered in Non-Roaming or LBO-Roaming[0] (../src/amf/gmm-handler.c:1588)
08/15 04:33:47.737: [gmm] INFO: nsmf_pdusession [1:0x5971566d7688:(nil)] (../src/amf/gmm-handler.c:1628)
08/15 04:33:47.743: [amf] INFO: Setup NF EndPoint(addr) [172.22.0.7:7777] (../src/amf/nsmf-handler.c:140)
08/15 04:33:47.953: [amf] INFO: [imsi-001010000000014:1:11][0:0:NULL] /nsmf-pdusession/v1/sm-contexts/{smContextRef}/modify (../src/amf/nsmf-handler.c:983)
08/15 04:33:49.494: [amf] INFO: InitialUEMessage (../src/amf/ngap-handler.c:612)
08/15 04:33:49.494: [amf] INFO: [Added] Number of gNB-UEs is now 5 (../src/amf/context.c:2932)
08/15 04:33:49.494: [amf] INFO:     RAN_UE_NGAP_ID[5] AMF_UE_NGAP_ID[5] TAC[3] CellID[0x3] (../src/amf/ngap-handler.c:815)
08/15 04:33:49.494: [amf] INFO: [suci-0-001-01-0000-0-0-0000000015] Unknown UE by SUCI (../src/amf/context.c:1934)
08/15 04:33:49.494: [amf] INFO: [Added] Number of AMF-UEs is now 5 (../src/amf/context.c:1699)
08/15 04:33:49.494: [gmm] INFO: Registration request (../src/amf/gmm-sm.c:1670)
08/15 04:33:49.494: [gmm] INFO: [suci-0-001-01-0000-0-0-0000000015]    SUCI (../src/amf/gmm-handler.c:186)
08/15 04:33:49.494: [sbi] INFO: [699efa64-9862-41f1-825a-798f3f0ef231] Setup NF Instance [type:AUSF] (../lib/sbi/path.c:349)
08/15 04:33:49.497: [amf] INFO: Setup NF EndPoint(addr) [172.22.0.11:7777] (../src/amf/nausf-handler.c:130)
08/15 04:33:49.499: [gmm] WARNING: [suci-0-001-01-0000-0-0-0000000015] Authentication failure [21] (../src/amf/gmm-sm.c:2143)
08/15 04:33:49.499: [gmm] WARNING: [suci-0-001-01-0000-0-0-0000000015] Authentication failure(Synch failure[count=0]) (../src/amf/gmm-sm.c:2172)
08/15 04:33:49.502: [amf] WARNING: UnRef NF EndPoint(addr) [172.22.0.11:7777] (../src/amf/nausf-handler.c:130)
08/15 04:33:49.502: [amf] INFO: Setup NF EndPoint(addr) [172.22.0.11:7777] (../src/amf/nausf-handler.c:130)
08/15 04:33:49.509: [sbi] INFO: [699a8d76-9862-41f1-9419-d12b445bc7ee] Setup NF Instance [type:UDM] (../lib/sbi/path.c:349)
08/15 04:33:49.510: [sbi] INFO: [699a8d76-9862-41f1-9419-d12b445bc7ee] Setup NF Instance [type:UDM] (../lib/sbi/path.c:349)
08/15 04:33:49.513: [amf] INFO: Setup NF EndPoint(addr) [172.22.0.13:7777] (../src/amf/nudm-handler.c:422)
08/15 04:33:49.513: [sbi] INFO: [6f9c82ce-9862-41f1-84fc-f5246af71e31] Setup NF Instance [type:PCF] (../lib/sbi/path.c:349)
08/15 04:33:49.516: [amf] INFO: Setup NF EndPoint(addr) [172.22.0.27:7777] (../src/amf/npcf-handler.c:143)
08/15 04:33:49.719: [gmm] INFO: [imsi-001010000000015] Registration complete (../src/amf/gmm-sm.c:3146)
08/15 04:33:49.719: [amf] INFO: [imsi-001010000000015] Configuration update command (../src/amf/nas-path.c:609)
08/15 04:33:49.719: [gmm] INFO:     UTC [2026-08-15T04:33:49] Timezone[0]/DST[0] (../src/amf/gmm-build.c:551)
08/15 04:33:49.719: [gmm] INFO:     LOCAL [2026-08-15T04:33:49] Timezone[0]/DST[0] (../src/amf/gmm-build.c:556)
08/15 04:33:49.719: [amf] INFO: [Added] Number of AMF-Sessions is now 5 (../src/amf/context.c:2953)
08/15 04:33:49.719: [gmm] INFO: UE SUPI[imsi-001010000000015] DNN[internet] LBO[0] S_NSSAI[SST:1 SD:0xffffff] smContextRef[NULL] smContextResourceURI[NULL] (../src/amf/gmm-handler.c:1430)
08/15 04:33:49.719: [gmm] INFO: V-SMF Instance [6a08ff90-9862-41f1-95e9-4fa4ad18c57b](LIST) (../src/amf/gmm-handler.c:1507)
08/15 04:33:49.719: [gmm] INFO: [6a08ff90-9862-41f1-95e9-4fa4ad18c57b] Setup NF Instance [type:SMF] (../src/amf/gmm-handler.c:1509)
08/15 04:33:49.719: [gmm] INFO: V-SMF Instance [6a08ff90-9862-41f1-95e9-4fa4ad18c57b] (../src/amf/gmm-handler.c:1519)
08/15 04:33:49.719: [gmm] INFO: V-SMF discovered in Non-Roaming or LBO-Roaming[0] (../src/amf/gmm-handler.c:1588)
08/15 04:33:49.719: [gmm] INFO: nsmf_pdusession [1:0x5971566d7688:(nil)] (../src/amf/gmm-handler.c:1628)
08/15 04:33:49.728: [amf] INFO: Setup NF EndPoint(addr) [172.22.0.7:7777] (../src/amf/nsmf-handler.c:140)
08/15 04:33:49.934: [amf] INFO: [imsi-001010000000015:1:11][0:0:NULL] /nsmf-pdusession/v1/sm-contexts/{smContextRef}/modify (../src/amf/nsmf-handler.c:983)
Open5GS daemon v2.7.7-74-gdbe060f

08/15 04:37:59.883: [app] INFO: Configuration: '/open5gs/install/etc/open5gs/amf.yaml' (../lib/app/ogs-init.c:144)
08/15 04:37:59.883: [app] INFO: File Logging: '/open5gs/install/var/log/open5gs/amf2.log' (../lib/app/ogs-init.c:147)
08/15 04:37:59.887: [sbi] INFO: Setup NF EndPoint(fqdn) [nrf:7777] (../lib/sbi/context.c:451)
08/15 04:37:59.887: [sbi] INFO: Setup NF EndPoint(fqdn) [scp:7777] (../lib/sbi/context.c:499)
08/15 04:37:59.887: [metrics] INFO: metrics_server() [http://172.22.0.46]:9091 (../lib/metrics/prometheus/context.c:392)
08/15 04:37:59.888: [sbi] INFO: NF Service [namf-comm] (../lib/sbi/context.c:2011)
08/15 04:37:59.888: [sbi] INFO: nghttp2_server() [http://172.22.0.46]:7777 (../lib/sbi/nghttp2-server.c:454)
08/15 04:37:59.888: [amf] INFO: ngap_server() [172.22.0.46]:38412 (../src/amf/ngap-sctp.c:61)
08/15 04:37:59.889: [sctp] INFO: AMF initialize...done (../src/amf/app.c:33)
08/15 04:37:59.895: [sbi] INFO: [181bdf12-9863-41f1-b3f7-f7d04737d7e1] NF registered [Heartbeat:10s] (../lib/sbi/nf-sm.c:364)
08/15 04:37:59.898: [sbi] INFO: Setup NF EndPoint(addr) [172.22.0.12:7777] (../lib/sbi/nnrf-handler.c:1113)
08/15 04:37:59.898: [sbi] INFO: [181d8826-9863-41f1-b967-15c0b1c45dbd] Subscription created until 2026-08-16T04:37:59.896948+00:00 [duration:86400000000,validity:86400.000000,patch:43200.000000] (../lib/sbi/nnrf-handler.c:1032)
08/15 04:37:59.898: [sbi] INFO: Setup NF EndPoint(addr) [172.22.0.12:7777] (../lib/sbi/nnrf-handler.c:1113)
08/15 04:37:59.898: [sbi] INFO: [181d8d08-9863-41f1-b967-15c0b1c45dbd] Subscription created until 2026-08-16T04:37:59.897032+00:00 [duration:86400000000,validity:86400.000000,patch:43200.000000] (../lib/sbi/nnrf-handler.c:1032)
08/15 04:37:59.898: [sbi] INFO: Setup NF EndPoint(addr) [172.22.0.12:7777] (../lib/sbi/nnrf-handler.c:1113)
08/15 04:37:59.898: [sbi] INFO: [181d8f60-9863-41f1-b967-15c0b1c45dbd] Subscription created until 2026-08-16T04:37:59.897087+00:00 [duration:86400000000,validity:86400.000000,patch:43200.000000] (../lib/sbi/nnrf-handler.c:1032)
08/15 04:37:59.898: [sbi] INFO: Setup NF EndPoint(addr) [172.22.0.12:7777] (../lib/sbi/nnrf-handler.c:1113)
08/15 04:37:59.898: [sbi] INFO: [181d9172-9863-41f1-b967-15c0b1c45dbd] Subscription created until 2026-08-16T04:37:59.897144+00:00 [duration:86400000000,validity:86400.000000,patch:43200.000000] (../lib/sbi/nnrf-handler.c:1032)
08/15 04:37:59.898: [sbi] INFO: Setup NF EndPoint(addr) [172.22.0.12:7777] (../lib/sbi/nnrf-handler.c:1113)
08/15 04:37:59.898: [sbi] INFO: [181d93ac-9863-41f1-b967-15c0b1c45dbd] Subscription created until 2026-08-16T04:37:59.897201+00:00 [duration:86400000000,validity:86400.000000,patch:43200.000000] (../lib/sbi/nnrf-handler.c:1032)
08/15 04:37:59.898: [sbi] INFO: Setup NF EndPoint(addr) [172.22.0.12:7777] (../lib/sbi/nnrf-handler.c:1113)
08/15 04:37:59.898: [sbi] INFO: [181d9924-9863-41f1-b967-15c0b1c45dbd] Subscription created until 2026-08-16T04:37:59.897342+00:00 [duration:86400000000,validity:86400.000000,patch:43200.000000] (../lib/sbi/nnrf-handler.c:1032)
08/15 04:37:59.898: [sbi] INFO: Setup NF EndPoint(addr) [172.22.0.12:7777] (../lib/sbi/nnrf-handler.c:1113)
08/15 04:37:59.898: [sbi] INFO: [181d9b0e-9863-41f1-b967-15c0b1c45dbd] Subscription created until 2026-08-16T04:37:59.897387+00:00 [duration:86400000000,validity:86400.000000,patch:43200.000000] (../lib/sbi/nnrf-handler.c:1032)
08/15 04:37:59.902: [sbi] INFO: [00e6a0de-9863-41f1-94eb-8b4b3cfb62ff] (NRF-profile-get) NF registered (../lib/sbi/nf-sm.c:104)
08/15 04:37:59.902: [sbi] INFO: [AUSF] NFInstance associated [00e6a0de-9863-41f1-94eb-8b4b3cfb62ff] (../lib/sbi/context.c:2495)
08/15 04:37:59.902: [sbi] INFO: Setup NF EndPoint(addr) [172.22.0.11:80] (../lib/sbi/context.c:2500)
08/15 04:37:59.902: [sbi] INFO: [nausf-auth] NFService associated [00e6ad9a-9863-41f1-94eb-8b4b3cfb62ff] (../lib/sbi/context.c:2135)
08/15 04:37:59.902: [sbi] INFO: Setup NF EndPoint(addr) [172.22.0.11:7777] (../lib/sbi/context.c:2137)
08/15 04:37:59.902: [sbi] INFO: [00eaa0e4-9863-41f1-800a-3d6388578cce] (NRF-profile-get) NF registered (../lib/sbi/nf-sm.c:104)
08/15 04:37:59.902: [sbi] INFO: [NSSF] NFInstance associated [00eaa0e4-9863-41f1-800a-3d6388578cce] (../lib/sbi/context.c:2495)
08/15 04:37:59.902: [sbi] INFO: Setup NF EndPoint(addr) [172.22.0.28:80] (../lib/sbi/context.c:2500)
08/15 04:37:59.902: [sbi] INFO: [nnssf-nsselection] NFService associated [00eac24a-9863-41f1-800a-3d6388578cce] (../lib/sbi/context.c:2135)
08/15 04:37:59.902: [sbi] INFO: Setup NF EndPoint(addr) [172.22.0.28:7777] (../lib/sbi/context.c:2137)
08/15 04:37:59.902: [sbi] INFO: [00f73e9e-9863-41f1-a167-67060237079b] (NRF-profile-get) NF registered (../lib/sbi/nf-sm.c:104)
08/15 04:37:59.902: [sbi] INFO: [UDM] NFInstance associated [00f73e9e-9863-41f1-a167-67060237079b] (../lib/sbi/context.c:2495)
08/15 04:37:59.902: [sbi] INFO: Setup NF EndPoint(addr) [172.22.0.13:80] (../lib/sbi/context.c:2500)
08/15 04:37:59.902: [sbi] INFO: [nudm-ueau] NFService associated [00f75938-9863-41f1-a167-67060237079b] (../lib/sbi/context.c:2135)
08/15 04:37:59.902: [sbi] INFO: Setup NF EndPoint(addr) [172.22.0.13:7777] (../lib/sbi/context.c:2137)
08/15 04:37:59.902: [sbi] INFO: [nudm-uecm] NFService associated [00f75a3c-9863-41f1-a167-67060237079b] (../lib/sbi/context.c:2135)
08/15 04:37:59.902: [sbi] INFO: Setup NF EndPoint(addr) [172.22.0.13:7777] (../lib/sbi/context.c:2137)
08/15 04:37:59.902: [sbi] INFO: [nudm-sdm] NFService associated [00f75ab4-9863-41f1-a167-67060237079b] (../lib/sbi/context.c:2135)
08/15 04:37:59.902: [sbi] INFO: Setup NF EndPoint(addr) [172.22.0.13:7777] (../lib/sbi/context.c:2137)
08/15 04:37:59.902: [sbi] INFO: [0164921e-9863-41f1-a4b3-bfa48d06d57a] (NRF-profile-get) NF registered (../lib/sbi/nf-sm.c:104)
08/15 04:37:59.902: [sbi] INFO: [SMF] NFInstance associated [0164921e-9863-41f1-a4b3-bfa48d06d57a] (../lib/sbi/context.c:2495)
08/15 04:37:59.902: [sbi] INFO: Setup NF EndPoint(addr) [172.22.0.7:80] (../lib/sbi/context.c:2500)
08/15 04:37:59.902: [sbi] INFO: [nsmf-pdusession] NFService associated [016af2f8-9863-41f1-a4b3-bfa48d06d57a] (../lib/sbi/context.c:2135)
08/15 04:37:59.902: [sbi] INFO: Setup NF EndPoint(addr) [172.22.0.7:7777] (../lib/sbi/context.c:2137)
08/15 04:37:59.903: [sbi] INFO: [06eacfa0-9863-41f1-8207-69888cd42bc4] (NRF-profile-get) NF registered (../lib/sbi/nf-sm.c:104)
08/15 04:37:59.903: [sbi] INFO: [PCF] NFInstance associated [06eacfa0-9863-41f1-8207-69888cd42bc4] (../lib/sbi/context.c:2495)
08/15 04:37:59.903: [sbi] INFO: Setup NF EndPoint(addr) [172.22.0.27:80] (../lib/sbi/context.c:2500)
08/15 04:37:59.903: [sbi] INFO: [npcf-am-policy-control] NFService associated [06eb2356-9863-41f1-8207-69888cd42bc4] (../lib/sbi/context.c:2135)
08/15 04:37:59.903: [sbi] INFO: Setup NF EndPoint(addr) [172.22.0.27:7777] (../lib/sbi/context.c:2137)
08/15 04:37:59.903: [sbi] INFO: [npcf-smpolicycontrol] NFService associated [06eb2400-9863-41f1-8207-69888cd42bc4] (../lib/sbi/context.c:2135)
08/15 04:37:59.903: [sbi] INFO: Setup NF EndPoint(addr) [172.22.0.27:7777] (../lib/sbi/context.c:2137)
08/15 04:37:59.903: [sbi] INFO: [npcf-policyauthorization] NFService associated [06eb2450-9863-41f1-8207-69888cd42bc4] (../lib/sbi/context.c:2135)
08/15 04:37:59.903: [sbi] INFO: Setup NF EndPoint(addr) [172.22.0.27:7777] (../lib/sbi/context.c:2137)
