Open5GS daemon v2.7.7-74-gdbe060f

08/13 13:19:38.565: [app] INFO: Configuration: '/open5gs/install/etc/open5gs/amf.yaml' (../lib/app/ogs-init.c:144)
08/13 13:19:38.565: [app] INFO: File Logging: '/open5gs/install/var/log/open5gs/amf3.log' (../lib/app/ogs-init.c:147)
08/13 13:19:38.569: [sbi] INFO: Setup NF EndPoint(fqdn) [nrf:7777] (../lib/sbi/context.c:451)
08/13 13:19:38.569: [sbi] INFO: Setup NF EndPoint(fqdn) [scp:7777] (../lib/sbi/context.c:499)
08/13 13:19:38.569: [metrics] INFO: metrics_server() [http://172.22.0.47]:9091 (../lib/metrics/prometheus/context.c:392)
08/13 13:19:38.569: [sbi] INFO: NF Service [namf-comm] (../lib/sbi/context.c:2011)
08/13 13:19:38.569: [sbi] INFO: nghttp2_server() [http://172.22.0.47]:7777 (../lib/sbi/nghttp2-server.c:454)
08/13 13:19:38.569: [amf] INFO: ngap_server() [172.22.0.47]:38412 (../src/amf/ngap-sctp.c:61)
08/13 13:19:38.569: [sctp] INFO: AMF initialize...done (../src/amf/app.c:33)
08/13 13:19:38.634: [sbi] WARNING: Couldn't resolve host name (6): Could not resolve host: scp (../lib/sbi/client.c:767)
08/13 13:19:38.634: [sbi] WARNING: ogs_sbi_client_handler() failed [-1] (../lib/sbi/path.c:62)
08/13 13:19:49.580: [sbi] WARNING: [a2c0328a-9719-41f1-bc1d-7b76e258d70f] Retry registration with NRF (../lib/sbi/nf-sm.c:279)
08/13 13:19:49.645: [sbi] WARNING: Couldn't resolve host name (6): Could not resolve host: scp (../lib/sbi/client.c:767)
08/13 13:19:49.645: [sbi] WARNING: ogs_sbi_client_handler() failed [-1] (../lib/sbi/path.c:62)
08/13 13:20:00.592: [sbi] WARNING: [a2c0328a-9719-41f1-bc1d-7b76e258d70f] Retry registration with NRF (../lib/sbi/nf-sm.c:279)
08/13 13:20:00.657: [sbi] WARNING: Couldn't resolve host name (6): Could not resolve host: scp (../lib/sbi/client.c:767)
08/13 13:20:00.657: [sbi] WARNING: ogs_sbi_client_handler() failed [-1] (../lib/sbi/path.c:62)
08/13 13:20:11.603: [sbi] WARNING: [a2c0328a-9719-41f1-bc1d-7b76e258d70f] Retry registration with NRF (../lib/sbi/nf-sm.c:279)
08/13 13:20:11.665: [sbi] WARNING: Couldn't resolve host name (6): Could not resolve host: scp (../lib/sbi/client.c:767)
08/13 13:20:11.666: [sbi] WARNING: ogs_sbi_client_handler() failed [-1] (../lib/sbi/path.c:62)
08/13 13:20:22.614: [sbi] WARNING: [a2c0328a-9719-41f1-bc1d-7b76e258d70f] Retry registration with NRF (../lib/sbi/nf-sm.c:279)
08/13 13:20:22.679: [sbi] WARNING: Couldn't resolve host name (6): Could not resolve host: scp (../lib/sbi/client.c:767)
08/13 13:20:22.679: [sbi] WARNING: ogs_sbi_client_handler() failed [-1] (../lib/sbi/path.c:62)
08/13 13:20:33.626: [sbi] WARNING: [a2c0328a-9719-41f1-bc1d-7b76e258d70f] Retry registration with NRF (../lib/sbi/nf-sm.c:279)
08/13 13:20:33.692: [sbi] WARNING: Couldn't resolve host name (6): Could not resolve host: scp (../lib/sbi/client.c:767)
08/13 13:20:33.692: [sbi] WARNING: ogs_sbi_client_handler() failed [-1] (../lib/sbi/path.c:62)
08/13 13:20:44.636: [sbi] WARNING: [a2c0328a-9719-41f1-bc1d-7b76e258d70f] Retry registration with NRF (../lib/sbi/nf-sm.c:279)
08/13 13:20:44.702: [sbi] WARNING: Couldn't resolve host name (6): Could not resolve host: scp (../lib/sbi/client.c:767)
08/13 13:20:44.702: [sbi] WARNING: ogs_sbi_client_handler() failed [-1] (../lib/sbi/path.c:62)
08/13 13:20:55.648: [sbi] WARNING: [a2c0328a-9719-41f1-bc1d-7b76e258d70f] Retry registration with NRF (../lib/sbi/nf-sm.c:279)
08/13 13:20:55.713: [sbi] WARNING: Couldn't resolve host name (6): Could not resolve host: scp (../lib/sbi/client.c:767)
08/13 13:20:55.713: [sbi] WARNING: ogs_sbi_client_handler() failed [-1] (../lib/sbi/path.c:62)
08/13 13:21:06.659: [sbi] WARNING: [a2c0328a-9719-41f1-bc1d-7b76e258d70f] Retry registration with NRF (../lib/sbi/nf-sm.c:279)
08/13 13:21:06.725: [sbi] WARNING: Couldn't resolve host name (6): Could not resolve host: scp (../lib/sbi/client.c:767)
08/13 13:21:06.725: [sbi] WARNING: ogs_sbi_client_handler() failed [-1] (../lib/sbi/path.c:62)
08/13 13:21:17.671: [sbi] WARNING: [a2c0328a-9719-41f1-bc1d-7b76e258d70f] Retry registration with NRF (../lib/sbi/nf-sm.c:279)
08/13 13:21:17.735: [sbi] WARNING: Couldn't resolve host name (6): Could not resolve host: scp (../lib/sbi/client.c:767)
08/13 13:21:17.735: [sbi] WARNING: ogs_sbi_client_handler() failed [-1] (../lib/sbi/path.c:62)
08/13 13:21:28.678: [sbi] WARNING: [a2c0328a-9719-41f1-bc1d-7b76e258d70f] Retry registration with NRF (../lib/sbi/nf-sm.c:279)
08/13 13:21:28.743: [sbi] WARNING: Couldn't resolve host name (6): Could not resolve host: scp (../lib/sbi/client.c:767)
08/13 13:21:28.743: [sbi] WARNING: ogs_sbi_client_handler() failed [-1] (../lib/sbi/path.c:62)
08/13 13:21:39.686: [sbi] WARNING: [a2c0328a-9719-41f1-bc1d-7b76e258d70f] Retry registration with NRF (../lib/sbi/nf-sm.c:279)
08/13 13:21:39.754: [sbi] WARNING: Couldn't resolve host name (6): Could not resolve host: scp (../lib/sbi/client.c:767)
08/13 13:21:39.754: [sbi] WARNING: ogs_sbi_client_handler() failed [-1] (../lib/sbi/path.c:62)
08/13 13:21:50.698: [sbi] WARNING: [a2c0328a-9719-41f1-bc1d-7b76e258d70f] Retry registration with NRF (../lib/sbi/nf-sm.c:279)
08/13 13:21:50.781: [sbi] WARNING: Couldn't resolve host name (6): Could not resolve host: scp (../lib/sbi/client.c:767)
08/13 13:21:50.781: [sbi] WARNING: ogs_sbi_client_handler() failed [-1] (../lib/sbi/path.c:62)
08/13 13:22:01.700: [sbi] WARNING: [a2c0328a-9719-41f1-bc1d-7b76e258d70f] Retry registration with NRF (../lib/sbi/nf-sm.c:279)
08/13 13:22:01.764: [sbi] WARNING: Couldn't resolve host name (6): Could not resolve host: scp (../lib/sbi/client.c:767)
08/13 13:22:01.764: [sbi] WARNING: ogs_sbi_client_handler() failed [-1] (../lib/sbi/path.c:62)
08/13 13:22:12.701: [sbi] WARNING: [a2c0328a-9719-41f1-bc1d-7b76e258d70f] Retry registration with NRF (../lib/sbi/nf-sm.c:279)
08/13 13:22:12.765: [sbi] WARNING: Couldn't resolve host name (6): Could not resolve host: scp (../lib/sbi/client.c:767)
08/13 13:22:12.765: [sbi] WARNING: ogs_sbi_client_handler() failed [-1] (../lib/sbi/path.c:62)
08/13 13:22:23.710: [sbi] WARNING: [a2c0328a-9719-41f1-bc1d-7b76e258d70f] Retry registration with NRF (../lib/sbi/nf-sm.c:279)
08/13 13:22:23.781: [sbi] WARNING: Couldn't resolve host name (6): Could not resolve host: scp (../lib/sbi/client.c:767)
08/13 13:22:23.781: [sbi] WARNING: ogs_sbi_client_handler() failed [-1] (../lib/sbi/path.c:62)
08/13 13:22:34.714: [sbi] WARNING: [a2c0328a-9719-41f1-bc1d-7b76e258d70f] Retry registration with NRF (../lib/sbi/nf-sm.c:279)
08/13 13:22:34.779: [sbi] WARNING: Couldn't resolve host name (6): Could not resolve host: scp (../lib/sbi/client.c:767)
08/13 13:22:34.779: [sbi] WARNING: ogs_sbi_client_handler() failed [-1] (../lib/sbi/path.c:62)
08/13 13:22:45.719: [sbi] WARNING: [a2c0328a-9719-41f1-bc1d-7b76e258d70f] Retry registration with NRF (../lib/sbi/nf-sm.c:279)
08/13 13:22:45.785: [sbi] WARNING: Couldn't resolve host name (6): Could not resolve host: scp (../lib/sbi/client.c:767)
08/13 13:22:45.785: [sbi] WARNING: ogs_sbi_client_handler() failed [-1] (../lib/sbi/path.c:62)
08/13 13:22:56.730: [sbi] WARNING: [a2c0328a-9719-41f1-bc1d-7b76e258d70f] Retry registration with NRF (../lib/sbi/nf-sm.c:279)
08/13 13:22:56.796: [sbi] WARNING: Couldn't resolve host name (6): Could not resolve host: scp (../lib/sbi/client.c:767)
08/13 13:22:56.796: [sbi] WARNING: ogs_sbi_client_handler() failed [-1] (../lib/sbi/path.c:62)
08/13 13:23:07.742: [sbi] WARNING: [a2c0328a-9719-41f1-bc1d-7b76e258d70f] Retry registration with NRF (../lib/sbi/nf-sm.c:279)
08/13 13:23:07.806: [sbi] WARNING: Couldn't resolve host name (6): Could not resolve host: scp (../lib/sbi/client.c:767)
08/13 13:23:07.806: [sbi] WARNING: ogs_sbi_client_handler() failed [-1] (../lib/sbi/path.c:62)
08/13 13:23:18.752: [sbi] WARNING: [a2c0328a-9719-41f1-bc1d-7b76e258d70f] Retry registration with NRF (../lib/sbi/nf-sm.c:279)
08/13 13:23:18.816: [sbi] WARNING: Couldn't resolve host name (6): Could not resolve host: scp (../lib/sbi/client.c:767)
08/13 13:23:18.816: [sbi] WARNING: ogs_sbi_client_handler() failed [-1] (../lib/sbi/path.c:62)
08/13 13:23:29.762: [sbi] WARNING: [a2c0328a-9719-41f1-bc1d-7b76e258d70f] Retry registration with NRF (../lib/sbi/nf-sm.c:279)
08/13 13:23:29.827: [sbi] WARNING: Couldn't resolve host name (6): Could not resolve host: scp (../lib/sbi/client.c:767)
08/13 13:23:29.827: [sbi] WARNING: ogs_sbi_client_handler() failed [-1] (../lib/sbi/path.c:62)
08/13 13:23:40.765: [sbi] WARNING: [a2c0328a-9719-41f1-bc1d-7b76e258d70f] Retry registration with NRF (../lib/sbi/nf-sm.c:279)
08/13 13:23:40.829: [sbi] WARNING: Couldn't resolve host name (6): Could not resolve host: scp (../lib/sbi/client.c:767)
08/13 13:23:40.829: [sbi] WARNING: ogs_sbi_client_handler() failed [-1] (../lib/sbi/path.c:62)
08/13 13:23:51.776: [sbi] WARNING: [a2c0328a-9719-41f1-bc1d-7b76e258d70f] Retry registration with NRF (../lib/sbi/nf-sm.c:279)
08/13 13:23:51.840: [sbi] WARNING: Couldn't resolve host name (6): Could not resolve host: scp (../lib/sbi/client.c:767)
08/13 13:23:51.840: [sbi] WARNING: ogs_sbi_client_handler() failed [-1] (../lib/sbi/path.c:62)
08/13 13:24:02.787: [sbi] WARNING: [a2c0328a-9719-41f1-bc1d-7b76e258d70f] Retry registration with NRF (../lib/sbi/nf-sm.c:279)
08/13 13:24:02.853: [sbi] WARNING: Couldn't resolve host name (6): Could not resolve host: scp (../lib/sbi/client.c:767)
08/13 13:24:02.853: [sbi] WARNING: ogs_sbi_client_handler() failed [-1] (../lib/sbi/path.c:62)
08/13 13:24:13.797: [sbi] WARNING: [a2c0328a-9719-41f1-bc1d-7b76e258d70f] Retry registration with NRF (../lib/sbi/nf-sm.c:279)
08/13 13:24:13.860: [sbi] WARNING: Couldn't resolve host name (6): Could not resolve host: scp (../lib/sbi/client.c:767)
08/13 13:24:13.860: [sbi] WARNING: ogs_sbi_client_handler() failed [-1] (../lib/sbi/path.c:62)
08/13 13:24:24.803: [sbi] WARNING: [a2c0328a-9719-41f1-bc1d-7b76e258d70f] Retry registration with NRF (../lib/sbi/nf-sm.c:279)
08/13 13:24:24.868: [sbi] WARNING: Couldn't resolve host name (6): Could not resolve host: scp (../lib/sbi/client.c:767)
08/13 13:24:24.868: [sbi] WARNING: ogs_sbi_client_handler() failed [-1] (../lib/sbi/path.c:62)
08/13 13:24:35.810: [sbi] WARNING: [a2c0328a-9719-41f1-bc1d-7b76e258d70f] Retry registration with NRF (../lib/sbi/nf-sm.c:279)
08/13 13:24:35.875: [sbi] WARNING: Couldn't resolve host name (6): Could not resolve host: scp (../lib/sbi/client.c:767)
08/13 13:24:35.875: [sbi] WARNING: ogs_sbi_client_handler() failed [-1] (../lib/sbi/path.c:62)
08/13 13:24:46.821: [sbi] WARNING: [a2c0328a-9719-41f1-bc1d-7b76e258d70f] Retry registration with NRF (../lib/sbi/nf-sm.c:279)
08/13 13:24:46.885: [sbi] WARNING: Couldn't resolve host name (6): Could not resolve host: scp (../lib/sbi/client.c:767)
08/13 13:24:46.885: [sbi] WARNING: ogs_sbi_client_handler() failed [-1] (../lib/sbi/path.c:62)
08/13 13:24:57.822: [sbi] WARNING: [a2c0328a-9719-41f1-bc1d-7b76e258d70f] Retry registration with NRF (../lib/sbi/nf-sm.c:279)
08/13 13:24:57.887: [sbi] WARNING: Couldn't resolve host name (6): Could not resolve host: scp (../lib/sbi/client.c:767)
08/13 13:24:57.887: [sbi] WARNING: ogs_sbi_client_handler() failed [-1] (../lib/sbi/path.c:62)
08/13 13:25:08.822: [sbi] WARNING: [a2c0328a-9719-41f1-bc1d-7b76e258d70f] Retry registration with NRF (../lib/sbi/nf-sm.c:279)
08/13 13:25:08.888: [sbi] WARNING: Couldn't resolve host name (6): Could not resolve host: scp (../lib/sbi/client.c:767)
08/13 13:25:08.888: [sbi] WARNING: ogs_sbi_client_handler() failed [-1] (../lib/sbi/path.c:62)
08/13 13:25:19.825: [sbi] WARNING: [a2c0328a-9719-41f1-bc1d-7b76e258d70f] Retry registration with NRF (../lib/sbi/nf-sm.c:279)
08/13 13:25:19.891: [sbi] WARNING: Couldn't resolve host name (6): Could not resolve host: scp (../lib/sbi/client.c:767)
08/13 13:25:19.891: [sbi] WARNING: ogs_sbi_client_handler() failed [-1] (../lib/sbi/path.c:62)
08/13 13:25:30.837: [sbi] WARNING: [a2c0328a-9719-41f1-bc1d-7b76e258d70f] Retry registration with NRF (../lib/sbi/nf-sm.c:279)
08/13 13:25:30.905: [sbi] WARNING: Couldn't resolve host name (6): Could not resolve host: scp (../lib/sbi/client.c:767)
08/13 13:25:30.905: [sbi] WARNING: ogs_sbi_client_handler() failed [-1] (../lib/sbi/path.c:62)
08/13 13:25:41.839: [sbi] WARNING: [a2c0328a-9719-41f1-bc1d-7b76e258d70f] Retry registration with NRF (../lib/sbi/nf-sm.c:279)
08/13 13:25:41.902: [sbi] WARNING: Couldn't resolve host name (6): Could not resolve host: scp (../lib/sbi/client.c:767)
08/13 13:25:41.902: [sbi] WARNING: ogs_sbi_client_handler() failed [-1] (../lib/sbi/path.c:62)
08/13 13:25:52.842: [sbi] WARNING: [a2c0328a-9719-41f1-bc1d-7b76e258d70f] Retry registration with NRF (../lib/sbi/nf-sm.c:279)
08/13 13:25:52.908: [sbi] WARNING: Couldn't resolve host name (6): Could not resolve host: scp (../lib/sbi/client.c:767)
08/13 13:25:52.908: [sbi] WARNING: ogs_sbi_client_handler() failed [-1] (../lib/sbi/path.c:62)
08/13 13:26:03.853: [sbi] WARNING: [a2c0328a-9719-41f1-bc1d-7b76e258d70f] Retry registration with NRF (../lib/sbi/nf-sm.c:279)
08/13 13:26:03.918: [sbi] WARNING: Couldn't resolve host name (6): Could not resolve host: scp (../lib/sbi/client.c:767)
08/13 13:26:03.918: [sbi] WARNING: ogs_sbi_client_handler() failed [-1] (../lib/sbi/path.c:62)
08/13 13:26:14.864: [sbi] WARNING: [a2c0328a-9719-41f1-bc1d-7b76e258d70f] Retry registration with NRF (../lib/sbi/nf-sm.c:279)
08/13 13:26:14.928: [sbi] WARNING: Couldn't resolve host name (6): Could not resolve host: scp (../lib/sbi/client.c:767)
08/13 13:26:14.928: [sbi] WARNING: ogs_sbi_client_handler() failed [-1] (../lib/sbi/path.c:62)
08/13 13:26:25.872: [sbi] WARNING: [a2c0328a-9719-41f1-bc1d-7b76e258d70f] Retry registration with NRF (../lib/sbi/nf-sm.c:279)
08/13 13:26:25.937: [sbi] WARNING: Couldn't resolve host name (6): Could not resolve host: scp (../lib/sbi/client.c:767)
08/13 13:26:25.937: [sbi] WARNING: ogs_sbi_client_handler() failed [-1] (../lib/sbi/path.c:62)
08/13 13:26:36.884: [sbi] WARNING: [a2c0328a-9719-41f1-bc1d-7b76e258d70f] Retry registration with NRF (../lib/sbi/nf-sm.c:279)
08/13 13:26:36.949: [sbi] WARNING: Couldn't resolve host name (6): Could not resolve host: scp (../lib/sbi/client.c:767)
08/13 13:26:36.949: [sbi] WARNING: ogs_sbi_client_handler() failed [-1] (../lib/sbi/path.c:62)
08/13 13:26:47.891: [sbi] WARNING: [a2c0328a-9719-41f1-bc1d-7b76e258d70f] Retry registration with NRF (../lib/sbi/nf-sm.c:279)
08/13 13:26:47.956: [sbi] WARNING: Couldn't resolve host name (6): Could not resolve host: scp (../lib/sbi/client.c:767)
08/13 13:26:47.956: [sbi] WARNING: ogs_sbi_client_handler() failed [-1] (../lib/sbi/path.c:62)
08/13 13:26:58.899: [sbi] WARNING: [a2c0328a-9719-41f1-bc1d-7b76e258d70f] Retry registration with NRF (../lib/sbi/nf-sm.c:279)
08/13 13:26:58.966: [sbi] WARNING: Couldn't resolve host name (6): Could not resolve host: scp (../lib/sbi/client.c:767)
08/13 13:26:58.966: [sbi] WARNING: ogs_sbi_client_handler() failed [-1] (../lib/sbi/path.c:62)
08/13 13:27:09.911: [sbi] WARNING: [a2c0328a-9719-41f1-bc1d-7b76e258d70f] Retry registration with NRF (../lib/sbi/nf-sm.c:279)
08/13 13:27:09.975: [sbi] WARNING: Couldn't resolve host name (6): Could not resolve host: scp (../lib/sbi/client.c:767)
08/13 13:27:09.975: [sbi] WARNING: ogs_sbi_client_handler() failed [-1] (../lib/sbi/path.c:62)
08/13 13:27:20.923: [sbi] WARNING: [a2c0328a-9719-41f1-bc1d-7b76e258d70f] Retry registration with NRF (../lib/sbi/nf-sm.c:279)
08/13 13:27:20.987: [sbi] WARNING: Couldn't resolve host name (6): Could not resolve host: scp (../lib/sbi/client.c:767)
08/13 13:27:20.987: [sbi] WARNING: ogs_sbi_client_handler() failed [-1] (../lib/sbi/path.c:62)
08/13 13:27:31.932: [sbi] WARNING: [a2c0328a-9719-41f1-bc1d-7b76e258d70f] Retry registration with NRF (../lib/sbi/nf-sm.c:279)
08/13 13:27:31.995: [sbi] WARNING: Couldn't resolve host name (6): Could not resolve host: scp (../lib/sbi/client.c:767)
08/13 13:27:31.995: [sbi] WARNING: ogs_sbi_client_handler() failed [-1] (../lib/sbi/path.c:62)
08/13 13:27:42.944: [sbi] WARNING: [a2c0328a-9719-41f1-bc1d-7b76e258d70f] Retry registration with NRF (../lib/sbi/nf-sm.c:279)
08/13 13:27:43.009: [sbi] WARNING: Couldn't resolve host name (6): Could not resolve host: scp (../lib/sbi/client.c:767)
08/13 13:27:43.009: [sbi] WARNING: ogs_sbi_client_handler() failed [-1] (../lib/sbi/path.c:62)
08/13 13:27:53.956: [sbi] WARNING: [a2c0328a-9719-41f1-bc1d-7b76e258d70f] Retry registration with NRF (../lib/sbi/nf-sm.c:279)
08/13 13:27:54.020: [sbi] WARNING: Couldn't resolve host name (6): Could not resolve host: scp (../lib/sbi/client.c:767)
08/13 13:27:54.020: [sbi] WARNING: ogs_sbi_client_handler() failed [-1] (../lib/sbi/path.c:62)
08/13 13:28:04.962: [sbi] WARNING: [a2c0328a-9719-41f1-bc1d-7b76e258d70f] Retry registration with NRF (../lib/sbi/nf-sm.c:279)
08/13 13:28:05.028: [sbi] WARNING: Couldn't resolve host name (6): Could not resolve host: scp (../lib/sbi/client.c:767)
08/13 13:28:05.028: [sbi] WARNING: ogs_sbi_client_handler() failed [-1] (../lib/sbi/path.c:62)
08/13 13:28:15.973: [sbi] WARNING: [a2c0328a-9719-41f1-bc1d-7b76e258d70f] Retry registration with NRF (../lib/sbi/nf-sm.c:279)
08/13 13:28:16.038: [sbi] WARNING: Couldn't resolve host name (6): Could not resolve host: scp (../lib/sbi/client.c:767)
08/13 13:28:16.038: [sbi] WARNING: ogs_sbi_client_handler() failed [-1] (../lib/sbi/path.c:62)
08/13 13:28:26.982: [sbi] WARNING: [a2c0328a-9719-41f1-bc1d-7b76e258d70f] Retry registration with NRF (../lib/sbi/nf-sm.c:279)
08/13 13:28:27.047: [sbi] WARNING: Couldn't resolve host name (6): Could not resolve host: scp (../lib/sbi/client.c:767)
08/13 13:28:27.047: [sbi] WARNING: ogs_sbi_client_handler() failed [-1] (../lib/sbi/path.c:62)
08/13 13:28:37.993: [sbi] WARNING: [a2c0328a-9719-41f1-bc1d-7b76e258d70f] Retry registration with NRF (../lib/sbi/nf-sm.c:279)
08/13 13:28:38.058: [sbi] WARNING: Couldn't resolve host name (6): Could not resolve host: scp (../lib/sbi/client.c:767)
08/13 13:28:38.058: [sbi] WARNING: ogs_sbi_client_handler() failed [-1] (../lib/sbi/path.c:62)
08/13 13:28:49.005: [sbi] WARNING: [a2c0328a-9719-41f1-bc1d-7b76e258d70f] Retry registration with NRF (../lib/sbi/nf-sm.c:279)
08/13 13:28:49.071: [sbi] WARNING: Couldn't resolve host name (6): Could not resolve host: scp (../lib/sbi/client.c:767)
08/13 13:28:49.071: [sbi] WARNING: ogs_sbi_client_handler() failed [-1] (../lib/sbi/path.c:62)
08/13 13:29:00.009: [sbi] WARNING: [a2c0328a-9719-41f1-bc1d-7b76e258d70f] Retry registration with NRF (../lib/sbi/nf-sm.c:279)
08/13 13:29:00.074: [sbi] WARNING: Couldn't resolve host name (6): Could not resolve host: scp (../lib/sbi/client.c:767)
08/13 13:29:00.074: [sbi] WARNING: ogs_sbi_client_handler() failed [-1] (../lib/sbi/path.c:62)
08/13 13:29:11.021: [sbi] WARNING: [a2c0328a-9719-41f1-bc1d-7b76e258d70f] Retry registration with NRF (../lib/sbi/nf-sm.c:279)
08/13 13:29:11.086: [sbi] WARNING: Couldn't resolve host name (6): Could not resolve host: scp (../lib/sbi/client.c:767)
08/13 13:29:11.086: [sbi] WARNING: ogs_sbi_client_handler() failed [-1] (../lib/sbi/path.c:62)
08/13 13:29:22.024: [sbi] WARNING: [a2c0328a-9719-41f1-bc1d-7b76e258d70f] Retry registration with NRF (../lib/sbi/nf-sm.c:279)
08/13 13:29:22.090: [sbi] WARNING: Couldn't resolve host name (6): Could not resolve host: scp (../lib/sbi/client.c:767)
08/13 13:29:22.090: [sbi] WARNING: ogs_sbi_client_handler() failed [-1] (../lib/sbi/path.c:62)
08/13 13:29:33.032: [sbi] WARNING: [a2c0328a-9719-41f1-bc1d-7b76e258d70f] Retry registration with NRF (../lib/sbi/nf-sm.c:279)
08/13 13:29:33.096: [sbi] WARNING: Couldn't resolve host name (6): Could not resolve host: scp (../lib/sbi/client.c:767)
08/13 13:29:33.096: [sbi] WARNING: ogs_sbi_client_handler() failed [-1] (../lib/sbi/path.c:62)
08/13 13:29:44.042: [sbi] WARNING: [a2c0328a-9719-41f1-bc1d-7b76e258d70f] Retry registration with NRF (../lib/sbi/nf-sm.c:279)
08/13 13:29:44.108: [sbi] WARNING: Couldn't resolve host name (6): Could not resolve host: scp (../lib/sbi/client.c:767)
08/13 13:29:44.108: [sbi] WARNING: ogs_sbi_client_handler() failed [-1] (../lib/sbi/path.c:62)
08/13 13:29:55.047: [sbi] WARNING: [a2c0328a-9719-41f1-bc1d-7b76e258d70f] Retry registration with NRF (../lib/sbi/nf-sm.c:279)
08/13 13:29:55.112: [sbi] WARNING: Couldn't resolve host name (6): Could not resolve host: scp (../lib/sbi/client.c:767)
08/13 13:29:55.113: [sbi] WARNING: ogs_sbi_client_handler() failed [-1] (../lib/sbi/path.c:62)
08/13 13:30:06.054: [sbi] WARNING: [a2c0328a-9719-41f1-bc1d-7b76e258d70f] Retry registration with NRF (../lib/sbi/nf-sm.c:279)
08/13 13:30:06.117: [sbi] WARNING: Couldn't resolve host name (6): Could not resolve host: scp (../lib/sbi/client.c:767)
08/13 13:30:06.117: [sbi] WARNING: ogs_sbi_client_handler() failed [-1] (../lib/sbi/path.c:62)
08/13 13:30:17.062: [sbi] WARNING: [a2c0328a-9719-41f1-bc1d-7b76e258d70f] Retry registration with NRF (../lib/sbi/nf-sm.c:279)
08/13 13:30:17.144: [sbi] WARNING: Couldn't resolve host name (6): Could not resolve host: scp (../lib/sbi/client.c:767)
08/13 13:30:17.144: [sbi] WARNING: ogs_sbi_client_handler() failed [-1] (../lib/sbi/path.c:62)
08/13 13:30:28.072: [sbi] WARNING: [a2c0328a-9719-41f1-bc1d-7b76e258d70f] Retry registration with NRF (../lib/sbi/nf-sm.c:279)
08/13 13:30:28.138: [sbi] WARNING: Couldn't resolve host name (6): Could not resolve host: scp (../lib/sbi/client.c:767)
08/13 13:30:28.138: [sbi] WARNING: ogs_sbi_client_handler() failed [-1] (../lib/sbi/path.c:62)
08/13 13:30:39.082: [sbi] WARNING: [a2c0328a-9719-41f1-bc1d-7b76e258d70f] Retry registration with NRF (../lib/sbi/nf-sm.c:279)
08/13 13:30:39.148: [sbi] WARNING: Couldn't resolve host name (6): Could not resolve host: scp (../lib/sbi/client.c:767)
08/13 13:30:39.148: [sbi] WARNING: ogs_sbi_client_handler() failed [-1] (../lib/sbi/path.c:62)
08/13 13:30:50.086: [sbi] WARNING: [a2c0328a-9719-41f1-bc1d-7b76e258d70f] Retry registration with NRF (../lib/sbi/nf-sm.c:279)
08/13 13:30:50.154: [sbi] WARNING: Couldn't resolve host name (6): Could not resolve host: scp (../lib/sbi/client.c:767)
08/13 13:30:50.154: [sbi] WARNING: ogs_sbi_client_handler() failed [-1] (../lib/sbi/path.c:62)
08/13 13:31:01.091: [sbi] WARNING: [a2c0328a-9719-41f1-bc1d-7b76e258d70f] Retry registration with NRF (../lib/sbi/nf-sm.c:279)
08/13 13:31:01.156: [sbi] WARNING: Couldn't resolve host name (6): Could not resolve host: scp (../lib/sbi/client.c:767)
08/13 13:31:01.156: [sbi] WARNING: ogs_sbi_client_handler() failed [-1] (../lib/sbi/path.c:62)
08/13 13:31:12.099: [sbi] WARNING: [a2c0328a-9719-41f1-bc1d-7b76e258d70f] Retry registration with NRF (../lib/sbi/nf-sm.c:279)
08/13 13:31:12.163: [sbi] WARNING: Couldn't resolve host name (6): Could not resolve host: scp (../lib/sbi/client.c:767)
08/13 13:31:12.163: [sbi] WARNING: ogs_sbi_client_handler() failed [-1] (../lib/sbi/path.c:62)
08/13 13:31:23.102: [sbi] WARNING: [a2c0328a-9719-41f1-bc1d-7b76e258d70f] Retry registration with NRF (../lib/sbi/nf-sm.c:279)
08/13 13:31:23.167: [sbi] WARNING: Couldn't resolve host name (6): Could not resolve host: scp (../lib/sbi/client.c:767)
08/13 13:31:23.167: [sbi] WARNING: ogs_sbi_client_handler() failed [-1] (../lib/sbi/path.c:62)
08/13 13:31:34.104: [sbi] WARNING: [a2c0328a-9719-41f1-bc1d-7b76e258d70f] Retry registration with NRF (../lib/sbi/nf-sm.c:279)
08/13 13:31:34.169: [sbi] WARNING: Couldn't resolve host name (6): Could not resolve host: scp (../lib/sbi/client.c:767)
08/13 13:31:34.169: [sbi] WARNING: ogs_sbi_client_handler() failed [-1] (../lib/sbi/path.c:62)
08/13 13:31:45.112: [sbi] WARNING: [a2c0328a-9719-41f1-bc1d-7b76e258d70f] Retry registration with NRF (../lib/sbi/nf-sm.c:279)
08/13 13:31:45.176: [sbi] WARNING: Couldn't resolve host name (6): Could not resolve host: scp (../lib/sbi/client.c:767)
08/13 13:31:45.176: [sbi] WARNING: ogs_sbi_client_handler() failed [-1] (../lib/sbi/path.c:62)
08/13 13:31:56.116: [sbi] WARNING: [a2c0328a-9719-41f1-bc1d-7b76e258d70f] Retry registration with NRF (../lib/sbi/nf-sm.c:279)
08/13 13:31:56.185: [sbi] WARNING: Couldn't resolve host name (6): Could not resolve host: scp (../lib/sbi/client.c:767)
08/13 13:31:56.185: [sbi] WARNING: ogs_sbi_client_handler() failed [-1] (../lib/sbi/path.c:62)
08/13 13:32:07.122: [sbi] WARNING: [a2c0328a-9719-41f1-bc1d-7b76e258d70f] Retry registration with NRF (../lib/sbi/nf-sm.c:279)
08/13 13:32:07.187: [sbi] WARNING: Couldn't resolve host name (6): Could not resolve host: scp (../lib/sbi/client.c:767)
08/13 13:32:07.187: [sbi] WARNING: ogs_sbi_client_handler() failed [-1] (../lib/sbi/path.c:62)
08/13 13:32:18.133: [sbi] WARNING: [a2c0328a-9719-41f1-bc1d-7b76e258d70f] Retry registration with NRF (../lib/sbi/nf-sm.c:279)
08/13 13:32:18.198: [sbi] WARNING: Couldn't resolve host name (6): Could not resolve host: scp (../lib/sbi/client.c:767)
08/13 13:32:18.198: [sbi] WARNING: ogs_sbi_client_handler() failed [-1] (../lib/sbi/path.c:62)
08/13 13:32:29.142: [sbi] WARNING: [a2c0328a-9719-41f1-bc1d-7b76e258d70f] Retry registration with NRF (../lib/sbi/nf-sm.c:279)
08/13 13:32:29.207: [sbi] WARNING: Couldn't resolve host name (6): Could not resolve host: scp (../lib/sbi/client.c:767)
08/13 13:32:29.207: [sbi] WARNING: ogs_sbi_client_handler() failed [-1] (../lib/sbi/path.c:62)
08/13 13:32:40.149: [sbi] WARNING: [a2c0328a-9719-41f1-bc1d-7b76e258d70f] Retry registration with NRF (../lib/sbi/nf-sm.c:279)
08/13 13:32:40.214: [sbi] WARNING: Couldn't resolve host name (6): Could not resolve host: scp (../lib/sbi/client.c:767)
08/13 13:32:40.214: [sbi] WARNING: ogs_sbi_client_handler() failed [-1] (../lib/sbi/path.c:62)
08/13 13:32:51.151: [sbi] WARNING: [a2c0328a-9719-41f1-bc1d-7b76e258d70f] Retry registration with NRF (../lib/sbi/nf-sm.c:279)
08/13 13:32:51.216: [sbi] WARNING: Couldn't resolve host name (6): Could not resolve host: scp (../lib/sbi/client.c:767)
08/13 13:32:51.216: [sbi] WARNING: ogs_sbi_client_handler() failed [-1] (../lib/sbi/path.c:62)
08/13 13:33:02.155: [sbi] WARNING: [a2c0328a-9719-41f1-bc1d-7b76e258d70f] Retry registration with NRF (../lib/sbi/nf-sm.c:279)
08/13 13:33:02.221: [sbi] WARNING: Couldn't resolve host name (6): Could not resolve host: scp (../lib/sbi/client.c:767)
08/13 13:33:02.221: [sbi] WARNING: ogs_sbi_client_handler() failed [-1] (../lib/sbi/path.c:62)
08/13 13:33:13.166: [sbi] WARNING: [a2c0328a-9719-41f1-bc1d-7b76e258d70f] Retry registration with NRF (../lib/sbi/nf-sm.c:279)
08/13 13:33:13.231: [sbi] WARNING: Couldn't resolve host name (6): Could not resolve host: scp (../lib/sbi/client.c:767)
08/13 13:33:13.231: [sbi] WARNING: ogs_sbi_client_handler() failed [-1] (../lib/sbi/path.c:62)
08/13 13:33:24.173: [sbi] WARNING: [a2c0328a-9719-41f1-bc1d-7b76e258d70f] Retry registration with NRF (../lib/sbi/nf-sm.c:279)
08/13 13:33:24.240: [sbi] WARNING: Couldn't resolve host name (6): Could not resolve host: scp (../lib/sbi/client.c:767)
08/13 13:33:24.240: [sbi] WARNING: ogs_sbi_client_handler() failed [-1] (../lib/sbi/path.c:62)
08/13 13:33:35.185: [sbi] WARNING: [a2c0328a-9719-41f1-bc1d-7b76e258d70f] Retry registration with NRF (../lib/sbi/nf-sm.c:279)
08/13 13:33:35.252: [sbi] WARNING: Couldn't resolve host name (6): Could not resolve host: scp (../lib/sbi/client.c:767)
08/13 13:33:35.252: [sbi] WARNING: ogs_sbi_client_handler() failed [-1] (../lib/sbi/path.c:62)
08/13 13:33:46.192: [sbi] WARNING: [a2c0328a-9719-41f1-bc1d-7b76e258d70f] Retry registration with NRF (../lib/sbi/nf-sm.c:279)
08/13 13:33:46.257: [sbi] WARNING: Couldn't resolve host name (6): Could not resolve host: scp (../lib/sbi/client.c:767)
08/13 13:33:46.257: [sbi] WARNING: ogs_sbi_client_handler() failed [-1] (../lib/sbi/path.c:62)
08/13 13:33:57.203: [sbi] WARNING: [a2c0328a-9719-41f1-bc1d-7b76e258d70f] Retry registration with NRF (../lib/sbi/nf-sm.c:279)
08/13 13:33:57.268: [sbi] WARNING: Couldn't resolve host name (6): Could not resolve host: scp (../lib/sbi/client.c:767)
08/13 13:33:57.268: [sbi] WARNING: ogs_sbi_client_handler() failed [-1] (../lib/sbi/path.c:62)
08/13 13:34:08.212: [sbi] WARNING: [a2c0328a-9719-41f1-bc1d-7b76e258d70f] Retry registration with NRF (../lib/sbi/nf-sm.c:279)
08/13 13:34:08.275: [sbi] WARNING: Couldn't resolve host name (6): Could not resolve host: scp (../lib/sbi/client.c:767)
08/13 13:34:08.275: [sbi] WARNING: ogs_sbi_client_handler() failed [-1] (../lib/sbi/path.c:62)
08/13 13:34:19.220: [sbi] WARNING: [a2c0328a-9719-41f1-bc1d-7b76e258d70f] Retry registration with NRF (../lib/sbi/nf-sm.c:279)
08/13 13:34:19.284: [sbi] WARNING: Couldn't resolve host name (6): Could not resolve host: scp (../lib/sbi/client.c:767)
08/13 13:34:19.284: [sbi] WARNING: ogs_sbi_client_handler() failed [-1] (../lib/sbi/path.c:62)
08/13 13:34:30.230: [sbi] WARNING: [a2c0328a-9719-41f1-bc1d-7b76e258d70f] Retry registration with NRF (../lib/sbi/nf-sm.c:279)
08/13 13:34:30.295: [sbi] WARNING: Couldn't resolve host name (6): Could not resolve host: scp (../lib/sbi/client.c:767)
08/13 13:34:30.295: [sbi] WARNING: ogs_sbi_client_handler() failed [-1] (../lib/sbi/path.c:62)
08/13 13:34:41.242: [sbi] WARNING: [a2c0328a-9719-41f1-bc1d-7b76e258d70f] Retry registration with NRF (../lib/sbi/nf-sm.c:279)
08/13 13:34:41.307: [sbi] WARNING: Couldn't resolve host name (6): Could not resolve host: scp (../lib/sbi/client.c:767)
08/13 13:34:41.308: [sbi] WARNING: ogs_sbi_client_handler() failed [-1] (../lib/sbi/path.c:62)
08/13 13:34:52.251: [sbi] WARNING: [a2c0328a-9719-41f1-bc1d-7b76e258d70f] Retry registration with NRF (../lib/sbi/nf-sm.c:279)
08/13 13:34:52.316: [sbi] WARNING: Couldn't resolve host name (6): Could not resolve host: scp (../lib/sbi/client.c:767)
08/13 13:34:52.316: [sbi] WARNING: ogs_sbi_client_handler() failed [-1] (../lib/sbi/path.c:62)
08/13 13:35:03.262: [sbi] WARNING: [a2c0328a-9719-41f1-bc1d-7b76e258d70f] Retry registration with NRF (../lib/sbi/nf-sm.c:279)
08/13 13:35:03.326: [sbi] WARNING: Couldn't resolve host name (6): Could not resolve host: scp (../lib/sbi/client.c:767)
08/13 13:35:03.326: [sbi] WARNING: ogs_sbi_client_handler() failed [-1] (../lib/sbi/path.c:62)
08/13 13:35:14.272: [sbi] WARNING: [a2c0328a-9719-41f1-bc1d-7b76e258d70f] Retry registration with NRF (../lib/sbi/nf-sm.c:279)
08/13 13:35:14.337: [sbi] WARNING: Couldn't resolve host name (6): Could not resolve host: scp (../lib/sbi/client.c:767)
08/13 13:35:14.337: [sbi] WARNING: ogs_sbi_client_handler() failed [-1] (../lib/sbi/path.c:62)
08/13 13:35:25.282: [sbi] WARNING: [a2c0328a-9719-41f1-bc1d-7b76e258d70f] Retry registration with NRF (../lib/sbi/nf-sm.c:279)
08/13 13:35:25.347: [sbi] WARNING: Couldn't resolve host name (6): Could not resolve host: scp (../lib/sbi/client.c:767)
08/13 13:35:25.347: [sbi] WARNING: ogs_sbi_client_handler() failed [-1] (../lib/sbi/path.c:62)
08/13 13:35:36.286: [sbi] WARNING: [a2c0328a-9719-41f1-bc1d-7b76e258d70f] Retry registration with NRF (../lib/sbi/nf-sm.c:279)
08/13 13:35:36.350: [sbi] WARNING: Couldn't resolve host name (6): Could not resolve host: scp (../lib/sbi/client.c:767)
08/13 13:35:36.350: [sbi] WARNING: ogs_sbi_client_handler() failed [-1] (../lib/sbi/path.c:62)
08/13 13:35:47.296: [sbi] WARNING: [a2c0328a-9719-41f1-bc1d-7b76e258d70f] Retry registration with NRF (../lib/sbi/nf-sm.c:279)
08/13 13:35:47.361: [sbi] WARNING: Couldn't resolve host name (6): Could not resolve host: scp (../lib/sbi/client.c:767)
08/13 13:35:47.362: [sbi] WARNING: ogs_sbi_client_handler() failed [-1] (../lib/sbi/path.c:62)
08/13 13:35:58.301: [sbi] WARNING: [a2c0328a-9719-41f1-bc1d-7b76e258d70f] Retry registration with NRF (../lib/sbi/nf-sm.c:279)
08/13 13:35:58.365: [sbi] WARNING: Couldn't resolve host name (6): Could not resolve host: scp (../lib/sbi/client.c:767)
08/13 13:35:58.365: [sbi] WARNING: ogs_sbi_client_handler() failed [-1] (../lib/sbi/path.c:62)
08/13 13:36:09.312: [sbi] WARNING: [a2c0328a-9719-41f1-bc1d-7b76e258d70f] Retry registration with NRF (../lib/sbi/nf-sm.c:279)
08/13 13:36:09.378: [sbi] WARNING: Couldn't resolve host name (6): Could not resolve host: scp (../lib/sbi/client.c:767)
08/13 13:36:09.378: [sbi] WARNING: ogs_sbi_client_handler() failed [-1] (../lib/sbi/path.c:62)
08/13 13:36:20.322: [sbi] WARNING: [a2c0328a-9719-41f1-bc1d-7b76e258d70f] Retry registration with NRF (../lib/sbi/nf-sm.c:279)
08/13 13:36:20.388: [sbi] WARNING: Couldn't resolve host name (6): Could not resolve host: scp (../lib/sbi/client.c:767)
08/13 13:36:20.388: [sbi] WARNING: ogs_sbi_client_handler() failed [-1] (../lib/sbi/path.c:62)
08/13 13:36:31.330: [sbi] WARNING: [a2c0328a-9719-41f1-bc1d-7b76e258d70f] Retry registration with NRF (../lib/sbi/nf-sm.c:279)
08/13 13:36:31.397: [sbi] WARNING: Couldn't resolve host name (6): Could not resolve host: scp (../lib/sbi/client.c:767)
08/13 13:36:31.397: [sbi] WARNING: ogs_sbi_client_handler() failed [-1] (../lib/sbi/path.c:62)
08/13 13:36:42.333: [sbi] WARNING: [a2c0328a-9719-41f1-bc1d-7b76e258d70f] Retry registration with NRF (../lib/sbi/nf-sm.c:279)
08/13 13:36:42.400: [sbi] WARNING: Couldn't resolve host name (6): Could not resolve host: scp (../lib/sbi/client.c:767)
08/13 13:36:42.400: [sbi] WARNING: ogs_sbi_client_handler() failed [-1] (../lib/sbi/path.c:62)
08/13 13:36:53.345: [sbi] WARNING: [a2c0328a-9719-41f1-bc1d-7b76e258d70f] Retry registration with NRF (../lib/sbi/nf-sm.c:279)
08/13 13:36:53.413: [sbi] WARNING: Couldn't resolve host name (6): Could not resolve host: scp (../lib/sbi/client.c:767)
08/13 13:36:53.413: [sbi] WARNING: ogs_sbi_client_handler() failed [-1] (../lib/sbi/path.c:62)
08/13 13:37:04.356: [sbi] WARNING: [a2c0328a-9719-41f1-bc1d-7b76e258d70f] Retry registration with NRF (../lib/sbi/nf-sm.c:279)
08/13 13:37:04.422: [sbi] WARNING: Couldn't resolve host name (6): Could not resolve host: scp (../lib/sbi/client.c:767)
08/13 13:37:04.422: [sbi] WARNING: ogs_sbi_client_handler() failed [-1] (../lib/sbi/path.c:62)
08/13 13:37:15.368: [sbi] WARNING: [a2c0328a-9719-41f1-bc1d-7b76e258d70f] Retry registration with NRF (../lib/sbi/nf-sm.c:279)
08/13 13:37:15.453: [sbi] WARNING: Couldn't resolve host name (6): Could not resolve host: scp (../lib/sbi/client.c:767)
08/13 13:37:15.454: [sbi] WARNING: ogs_sbi_client_handler() failed [-1] (../lib/sbi/path.c:62)
08/13 13:37:26.380: [sbi] WARNING: [a2c0328a-9719-41f1-bc1d-7b76e258d70f] Retry registration with NRF (../lib/sbi/nf-sm.c:279)
08/13 13:37:26.445: [sbi] WARNING: Couldn't resolve host name (6): Could not resolve host: scp (../lib/sbi/client.c:767)
08/13 13:37:26.445: [sbi] WARNING: ogs_sbi_client_handler() failed [-1] (../lib/sbi/path.c:62)
08/13 13:37:37.392: [sbi] WARNING: [a2c0328a-9719-41f1-bc1d-7b76e258d70f] Retry registration with NRF (../lib/sbi/nf-sm.c:279)
08/13 13:37:37.458: [sbi] WARNING: Couldn't resolve host name (6): Could not resolve host: scp (../lib/sbi/client.c:767)
08/13 13:37:37.458: [sbi] WARNING: ogs_sbi_client_handler() failed [-1] (../lib/sbi/path.c:62)
08/13 13:37:48.403: [sbi] WARNING: [a2c0328a-9719-41f1-bc1d-7b76e258d70f] Retry registration with NRF (../lib/sbi/nf-sm.c:279)
08/13 13:37:48.468: [sbi] WARNING: Couldn't resolve host name (6): Could not resolve host: scp (../lib/sbi/client.c:767)
08/13 13:37:48.468: [sbi] WARNING: ogs_sbi_client_handler() failed [-1] (../lib/sbi/path.c:62)
08/13 13:37:59.405: [sbi] WARNING: [a2c0328a-9719-41f1-bc1d-7b76e258d70f] Retry registration with NRF (../lib/sbi/nf-sm.c:279)
08/13 13:37:59.472: [sbi] WARNING: Couldn't resolve host name (6): Could not resolve host: scp (../lib/sbi/client.c:767)
08/13 13:37:59.472: [sbi] WARNING: ogs_sbi_client_handler() failed [-1] (../lib/sbi/path.c:62)
08/13 13:38:10.417: [sbi] WARNING: [a2c0328a-9719-41f1-bc1d-7b76e258d70f] Retry registration with NRF (../lib/sbi/nf-sm.c:279)
08/13 13:38:10.492: [sbi] WARNING: Couldn't resolve host name (6): Could not resolve host: scp (../lib/sbi/client.c:767)
08/13 13:38:10.492: [sbi] WARNING: ogs_sbi_client_handler() failed [-1] (../lib/sbi/path.c:62)
08/13 13:38:21.423: [sbi] WARNING: [a2c0328a-9719-41f1-bc1d-7b76e258d70f] Retry registration with NRF (../lib/sbi/nf-sm.c:279)
08/13 13:38:21.488: [sbi] WARNING: Couldn't resolve host name (6): Could not resolve host: scp (../lib/sbi/client.c:767)
08/13 13:38:21.489: [sbi] WARNING: ogs_sbi_client_handler() failed [-1] (../lib/sbi/path.c:62)
08/13 13:38:32.435: [sbi] WARNING: [a2c0328a-9719-41f1-bc1d-7b76e258d70f] Retry registration with NRF (../lib/sbi/nf-sm.c:279)
08/13 13:38:32.501: [sbi] WARNING: Couldn't resolve host name (6): Could not resolve host: scp (../lib/sbi/client.c:767)
08/13 13:38:32.501: [sbi] WARNING: ogs_sbi_client_handler() failed [-1] (../lib/sbi/path.c:62)
08/13 13:38:43.444: [sbi] WARNING: [a2c0328a-9719-41f1-bc1d-7b76e258d70f] Retry registration with NRF (../lib/sbi/nf-sm.c:279)
08/13 13:38:43.516: [sbi] WARNING: Couldn't resolve host name (6): Could not resolve host: scp (../lib/sbi/client.c:767)
08/13 13:38:43.516: [sbi] WARNING: ogs_sbi_client_handler() failed [-1] (../lib/sbi/path.c:62)
08/13 13:38:54.448: [sbi] WARNING: [a2c0328a-9719-41f1-bc1d-7b76e258d70f] Retry registration with NRF (../lib/sbi/nf-sm.c:279)
08/13 13:38:54.515: [sbi] WARNING: Couldn't resolve host name (6): Could not resolve host: scp (../lib/sbi/client.c:767)
08/13 13:38:54.515: [sbi] WARNING: ogs_sbi_client_handler() failed [-1] (../lib/sbi/path.c:62)
08/13 13:39:05.459: [sbi] WARNING: [a2c0328a-9719-41f1-bc1d-7b76e258d70f] Retry registration with NRF (../lib/sbi/nf-sm.c:279)
08/13 13:39:05.538: [sbi] WARNING: Couldn't resolve host name (6): Could not resolve host: scp (../lib/sbi/client.c:767)
08/13 13:39:05.538: [sbi] WARNING: ogs_sbi_client_handler() failed [-1] (../lib/sbi/path.c:62)
08/13 13:39:16.461: [sbi] WARNING: [a2c0328a-9719-41f1-bc1d-7b76e258d70f] Retry registration with NRF (../lib/sbi/nf-sm.c:279)
08/13 13:39:16.526: [sbi] WARNING: Couldn't resolve host name (6): Could not resolve host: scp (../lib/sbi/client.c:767)
08/13 13:39:16.526: [sbi] WARNING: ogs_sbi_client_handler() failed [-1] (../lib/sbi/path.c:62)
08/13 13:39:27.473: [sbi] WARNING: [a2c0328a-9719-41f1-bc1d-7b76e258d70f] Retry registration with NRF (../lib/sbi/nf-sm.c:279)
08/13 13:39:27.536: [sbi] WARNING: Couldn't resolve host name (6): Could not resolve host: scp (../lib/sbi/client.c:767)
08/13 13:39:27.537: [sbi] WARNING: ogs_sbi_client_handler() failed [-1] (../lib/sbi/path.c:62)
08/13 13:39:38.482: [sbi] WARNING: [a2c0328a-9719-41f1-bc1d-7b76e258d70f] Retry registration with NRF (../lib/sbi/nf-sm.c:279)
08/13 13:39:38.546: [sbi] WARNING: Couldn't resolve host name (6): Could not resolve host: scp (../lib/sbi/client.c:767)
08/13 13:39:38.546: [sbi] WARNING: ogs_sbi_client_handler() failed [-1] (../lib/sbi/path.c:62)
08/13 13:39:49.490: [sbi] WARNING: [a2c0328a-9719-41f1-bc1d-7b76e258d70f] Retry registration with NRF (../lib/sbi/nf-sm.c:279)
08/13 13:39:49.554: [sbi] WARNING: Couldn't resolve host name (6): Could not resolve host: scp (../lib/sbi/client.c:767)
08/13 13:39:49.554: [sbi] WARNING: ogs_sbi_client_handler() failed [-1] (../lib/sbi/path.c:62)
08/13 13:40:00.493: [sbi] WARNING: [a2c0328a-9719-41f1-bc1d-7b76e258d70f] Retry registration with NRF (../lib/sbi/nf-sm.c:279)
08/13 13:40:00.558: [sbi] WARNING: Couldn't resolve host name (6): Could not resolve host: scp (../lib/sbi/client.c:767)
08/13 13:40:00.558: [sbi] WARNING: ogs_sbi_client_handler() failed [-1] (../lib/sbi/path.c:62)
08/13 13:40:11.503: [sbi] WARNING: [a2c0328a-9719-41f1-bc1d-7b76e258d70f] Retry registration with NRF (../lib/sbi/nf-sm.c:279)
08/13 13:40:11.569: [sbi] WARNING: Couldn't resolve host name (6): Could not resolve host: scp (../lib/sbi/client.c:767)
08/13 13:40:11.569: [sbi] WARNING: ogs_sbi_client_handler() failed [-1] (../lib/sbi/path.c:62)
08/13 13:40:22.509: [sbi] WARNING: [a2c0328a-9719-41f1-bc1d-7b76e258d70f] Retry registration with NRF (../lib/sbi/nf-sm.c:279)
08/13 13:40:22.576: [sbi] WARNING: Couldn't resolve host name (6): Could not resolve host: scp (../lib/sbi/client.c:767)
08/13 13:40:22.576: [sbi] WARNING: ogs_sbi_client_handler() failed [-1] (../lib/sbi/path.c:62)
08/13 13:40:33.521: [sbi] WARNING: [a2c0328a-9719-41f1-bc1d-7b76e258d70f] Retry registration with NRF (../lib/sbi/nf-sm.c:279)
08/13 13:40:33.586: [sbi] WARNING: Couldn't resolve host name (6): Could not resolve host: scp (../lib/sbi/client.c:767)
08/13 13:40:33.586: [sbi] WARNING: ogs_sbi_client_handler() failed [-1] (../lib/sbi/path.c:62)
08/13 13:40:44.529: [sbi] WARNING: [a2c0328a-9719-41f1-bc1d-7b76e258d70f] Retry registration with NRF (../lib/sbi/nf-sm.c:279)
08/13 13:40:44.593: [sbi] WARNING: Couldn't resolve host name (6): Could not resolve host: scp (../lib/sbi/client.c:767)
08/13 13:40:44.593: [sbi] WARNING: ogs_sbi_client_handler() failed [-1] (../lib/sbi/path.c:62)
08/13 13:40:55.531: [sbi] WARNING: [a2c0328a-9719-41f1-bc1d-7b76e258d70f] Retry registration with NRF (../lib/sbi/nf-sm.c:279)
08/13 13:40:55.596: [sbi] WARNING: Couldn't resolve host name (6): Could not resolve host: scp (../lib/sbi/client.c:767)
08/13 13:40:55.596: [sbi] WARNING: ogs_sbi_client_handler() failed [-1] (../lib/sbi/path.c:62)
08/13 13:41:06.531: [sbi] WARNING: [a2c0328a-9719-41f1-bc1d-7b76e258d70f] Retry registration with NRF (../lib/sbi/nf-sm.c:279)
08/13 13:41:06.596: [sbi] WARNING: Couldn't resolve host name (6): Could not resolve host: scp (../lib/sbi/client.c:767)
08/13 13:41:06.596: [sbi] WARNING: ogs_sbi_client_handler() failed [-1] (../lib/sbi/path.c:62)
08/13 13:41:17.543: [sbi] WARNING: [a2c0328a-9719-41f1-bc1d-7b76e258d70f] Retry registration with NRF (../lib/sbi/nf-sm.c:279)
08/13 13:41:17.609: [sbi] WARNING: Couldn't resolve host name (6): Could not resolve host: scp (../lib/sbi/client.c:767)
08/13 13:41:17.609: [sbi] WARNING: ogs_sbi_client_handler() failed [-1] (../lib/sbi/path.c:62)
08/13 13:41:28.552: [sbi] WARNING: [a2c0328a-9719-41f1-bc1d-7b76e258d70f] Retry registration with NRF (../lib/sbi/nf-sm.c:279)
08/13 13:41:28.617: [sbi] WARNING: Couldn't resolve host name (6): Could not resolve host: scp (../lib/sbi/client.c:767)
08/13 13:41:28.617: [sbi] WARNING: ogs_sbi_client_handler() failed [-1] (../lib/sbi/path.c:62)
08/13 13:41:39.562: [sbi] WARNING: [a2c0328a-9719-41f1-bc1d-7b76e258d70f] Retry registration with NRF (../lib/sbi/nf-sm.c:279)
08/13 13:41:39.629: [sbi] WARNING: Couldn't resolve host name (6): Could not resolve host: scp (../lib/sbi/client.c:767)
08/13 13:41:39.629: [sbi] WARNING: ogs_sbi_client_handler() failed [-1] (../lib/sbi/path.c:62)
08/13 13:41:50.572: [sbi] WARNING: [a2c0328a-9719-41f1-bc1d-7b76e258d70f] Retry registration with NRF (../lib/sbi/nf-sm.c:279)
08/13 13:41:50.636: [sbi] WARNING: Couldn't resolve host name (6): Could not resolve host: scp (../lib/sbi/client.c:767)
08/13 13:41:50.636: [sbi] WARNING: ogs_sbi_client_handler() failed [-1] (../lib/sbi/path.c:62)
08/13 13:42:01.575: [sbi] WARNING: [a2c0328a-9719-41f1-bc1d-7b76e258d70f] Retry registration with NRF (../lib/sbi/nf-sm.c:279)
08/13 13:42:01.641: [sbi] WARNING: Couldn't resolve host name (6): Could not resolve host: scp (../lib/sbi/client.c:767)
08/13 13:42:01.641: [sbi] WARNING: ogs_sbi_client_handler() failed [-1] (../lib/sbi/path.c:62)
08/13 13:42:12.580: [sbi] WARNING: [a2c0328a-9719-41f1-bc1d-7b76e258d70f] Retry registration with NRF (../lib/sbi/nf-sm.c:279)
08/13 13:42:12.645: [sbi] WARNING: Couldn't resolve host name (6): Could not resolve host: scp (../lib/sbi/client.c:767)
08/13 13:42:12.645: [sbi] WARNING: ogs_sbi_client_handler() failed [-1] (../lib/sbi/path.c:62)
08/13 13:42:23.591: [sbi] WARNING: [a2c0328a-9719-41f1-bc1d-7b76e258d70f] Retry registration with NRF (../lib/sbi/nf-sm.c:279)
08/13 13:42:23.656: [sbi] WARNING: Couldn't resolve host name (6): Could not resolve host: scp (../lib/sbi/client.c:767)
08/13 13:42:23.656: [sbi] WARNING: ogs_sbi_client_handler() failed [-1] (../lib/sbi/path.c:62)
08/13 13:42:34.592: [sbi] WARNING: [a2c0328a-9719-41f1-bc1d-7b76e258d70f] Retry registration with NRF (../lib/sbi/nf-sm.c:279)
08/13 13:42:34.656: [sbi] WARNING: Couldn't resolve host name (6): Could not resolve host: scp (../lib/sbi/client.c:767)
08/13 13:42:34.656: [sbi] WARNING: ogs_sbi_client_handler() failed [-1] (../lib/sbi/path.c:62)
08/13 13:42:45.593: [sbi] WARNING: [a2c0328a-9719-41f1-bc1d-7b76e258d70f] Retry registration with NRF (../lib/sbi/nf-sm.c:279)
08/13 13:42:45.675: [sbi] WARNING: Couldn't resolve host name (6): Could not resolve host: scp (../lib/sbi/client.c:767)
08/13 13:42:45.675: [sbi] WARNING: ogs_sbi_client_handler() failed [-1] (../lib/sbi/path.c:62)
08/13 13:42:56.602: [sbi] WARNING: [a2c0328a-9719-41f1-bc1d-7b76e258d70f] Retry registration with NRF (../lib/sbi/nf-sm.c:279)
08/13 13:42:56.668: [sbi] WARNING: Couldn't resolve host name (6): Could not resolve host: scp (../lib/sbi/client.c:767)
08/13 13:42:56.668: [sbi] WARNING: ogs_sbi_client_handler() failed [-1] (../lib/sbi/path.c:62)
08/13 13:43:07.614: [sbi] WARNING: [a2c0328a-9719-41f1-bc1d-7b76e258d70f] Retry registration with NRF (../lib/sbi/nf-sm.c:279)
08/13 13:43:07.680: [sbi] WARNING: Couldn't resolve host name (6): Could not resolve host: scp (../lib/sbi/client.c:767)
08/13 13:43:07.680: [sbi] WARNING: ogs_sbi_client_handler() failed [-1] (../lib/sbi/path.c:62)
08/13 13:43:18.625: [sbi] WARNING: [a2c0328a-9719-41f1-bc1d-7b76e258d70f] Retry registration with NRF (../lib/sbi/nf-sm.c:279)
08/13 13:43:18.691: [sbi] WARNING: Couldn't resolve host name (6): Could not resolve host: scp (../lib/sbi/client.c:767)
08/13 13:43:18.691: [sbi] WARNING: ogs_sbi_client_handler() failed [-1] (../lib/sbi/path.c:62)
08/13 13:43:29.637: [sbi] WARNING: [a2c0328a-9719-41f1-bc1d-7b76e258d70f] Retry registration with NRF (../lib/sbi/nf-sm.c:279)
08/13 13:43:29.701: [sbi] WARNING: Couldn't resolve host name (6): Could not resolve host: scp (../lib/sbi/client.c:767)
08/13 13:43:29.701: [sbi] WARNING: ogs_sbi_client_handler() failed [-1] (../lib/sbi/path.c:62)
08/13 13:43:40.642: [sbi] WARNING: [a2c0328a-9719-41f1-bc1d-7b76e258d70f] Retry registration with NRF (../lib/sbi/nf-sm.c:279)
08/13 13:43:40.706: [sbi] WARNING: Couldn't resolve host name (6): Could not resolve host: scp (../lib/sbi/client.c:767)
08/13 13:43:40.706: [sbi] WARNING: ogs_sbi_client_handler() failed [-1] (../lib/sbi/path.c:62)
08/13 13:43:51.652: [sbi] WARNING: [a2c0328a-9719-41f1-bc1d-7b76e258d70f] Retry registration with NRF (../lib/sbi/nf-sm.c:279)
08/13 13:43:51.733: [sbi] WARNING: Couldn't resolve host name (6): Could not resolve host: scp (../lib/sbi/client.c:767)
08/13 13:43:51.733: [sbi] WARNING: ogs_sbi_client_handler() failed [-1] (../lib/sbi/path.c:62)
08/13 13:44:02.661: [sbi] WARNING: [a2c0328a-9719-41f1-bc1d-7b76e258d70f] Retry registration with NRF (../lib/sbi/nf-sm.c:279)
08/13 13:44:02.726: [sbi] WARNING: Couldn't resolve host name (6): Could not resolve host: scp (../lib/sbi/client.c:767)
08/13 13:44:02.726: [sbi] WARNING: ogs_sbi_client_handler() failed [-1] (../lib/sbi/path.c:62)
08/13 13:44:13.671: [sbi] WARNING: [a2c0328a-9719-41f1-bc1d-7b76e258d70f] Retry registration with NRF (../lib/sbi/nf-sm.c:279)
08/13 13:44:13.737: [sbi] WARNING: Couldn't resolve host name (6): Could not resolve host: scp (../lib/sbi/client.c:767)
08/13 13:44:13.737: [sbi] WARNING: ogs_sbi_client_handler() failed [-1] (../lib/sbi/path.c:62)
08/13 13:44:24.682: [sbi] WARNING: [a2c0328a-9719-41f1-bc1d-7b76e258d70f] Retry registration with NRF (../lib/sbi/nf-sm.c:279)
08/13 13:44:24.748: [sbi] WARNING: Couldn't resolve host name (6): Could not resolve host: scp (../lib/sbi/client.c:767)
08/13 13:44:24.748: [sbi] WARNING: ogs_sbi_client_handler() failed [-1] (../lib/sbi/path.c:62)
08/13 13:44:35.683: [sbi] WARNING: [a2c0328a-9719-41f1-bc1d-7b76e258d70f] Retry registration with NRF (../lib/sbi/nf-sm.c:279)
08/13 13:44:35.748: [sbi] WARNING: Couldn't resolve host name (6): Could not resolve host: scp (../lib/sbi/client.c:767)
08/13 13:44:35.748: [sbi] WARNING: ogs_sbi_client_handler() failed [-1] (../lib/sbi/path.c:62)
08/13 13:44:46.685: [sbi] WARNING: [a2c0328a-9719-41f1-bc1d-7b76e258d70f] Retry registration with NRF (../lib/sbi/nf-sm.c:279)
08/13 13:44:46.751: [sbi] WARNING: Couldn't resolve host name (6): Could not resolve host: scp (../lib/sbi/client.c:767)
08/13 13:44:46.751: [sbi] WARNING: ogs_sbi_client_handler() failed [-1] (../lib/sbi/path.c:62)
08/13 13:44:57.694: [sbi] WARNING: [a2c0328a-9719-41f1-bc1d-7b76e258d70f] Retry registration with NRF (../lib/sbi/nf-sm.c:279)
08/13 13:44:57.760: [sbi] WARNING: Couldn't resolve host name (6): Could not resolve host: scp (../lib/sbi/client.c:767)
08/13 13:44:57.760: [sbi] WARNING: ogs_sbi_client_handler() failed [-1] (../lib/sbi/path.c:62)
08/13 13:45:08.702: [sbi] WARNING: [a2c0328a-9719-41f1-bc1d-7b76e258d70f] Retry registration with NRF (../lib/sbi/nf-sm.c:279)
08/13 13:45:08.784: [sbi] WARNING: Couldn't resolve host name (6): Could not resolve host: scp (../lib/sbi/client.c:767)
08/13 13:45:08.784: [sbi] WARNING: ogs_sbi_client_handler() failed [-1] (../lib/sbi/path.c:62)
08/13 13:45:19.710: [sbi] WARNING: [a2c0328a-9719-41f1-bc1d-7b76e258d70f] Retry registration with NRF (../lib/sbi/nf-sm.c:279)
08/13 13:45:19.777: [sbi] WARNING: Couldn't resolve host name (6): Could not resolve host: scp (../lib/sbi/client.c:767)
08/13 13:45:19.777: [sbi] WARNING: ogs_sbi_client_handler() failed [-1] (../lib/sbi/path.c:62)
08/13 13:45:30.718: [sbi] WARNING: [a2c0328a-9719-41f1-bc1d-7b76e258d70f] Retry registration with NRF (../lib/sbi/nf-sm.c:279)
08/13 13:45:30.790: [sbi] WARNING: Couldn't resolve host name (6): Could not resolve host: scp (../lib/sbi/client.c:767)
08/13 13:45:30.790: [sbi] WARNING: ogs_sbi_client_handler() failed [-1] (../lib/sbi/path.c:62)
08/13 13:45:41.730: [sbi] WARNING: [a2c0328a-9719-41f1-bc1d-7b76e258d70f] Retry registration with NRF (../lib/sbi/nf-sm.c:279)
08/13 13:45:41.796: [sbi] WARNING: Couldn't resolve host name (6): Could not resolve host: scp (../lib/sbi/client.c:767)
08/13 13:45:41.797: [sbi] WARNING: ogs_sbi_client_handler() failed [-1] (../lib/sbi/path.c:62)
08/13 13:45:52.741: [sbi] WARNING: [a2c0328a-9719-41f1-bc1d-7b76e258d70f] Retry registration with NRF (../lib/sbi/nf-sm.c:279)
08/13 13:45:52.805: [sbi] WARNING: Couldn't resolve host name (6): Could not resolve host: scp (../lib/sbi/client.c:767)
08/13 13:45:52.805: [sbi] WARNING: ogs_sbi_client_handler() failed [-1] (../lib/sbi/path.c:62)
08/13 13:46:03.743: [sbi] WARNING: [a2c0328a-9719-41f1-bc1d-7b76e258d70f] Retry registration with NRF (../lib/sbi/nf-sm.c:279)
08/13 13:46:03.809: [sbi] WARNING: Couldn't resolve host name (6): Could not resolve host: scp (../lib/sbi/client.c:767)
08/13 13:46:03.809: [sbi] WARNING: ogs_sbi_client_handler() failed [-1] (../lib/sbi/path.c:62)
08/13 13:46:14.751: [sbi] WARNING: [a2c0328a-9719-41f1-bc1d-7b76e258d70f] Retry registration with NRF (../lib/sbi/nf-sm.c:279)
08/13 13:46:14.816: [sbi] WARNING: Couldn't resolve host name (6): Could not resolve host: scp (../lib/sbi/client.c:767)
08/13 13:46:14.816: [sbi] WARNING: ogs_sbi_client_handler() failed [-1] (../lib/sbi/path.c:62)
08/13 13:46:25.763: [sbi] WARNING: [a2c0328a-9719-41f1-bc1d-7b76e258d70f] Retry registration with NRF (../lib/sbi/nf-sm.c:279)
08/13 13:46:25.828: [sbi] WARNING: Couldn't resolve host name (6): Could not resolve host: scp (../lib/sbi/client.c:767)
08/13 13:46:25.828: [sbi] WARNING: ogs_sbi_client_handler() failed [-1] (../lib/sbi/path.c:62)
08/13 13:46:36.773: [sbi] WARNING: [a2c0328a-9719-41f1-bc1d-7b76e258d70f] Retry registration with NRF (../lib/sbi/nf-sm.c:279)
08/13 13:46:36.837: [sbi] WARNING: Couldn't resolve host name (6): Could not resolve host: scp (../lib/sbi/client.c:767)
08/13 13:46:36.837: [sbi] WARNING: ogs_sbi_client_handler() failed [-1] (../lib/sbi/path.c:62)
08/13 13:46:47.776: [sbi] WARNING: [a2c0328a-9719-41f1-bc1d-7b76e258d70f] Retry registration with NRF (../lib/sbi/nf-sm.c:279)
08/13 13:46:47.841: [sbi] WARNING: Couldn't resolve host name (6): Could not resolve host: scp (../lib/sbi/client.c:767)
08/13 13:46:47.842: [sbi] WARNING: ogs_sbi_client_handler() failed [-1] (../lib/sbi/path.c:62)
08/13 13:46:58.779: [sbi] WARNING: [a2c0328a-9719-41f1-bc1d-7b76e258d70f] Retry registration with NRF (../lib/sbi/nf-sm.c:279)
08/13 13:46:58.845: [sbi] WARNING: Couldn't resolve host name (6): Could not resolve host: scp (../lib/sbi/client.c:767)
08/13 13:46:58.845: [sbi] WARNING: ogs_sbi_client_handler() failed [-1] (../lib/sbi/path.c:62)
08/13 13:47:09.791: [sbi] WARNING: [a2c0328a-9719-41f1-bc1d-7b76e258d70f] Retry registration with NRF (../lib/sbi/nf-sm.c:279)
08/13 13:47:09.856: [sbi] WARNING: Couldn't resolve host name (6): Could not resolve host: scp (../lib/sbi/client.c:767)
08/13 13:47:09.856: [sbi] WARNING: ogs_sbi_client_handler() failed [-1] (../lib/sbi/path.c:62)
08/13 13:47:20.803: [sbi] WARNING: [a2c0328a-9719-41f1-bc1d-7b76e258d70f] Retry registration with NRF (../lib/sbi/nf-sm.c:279)
08/13 13:47:20.867: [sbi] WARNING: Couldn't resolve host name (6): Could not resolve host: scp (../lib/sbi/client.c:767)
08/13 13:47:20.867: [sbi] WARNING: ogs_sbi_client_handler() failed [-1] (../lib/sbi/path.c:62)
08/13 13:47:31.804: [sbi] WARNING: [a2c0328a-9719-41f1-bc1d-7b76e258d70f] Retry registration with NRF (../lib/sbi/nf-sm.c:279)
08/13 13:47:31.870: [sbi] WARNING: Couldn't resolve host name (6): Could not resolve host: scp (../lib/sbi/client.c:767)
08/13 13:47:31.870: [sbi] WARNING: ogs_sbi_client_handler() failed [-1] (../lib/sbi/path.c:62)
08/13 13:47:42.816: [sbi] WARNING: [a2c0328a-9719-41f1-bc1d-7b76e258d70f] Retry registration with NRF (../lib/sbi/nf-sm.c:279)
08/13 13:47:42.882: [sbi] WARNING: Couldn't resolve host name (6): Could not resolve host: scp (../lib/sbi/client.c:767)
08/13 13:47:42.882: [sbi] WARNING: ogs_sbi_client_handler() failed [-1] (../lib/sbi/path.c:62)
08/13 13:47:53.821: [sbi] WARNING: [a2c0328a-9719-41f1-bc1d-7b76e258d70f] Retry registration with NRF (../lib/sbi/nf-sm.c:279)
08/13 13:47:53.888: [sbi] WARNING: Couldn't resolve host name (6): Could not resolve host: scp (../lib/sbi/client.c:767)
08/13 13:47:53.888: [sbi] WARNING: ogs_sbi_client_handler() failed [-1] (../lib/sbi/path.c:62)
08/13 13:48:04.832: [sbi] WARNING: [a2c0328a-9719-41f1-bc1d-7b76e258d70f] Retry registration with NRF (../lib/sbi/nf-sm.c:279)
08/13 13:48:04.898: [sbi] WARNING: Couldn't resolve host name (6): Could not resolve host: scp (../lib/sbi/client.c:767)
08/13 13:48:04.898: [sbi] WARNING: ogs_sbi_client_handler() failed [-1] (../lib/sbi/path.c:62)
08/13 13:48:15.840: [sbi] WARNING: [a2c0328a-9719-41f1-bc1d-7b76e258d70f] Retry registration with NRF (../lib/sbi/nf-sm.c:279)
08/13 13:48:15.904: [sbi] WARNING: Couldn't resolve host name (6): Could not resolve host: scp (../lib/sbi/client.c:767)
08/13 13:48:15.904: [sbi] WARNING: ogs_sbi_client_handler() failed [-1] (../lib/sbi/path.c:62)
08/13 13:48:26.848: [sbi] WARNING: [a2c0328a-9719-41f1-bc1d-7b76e258d70f] Retry registration with NRF (../lib/sbi/nf-sm.c:279)
08/13 13:48:26.913: [sbi] WARNING: Couldn't resolve host name (6): Could not resolve host: scp (../lib/sbi/client.c:767)
08/13 13:48:26.913: [sbi] WARNING: ogs_sbi_client_handler() failed [-1] (../lib/sbi/path.c:62)
08/13 13:48:37.858: [sbi] WARNING: [a2c0328a-9719-41f1-bc1d-7b76e258d70f] Retry registration with NRF (../lib/sbi/nf-sm.c:279)
08/13 13:48:37.923: [sbi] WARNING: Couldn't resolve host name (6): Could not resolve host: scp (../lib/sbi/client.c:767)
08/13 13:48:37.923: [sbi] WARNING: ogs_sbi_client_handler() failed [-1] (../lib/sbi/path.c:62)
08/13 13:48:48.861: [sbi] WARNING: [a2c0328a-9719-41f1-bc1d-7b76e258d70f] Retry registration with NRF (../lib/sbi/nf-sm.c:279)
08/13 13:48:48.868: [sbi] WARNING: Couldn't resolve host name (6): Could not resolve host: scp (../lib/sbi/client.c:767)
08/13 13:48:48.868: [sbi] WARNING: ogs_sbi_client_handler() failed [-1] (../lib/sbi/path.c:62)
08/13 13:48:59.864: [sbi] WARNING: [a2c0328a-9719-41f1-bc1d-7b76e258d70f] Retry registration with NRF (../lib/sbi/nf-sm.c:279)
08/13 13:48:59.929: [sbi] WARNING: Couldn't resolve host name (6): Could not resolve host: scp (../lib/sbi/client.c:767)
08/13 13:48:59.929: [sbi] WARNING: ogs_sbi_client_handler() failed [-1] (../lib/sbi/path.c:62)
08/13 13:49:10.871: [sbi] WARNING: [a2c0328a-9719-41f1-bc1d-7b76e258d70f] Retry registration with NRF (../lib/sbi/nf-sm.c:279)
08/13 13:49:10.937: [sbi] WARNING: Couldn't resolve host name (6): Could not resolve host: scp (../lib/sbi/client.c:767)
08/13 13:49:10.937: [sbi] WARNING: ogs_sbi_client_handler() failed [-1] (../lib/sbi/path.c:62)
08/13 13:49:21.883: [sbi] WARNING: [a2c0328a-9719-41f1-bc1d-7b76e258d70f] Retry registration with NRF (../lib/sbi/nf-sm.c:279)
08/13 13:49:21.957: [sbi] WARNING: Couldn't resolve host name (6): Could not resolve host: scp (../lib/sbi/client.c:767)
08/13 13:49:21.957: [sbi] WARNING: ogs_sbi_client_handler() failed [-1] (../lib/sbi/path.c:62)
08/13 13:49:32.895: [sbi] WARNING: [a2c0328a-9719-41f1-bc1d-7b76e258d70f] Retry registration with NRF (../lib/sbi/nf-sm.c:279)
08/13 13:49:32.929: [sbi] WARNING: Couldn't resolve host name (6): Could not resolve host: scp (../lib/sbi/client.c:767)
08/13 13:49:32.929: [sbi] WARNING: ogs_sbi_client_handler() failed [-1] (../lib/sbi/path.c:62)
08/13 13:49:43.900: [sbi] WARNING: [a2c0328a-9719-41f1-bc1d-7b76e258d70f] Retry registration with NRF (../lib/sbi/nf-sm.c:279)
08/13 13:49:43.966: [sbi] WARNING: Couldn't resolve host name (6): Could not resolve host: scp (../lib/sbi/client.c:767)
08/13 13:49:43.966: [sbi] WARNING: ogs_sbi_client_handler() failed [-1] (../lib/sbi/path.c:62)
08/13 13:49:54.903: [sbi] WARNING: [a2c0328a-9719-41f1-bc1d-7b76e258d70f] Retry registration with NRF (../lib/sbi/nf-sm.c:279)
08/13 13:49:54.969: [sbi] WARNING: Couldn't resolve host name (6): Could not resolve host: scp (../lib/sbi/client.c:767)
08/13 13:49:54.969: [sbi] WARNING: ogs_sbi_client_handler() failed [-1] (../lib/sbi/path.c:62)
08/13 13:50:05.907: [sbi] WARNING: [a2c0328a-9719-41f1-bc1d-7b76e258d70f] Retry registration with NRF (../lib/sbi/nf-sm.c:279)
08/13 13:50:05.971: [sbi] WARNING: Couldn't resolve host name (6): Could not resolve host: scp (../lib/sbi/client.c:767)
08/13 13:50:05.971: [sbi] WARNING: ogs_sbi_client_handler() failed [-1] (../lib/sbi/path.c:62)
08/13 13:50:16.913: [sbi] WARNING: [a2c0328a-9719-41f1-bc1d-7b76e258d70f] Retry registration with NRF (../lib/sbi/nf-sm.c:279)
08/13 13:50:16.976: [sbi] WARNING: Couldn't resolve host name (6): Could not resolve host: scp (../lib/sbi/client.c:767)
08/13 13:50:16.977: [sbi] WARNING: ogs_sbi_client_handler() failed [-1] (../lib/sbi/path.c:62)
08/13 13:50:27.920: [sbi] WARNING: [a2c0328a-9719-41f1-bc1d-7b76e258d70f] Retry registration with NRF (../lib/sbi/nf-sm.c:279)
08/13 13:50:27.987: [sbi] WARNING: Couldn't resolve host name (6): Could not resolve host: scp (../lib/sbi/client.c:767)
08/13 13:50:27.987: [sbi] WARNING: ogs_sbi_client_handler() failed [-1] (../lib/sbi/path.c:62)
08/13 13:50:38.929: [sbi] WARNING: [a2c0328a-9719-41f1-bc1d-7b76e258d70f] Retry registration with NRF (../lib/sbi/nf-sm.c:279)
08/13 13:50:38.993: [sbi] WARNING: Couldn't resolve host name (6): Could not resolve host: scp (../lib/sbi/client.c:767)
08/13 13:50:38.993: [sbi] WARNING: ogs_sbi_client_handler() failed [-1] (../lib/sbi/path.c:62)
08/13 13:50:49.940: [sbi] WARNING: [a2c0328a-9719-41f1-bc1d-7b76e258d70f] Retry registration with NRF (../lib/sbi/nf-sm.c:279)
08/13 13:50:50.005: [sbi] WARNING: Couldn't resolve host name (6): Could not resolve host: scp (../lib/sbi/client.c:767)
08/13 13:50:50.005: [sbi] WARNING: ogs_sbi_client_handler() failed [-1] (../lib/sbi/path.c:62)
08/13 13:51:00.951: [sbi] WARNING: [a2c0328a-9719-41f1-bc1d-7b76e258d70f] Retry registration with NRF (../lib/sbi/nf-sm.c:279)
08/13 13:51:01.017: [sbi] WARNING: Couldn't resolve host name (6): Could not resolve host: scp (../lib/sbi/client.c:767)
08/13 13:51:01.017: [sbi] WARNING: ogs_sbi_client_handler() failed [-1] (../lib/sbi/path.c:62)
08/13 13:51:11.962: [sbi] WARNING: [a2c0328a-9719-41f1-bc1d-7b76e258d70f] Retry registration with NRF (../lib/sbi/nf-sm.c:279)
08/13 13:51:12.027: [sbi] WARNING: Couldn't resolve host name (6): Could not resolve host: scp (../lib/sbi/client.c:767)
08/13 13:51:12.027: [sbi] WARNING: ogs_sbi_client_handler() failed [-1] (../lib/sbi/path.c:62)
08/13 13:51:22.973: [sbi] WARNING: [a2c0328a-9719-41f1-bc1d-7b76e258d70f] Retry registration with NRF (../lib/sbi/nf-sm.c:279)
08/13 13:51:23.038: [sbi] WARNING: Couldn't resolve host name (6): Could not resolve host: scp (../lib/sbi/client.c:767)
08/13 13:51:23.038: [sbi] WARNING: ogs_sbi_client_handler() failed [-1] (../lib/sbi/path.c:62)
08/13 13:51:33.984: [sbi] WARNING: [a2c0328a-9719-41f1-bc1d-7b76e258d70f] Retry registration with NRF (../lib/sbi/nf-sm.c:279)
08/13 13:51:34.050: [sbi] WARNING: Couldn't resolve host name (6): Could not resolve host: scp (../lib/sbi/client.c:767)
08/13 13:51:34.050: [sbi] WARNING: ogs_sbi_client_handler() failed [-1] (../lib/sbi/path.c:62)
08/13 13:51:44.995: [sbi] WARNING: [a2c0328a-9719-41f1-bc1d-7b76e258d70f] Retry registration with NRF (../lib/sbi/nf-sm.c:279)
08/13 13:51:45.059: [sbi] WARNING: Couldn't resolve host name (6): Could not resolve host: scp (../lib/sbi/client.c:767)
08/13 13:51:45.059: [sbi] WARNING: ogs_sbi_client_handler() failed [-1] (../lib/sbi/path.c:62)
08/13 13:51:56.006: [sbi] WARNING: [a2c0328a-9719-41f1-bc1d-7b76e258d70f] Retry registration with NRF (../lib/sbi/nf-sm.c:279)
08/13 13:51:56.071: [sbi] WARNING: Couldn't resolve host name (6): Could not resolve host: scp (../lib/sbi/client.c:767)
08/13 13:51:56.071: [sbi] WARNING: ogs_sbi_client_handler() failed [-1] (../lib/sbi/path.c:62)
08/13 13:52:07.011: [sbi] WARNING: [a2c0328a-9719-41f1-bc1d-7b76e258d70f] Retry registration with NRF (../lib/sbi/nf-sm.c:279)
08/13 13:52:07.078: [sbi] WARNING: Couldn't resolve host name (6): Could not resolve host: scp (../lib/sbi/client.c:767)
08/13 13:52:07.078: [sbi] WARNING: ogs_sbi_client_handler() failed [-1] (../lib/sbi/path.c:62)
08/13 13:52:18.023: [sbi] WARNING: [a2c0328a-9719-41f1-bc1d-7b76e258d70f] Retry registration with NRF (../lib/sbi/nf-sm.c:279)
08/13 13:52:18.089: [sbi] WARNING: Couldn't resolve host name (6): Could not resolve host: scp (../lib/sbi/client.c:767)
08/13 13:52:18.089: [sbi] WARNING: ogs_sbi_client_handler() failed [-1] (../lib/sbi/path.c:62)
08/13 13:52:29.033: [sbi] WARNING: [a2c0328a-9719-41f1-bc1d-7b76e258d70f] Retry registration with NRF (../lib/sbi/nf-sm.c:279)
08/13 13:52:29.098: [sbi] WARNING: Couldn't resolve host name (6): Could not resolve host: scp (../lib/sbi/client.c:767)
08/13 13:52:29.099: [sbi] WARNING: ogs_sbi_client_handler() failed [-1] (../lib/sbi/path.c:62)
08/13 13:52:40.039: [sbi] WARNING: [a2c0328a-9719-41f1-bc1d-7b76e258d70f] Retry registration with NRF (../lib/sbi/nf-sm.c:279)
08/13 13:52:40.105: [sbi] WARNING: Couldn't resolve host name (6): Could not resolve host: scp (../lib/sbi/client.c:767)
08/13 13:52:40.105: [sbi] WARNING: ogs_sbi_client_handler() failed [-1] (../lib/sbi/path.c:62)
08/13 13:52:51.049: [sbi] WARNING: [a2c0328a-9719-41f1-bc1d-7b76e258d70f] Retry registration with NRF (../lib/sbi/nf-sm.c:279)
08/13 13:52:51.115: [sbi] WARNING: Couldn't resolve host name (6): Could not resolve host: scp (../lib/sbi/client.c:767)
08/13 13:52:51.115: [sbi] WARNING: ogs_sbi_client_handler() failed [-1] (../lib/sbi/path.c:62)
08/13 13:53:02.061: [sbi] WARNING: [a2c0328a-9719-41f1-bc1d-7b76e258d70f] Retry registration with NRF (../lib/sbi/nf-sm.c:279)
08/13 13:53:02.126: [sbi] WARNING: Couldn't resolve host name (6): Could not resolve host: scp (../lib/sbi/client.c:767)
08/13 13:53:02.126: [sbi] WARNING: ogs_sbi_client_handler() failed [-1] (../lib/sbi/path.c:62)
08/13 13:53:13.067: [sbi] WARNING: [a2c0328a-9719-41f1-bc1d-7b76e258d70f] Retry registration with NRF (../lib/sbi/nf-sm.c:279)
08/13 13:53:13.131: [sbi] WARNING: Couldn't resolve host name (6): Could not resolve host: scp (../lib/sbi/client.c:767)
08/13 13:53:13.131: [sbi] WARNING: ogs_sbi_client_handler() failed [-1] (../lib/sbi/path.c:62)
08/13 13:53:24.073: [sbi] WARNING: [a2c0328a-9719-41f1-bc1d-7b76e258d70f] Retry registration with NRF (../lib/sbi/nf-sm.c:279)
08/13 13:53:24.137: [sbi] WARNING: Couldn't resolve host name (6): Could not resolve host: scp (../lib/sbi/client.c:767)
08/13 13:53:24.137: [sbi] WARNING: ogs_sbi_client_handler() failed [-1] (../lib/sbi/path.c:62)
08/13 13:53:35.085: [sbi] WARNING: [a2c0328a-9719-41f1-bc1d-7b76e258d70f] Retry registration with NRF (../lib/sbi/nf-sm.c:279)
08/13 13:53:35.151: [sbi] WARNING: Couldn't resolve host name (6): Could not resolve host: scp (../lib/sbi/client.c:767)
08/13 13:53:35.151: [sbi] WARNING: ogs_sbi_client_handler() failed [-1] (../lib/sbi/path.c:62)
08/13 13:53:46.089: [sbi] WARNING: [a2c0328a-9719-41f1-bc1d-7b76e258d70f] Retry registration with NRF (../lib/sbi/nf-sm.c:279)
08/13 13:53:46.155: [sbi] WARNING: Couldn't resolve host name (6): Could not resolve host: scp (../lib/sbi/client.c:767)
08/13 13:53:46.155: [sbi] WARNING: ogs_sbi_client_handler() failed [-1] (../lib/sbi/path.c:62)
08/13 13:53:57.091: [sbi] WARNING: [a2c0328a-9719-41f1-bc1d-7b76e258d70f] Retry registration with NRF (../lib/sbi/nf-sm.c:279)
08/13 13:53:57.156: [sbi] WARNING: Couldn't resolve host name (6): Could not resolve host: scp (../lib/sbi/client.c:767)
08/13 13:53:57.156: [sbi] WARNING: ogs_sbi_client_handler() failed [-1] (../lib/sbi/path.c:62)
08/13 13:54:08.100: [sbi] WARNING: [a2c0328a-9719-41f1-bc1d-7b76e258d70f] Retry registration with NRF (../lib/sbi/nf-sm.c:279)
08/13 13:54:08.166: [sbi] WARNING: Couldn't resolve host name (6): Could not resolve host: scp (../lib/sbi/client.c:767)
08/13 13:54:08.167: [sbi] WARNING: ogs_sbi_client_handler() failed [-1] (../lib/sbi/path.c:62)
08/13 13:54:19.110: [sbi] WARNING: [a2c0328a-9719-41f1-bc1d-7b76e258d70f] Retry registration with NRF (../lib/sbi/nf-sm.c:279)
08/13 13:54:19.175: [sbi] WARNING: Couldn't resolve host name (6): Could not resolve host: scp (../lib/sbi/client.c:767)
08/13 13:54:19.175: [sbi] WARNING: ogs_sbi_client_handler() failed [-1] (../lib/sbi/path.c:62)
08/13 13:54:30.122: [sbi] WARNING: [a2c0328a-9719-41f1-bc1d-7b76e258d70f] Retry registration with NRF (../lib/sbi/nf-sm.c:279)
08/13 13:54:30.192: [sbi] WARNING: Couldn't resolve host name (6): Could not resolve host: scp (../lib/sbi/client.c:767)
08/13 13:54:30.192: [sbi] WARNING: ogs_sbi_client_handler() failed [-1] (../lib/sbi/path.c:62)
08/13 13:54:41.132: [sbi] WARNING: [a2c0328a-9719-41f1-bc1d-7b76e258d70f] Retry registration with NRF (../lib/sbi/nf-sm.c:279)
08/13 13:54:41.197: [sbi] WARNING: Couldn't resolve host name (6): Could not resolve host: scp (../lib/sbi/client.c:767)
08/13 13:54:41.197: [sbi] WARNING: ogs_sbi_client_handler() failed [-1] (../lib/sbi/path.c:62)
08/13 13:54:52.142: [sbi] WARNING: [a2c0328a-9719-41f1-bc1d-7b76e258d70f] Retry registration with NRF (../lib/sbi/nf-sm.c:279)
08/13 13:54:52.208: [sbi] WARNING: Couldn't resolve host name (6): Could not resolve host: scp (../lib/sbi/client.c:767)
08/13 13:54:52.208: [sbi] WARNING: ogs_sbi_client_handler() failed [-1] (../lib/sbi/path.c:62)
08/13 13:55:03.153: [sbi] WARNING: [a2c0328a-9719-41f1-bc1d-7b76e258d70f] Retry registration with NRF (../lib/sbi/nf-sm.c:279)
08/13 13:55:03.218: [sbi] WARNING: Couldn't resolve host name (6): Could not resolve host: scp (../lib/sbi/client.c:767)
08/13 13:55:03.218: [sbi] WARNING: ogs_sbi_client_handler() failed [-1] (../lib/sbi/path.c:62)
08/13 13:55:14.165: [sbi] WARNING: [a2c0328a-9719-41f1-bc1d-7b76e258d70f] Retry registration with NRF (../lib/sbi/nf-sm.c:279)
08/13 13:55:14.229: [sbi] WARNING: Couldn't resolve host name (6): Could not resolve host: scp (../lib/sbi/client.c:767)
08/13 13:55:14.229: [sbi] WARNING: ogs_sbi_client_handler() failed [-1] (../lib/sbi/path.c:62)
08/13 13:55:25.172: [sbi] WARNING: [a2c0328a-9719-41f1-bc1d-7b76e258d70f] Retry registration with NRF (../lib/sbi/nf-sm.c:279)
08/13 13:55:25.237: [sbi] WARNING: Couldn't resolve host name (6): Could not resolve host: scp (../lib/sbi/client.c:767)
08/13 13:55:25.237: [sbi] WARNING: ogs_sbi_client_handler() failed [-1] (../lib/sbi/path.c:62)
08/13 13:55:36.183: [sbi] WARNING: [a2c0328a-9719-41f1-bc1d-7b76e258d70f] Retry registration with NRF (../lib/sbi/nf-sm.c:279)
08/13 13:55:36.248: [sbi] WARNING: Couldn't resolve host name (6): Could not resolve host: scp (../lib/sbi/client.c:767)
08/13 13:55:36.248: [sbi] WARNING: ogs_sbi_client_handler() failed [-1] (../lib/sbi/path.c:62)
08/13 13:55:47.194: [sbi] WARNING: [a2c0328a-9719-41f1-bc1d-7b76e258d70f] Retry registration with NRF (../lib/sbi/nf-sm.c:279)
08/13 13:55:47.259: [sbi] WARNING: Couldn't resolve host name (6): Could not resolve host: scp (../lib/sbi/client.c:767)
08/13 13:55:47.259: [sbi] WARNING: ogs_sbi_client_handler() failed [-1] (../lib/sbi/path.c:62)
08/13 13:55:58.206: [sbi] WARNING: [a2c0328a-9719-41f1-bc1d-7b76e258d70f] Retry registration with NRF (../lib/sbi/nf-sm.c:279)
08/13 13:55:58.270: [sbi] WARNING: Couldn't resolve host name (6): Could not resolve host: scp (../lib/sbi/client.c:767)
08/13 13:55:58.270: [sbi] WARNING: ogs_sbi_client_handler() failed [-1] (../lib/sbi/path.c:62)
08/13 13:56:09.217: [sbi] WARNING: [a2c0328a-9719-41f1-bc1d-7b76e258d70f] Retry registration with NRF (../lib/sbi/nf-sm.c:279)
08/13 13:56:09.281: [sbi] WARNING: Couldn't resolve host name (6): Could not resolve host: scp (../lib/sbi/client.c:767)
08/13 13:56:09.281: [sbi] WARNING: ogs_sbi_client_handler() failed [-1] (../lib/sbi/path.c:62)
08/13 13:56:20.225: [sbi] WARNING: [a2c0328a-9719-41f1-bc1d-7b76e258d70f] Retry registration with NRF (../lib/sbi/nf-sm.c:279)
08/13 13:56:20.290: [sbi] WARNING: Couldn't resolve host name (6): Could not resolve host: scp (../lib/sbi/client.c:767)
08/13 13:56:20.290: [sbi] WARNING: ogs_sbi_client_handler() failed [-1] (../lib/sbi/path.c:62)
08/13 13:56:31.230: [sbi] WARNING: [a2c0328a-9719-41f1-bc1d-7b76e258d70f] Retry registration with NRF (../lib/sbi/nf-sm.c:279)
08/13 13:56:31.295: [sbi] WARNING: Couldn't resolve host name (6): Could not resolve host: scp (../lib/sbi/client.c:767)
08/13 13:56:31.295: [sbi] WARNING: ogs_sbi_client_handler() failed [-1] (../lib/sbi/path.c:62)
08/13 13:56:42.242: [sbi] WARNING: [a2c0328a-9719-41f1-bc1d-7b76e258d70f] Retry registration with NRF (../lib/sbi/nf-sm.c:279)
08/13 13:56:42.307: [sbi] WARNING: Couldn't resolve host name (6): Could not resolve host: scp (../lib/sbi/client.c:767)
08/13 13:56:42.307: [sbi] WARNING: ogs_sbi_client_handler() failed [-1] (../lib/sbi/path.c:62)
08/13 13:56:53.244: [sbi] WARNING: [a2c0328a-9719-41f1-bc1d-7b76e258d70f] Retry registration with NRF (../lib/sbi/nf-sm.c:279)
08/13 13:56:53.310: [sbi] WARNING: Couldn't resolve host name (6): Could not resolve host: scp (../lib/sbi/client.c:767)
08/13 13:56:53.310: [sbi] WARNING: ogs_sbi_client_handler() failed [-1] (../lib/sbi/path.c:62)
08/13 13:57:04.245: [sbi] WARNING: [a2c0328a-9719-41f1-bc1d-7b76e258d70f] Retry registration with NRF (../lib/sbi/nf-sm.c:279)
08/13 13:57:04.311: [sbi] WARNING: Couldn't resolve host name (6): Could not resolve host: scp (../lib/sbi/client.c:767)
08/13 13:57:04.311: [sbi] WARNING: ogs_sbi_client_handler() failed [-1] (../lib/sbi/path.c:62)
08/13 13:57:15.252: [sbi] WARNING: [a2c0328a-9719-41f1-bc1d-7b76e258d70f] Retry registration with NRF (../lib/sbi/nf-sm.c:279)
08/13 13:57:15.318: [sbi] WARNING: Couldn't resolve host name (6): Could not resolve host: scp (../lib/sbi/client.c:767)
08/13 13:57:15.318: [sbi] WARNING: ogs_sbi_client_handler() failed [-1] (../lib/sbi/path.c:62)
08/13 13:57:26.262: [sbi] WARNING: [a2c0328a-9719-41f1-bc1d-7b76e258d70f] Retry registration with NRF (../lib/sbi/nf-sm.c:279)
08/13 13:57:26.328: [sbi] WARNING: Couldn't resolve host name (6): Could not resolve host: scp (../lib/sbi/client.c:767)
08/13 13:57:26.328: [sbi] WARNING: ogs_sbi_client_handler() failed [-1] (../lib/sbi/path.c:62)
08/13 13:57:37.274: [sbi] WARNING: [a2c0328a-9719-41f1-bc1d-7b76e258d70f] Retry registration with NRF (../lib/sbi/nf-sm.c:279)
08/13 13:57:37.339: [sbi] WARNING: Couldn't resolve host name (6): Could not resolve host: scp (../lib/sbi/client.c:767)
08/13 13:57:37.339: [sbi] WARNING: ogs_sbi_client_handler() failed [-1] (../lib/sbi/path.c:62)
08/13 13:57:48.281: [sbi] WARNING: [a2c0328a-9719-41f1-bc1d-7b76e258d70f] Retry registration with NRF (../lib/sbi/nf-sm.c:279)
08/13 13:57:48.347: [sbi] WARNING: Couldn't resolve host name (6): Could not resolve host: scp (../lib/sbi/client.c:767)
08/13 13:57:48.347: [sbi] WARNING: ogs_sbi_client_handler() failed [-1] (../lib/sbi/path.c:62)
08/13 13:57:59.292: [sbi] WARNING: [a2c0328a-9719-41f1-bc1d-7b76e258d70f] Retry registration with NRF (../lib/sbi/nf-sm.c:279)
08/13 13:57:59.356: [sbi] WARNING: Couldn't resolve host name (6): Could not resolve host: scp (../lib/sbi/client.c:767)
08/13 13:57:59.356: [sbi] WARNING: ogs_sbi_client_handler() failed [-1] (../lib/sbi/path.c:62)
08/13 13:58:10.295: [sbi] WARNING: [a2c0328a-9719-41f1-bc1d-7b76e258d70f] Retry registration with NRF (../lib/sbi/nf-sm.c:279)
08/13 13:58:10.361: [sbi] WARNING: Couldn't resolve host name (6): Could not resolve host: scp (../lib/sbi/client.c:767)
08/13 13:58:10.361: [sbi] WARNING: ogs_sbi_client_handler() failed [-1] (../lib/sbi/path.c:62)
08/13 13:58:21.297: [sbi] WARNING: [a2c0328a-9719-41f1-bc1d-7b76e258d70f] Retry registration with NRF (../lib/sbi/nf-sm.c:279)
08/13 13:58:21.363: [sbi] WARNING: Couldn't resolve host name (6): Could not resolve host: scp (../lib/sbi/client.c:767)
08/13 13:58:21.363: [sbi] WARNING: ogs_sbi_client_handler() failed [-1] (../lib/sbi/path.c:62)
08/13 13:58:32.298: [sbi] WARNING: [a2c0328a-9719-41f1-bc1d-7b76e258d70f] Retry registration with NRF (../lib/sbi/nf-sm.c:279)
08/13 13:58:32.364: [sbi] WARNING: Couldn't resolve host name (6): Could not resolve host: scp (../lib/sbi/client.c:767)
08/13 13:58:32.364: [sbi] WARNING: ogs_sbi_client_handler() failed [-1] (../lib/sbi/path.c:62)
08/13 13:58:43.302: [sbi] WARNING: [a2c0328a-9719-41f1-bc1d-7b76e258d70f] Retry registration with NRF (../lib/sbi/nf-sm.c:279)
08/13 13:58:43.369: [sbi] WARNING: Couldn't resolve host name (6): Could not resolve host: scp (../lib/sbi/client.c:767)
08/13 13:58:43.369: [sbi] WARNING: ogs_sbi_client_handler() failed [-1] (../lib/sbi/path.c:62)
08/13 13:58:54.303: [sbi] WARNING: [a2c0328a-9719-41f1-bc1d-7b76e258d70f] Retry registration with NRF (../lib/sbi/nf-sm.c:279)
08/13 13:58:54.368: [sbi] WARNING: Couldn't resolve host name (6): Could not resolve host: scp (../lib/sbi/client.c:767)
08/13 13:58:54.368: [sbi] WARNING: ogs_sbi_client_handler() failed [-1] (../lib/sbi/path.c:62)
08/13 13:59:05.310: [sbi] WARNING: [a2c0328a-9719-41f1-bc1d-7b76e258d70f] Retry registration with NRF (../lib/sbi/nf-sm.c:279)
08/13 13:59:05.374: [sbi] WARNING: Couldn't resolve host name (6): Could not resolve host: scp (../lib/sbi/client.c:767)
08/13 13:59:05.374: [sbi] WARNING: ogs_sbi_client_handler() failed [-1] (../lib/sbi/path.c:62)
08/13 13:59:16.317: [sbi] WARNING: [a2c0328a-9719-41f1-bc1d-7b76e258d70f] Retry registration with NRF (../lib/sbi/nf-sm.c:279)
08/13 13:59:16.382: [sbi] WARNING: Couldn't resolve host name (6): Could not resolve host: scp (../lib/sbi/client.c:767)
08/13 13:59:16.382: [sbi] WARNING: ogs_sbi_client_handler() failed [-1] (../lib/sbi/path.c:62)
08/13 13:59:27.328: [sbi] WARNING: [a2c0328a-9719-41f1-bc1d-7b76e258d70f] Retry registration with NRF (../lib/sbi/nf-sm.c:279)
08/13 13:59:27.394: [sbi] WARNING: Couldn't resolve host name (6): Could not resolve host: scp (../lib/sbi/client.c:767)
08/13 13:59:27.395: [sbi] WARNING: ogs_sbi_client_handler() failed [-1] (../lib/sbi/path.c:62)
08/13 13:59:38.341: [sbi] WARNING: [a2c0328a-9719-41f1-bc1d-7b76e258d70f] Retry registration with NRF (../lib/sbi/nf-sm.c:279)
08/13 13:59:38.406: [sbi] WARNING: Couldn't resolve host name (6): Could not resolve host: scp (../lib/sbi/client.c:767)
08/13 13:59:38.406: [sbi] WARNING: ogs_sbi_client_handler() failed [-1] (../lib/sbi/path.c:62)
08/13 13:59:49.351: [sbi] WARNING: [a2c0328a-9719-41f1-bc1d-7b76e258d70f] Retry registration with NRF (../lib/sbi/nf-sm.c:279)
08/13 13:59:49.417: [sbi] WARNING: Couldn't resolve host name (6): Could not resolve host: scp (../lib/sbi/client.c:767)
08/13 13:59:49.417: [sbi] WARNING: ogs_sbi_client_handler() failed [-1] (../lib/sbi/path.c:62)
08/13 14:00:00.362: [sbi] WARNING: [a2c0328a-9719-41f1-bc1d-7b76e258d70f] Retry registration with NRF (../lib/sbi/nf-sm.c:279)
08/13 14:00:00.429: [sbi] WARNING: Couldn't resolve host name (6): Could not resolve host: scp (../lib/sbi/client.c:767)
08/13 14:00:00.429: [sbi] WARNING: ogs_sbi_client_handler() failed [-1] (../lib/sbi/path.c:62)
08/13 14:00:11.370: [sbi] WARNING: [a2c0328a-9719-41f1-bc1d-7b76e258d70f] Retry registration with NRF (../lib/sbi/nf-sm.c:279)
08/13 14:00:11.435: [sbi] WARNING: Couldn't resolve host name (6): Could not resolve host: scp (../lib/sbi/client.c:767)
08/13 14:00:11.436: [sbi] WARNING: ogs_sbi_client_handler() failed [-1] (../lib/sbi/path.c:62)
08/13 14:00:22.373: [sbi] WARNING: [a2c0328a-9719-41f1-bc1d-7b76e258d70f] Retry registration with NRF (../lib/sbi/nf-sm.c:279)
08/13 14:00:22.438: [sbi] WARNING: Couldn't resolve host name (6): Could not resolve host: scp (../lib/sbi/client.c:767)
08/13 14:00:22.438: [sbi] WARNING: ogs_sbi_client_handler() failed [-1] (../lib/sbi/path.c:62)
08/13 14:00:33.384: [sbi] WARNING: [a2c0328a-9719-41f1-bc1d-7b76e258d70f] Retry registration with NRF (../lib/sbi/nf-sm.c:279)
08/13 14:00:33.450: [sbi] WARNING: Couldn't resolve host name (6): Could not resolve host: scp (../lib/sbi/client.c:767)
08/13 14:00:33.450: [sbi] WARNING: ogs_sbi_client_handler() failed [-1] (../lib/sbi/path.c:62)
08/13 14:00:44.392: [sbi] WARNING: [a2c0328a-9719-41f1-bc1d-7b76e258d70f] Retry registration with NRF (../lib/sbi/nf-sm.c:279)
08/13 14:00:44.456: [sbi] WARNING: Couldn't resolve host name (6): Could not resolve host: scp (../lib/sbi/client.c:767)
08/13 14:00:44.457: [sbi] WARNING: ogs_sbi_client_handler() failed [-1] (../lib/sbi/path.c:62)
08/13 14:00:55.401: [sbi] WARNING: [a2c0328a-9719-41f1-bc1d-7b76e258d70f] Retry registration with NRF (../lib/sbi/nf-sm.c:279)
08/13 14:00:55.466: [sbi] WARNING: Couldn't resolve host name (6): Could not resolve host: scp (../lib/sbi/client.c:767)
08/13 14:00:55.466: [sbi] WARNING: ogs_sbi_client_handler() failed [-1] (../lib/sbi/path.c:62)
08/13 14:01:06.412: [sbi] WARNING: [a2c0328a-9719-41f1-bc1d-7b76e258d70f] Retry registration with NRF (../lib/sbi/nf-sm.c:279)
08/13 14:01:06.476: [sbi] WARNING: Couldn't resolve host name (6): Could not resolve host: scp (../lib/sbi/client.c:767)
08/13 14:01:06.476: [sbi] WARNING: ogs_sbi_client_handler() failed [-1] (../lib/sbi/path.c:62)
08/13 14:01:17.422: [sbi] WARNING: [a2c0328a-9719-41f1-bc1d-7b76e258d70f] Retry registration with NRF (../lib/sbi/nf-sm.c:279)
08/13 14:01:17.506: [sbi] WARNING: Couldn't resolve host name (6): Could not resolve host: scp (../lib/sbi/client.c:767)
08/13 14:01:17.506: [sbi] WARNING: ogs_sbi_client_handler() failed [-1] (../lib/sbi/path.c:62)
08/13 14:01:28.432: [sbi] WARNING: [a2c0328a-9719-41f1-bc1d-7b76e258d70f] Retry registration with NRF (../lib/sbi/nf-sm.c:279)
08/13 14:01:28.498: [sbi] WARNING: Couldn't resolve host name (6): Could not resolve host: scp (../lib/sbi/client.c:767)
08/13 14:01:28.498: [sbi] WARNING: ogs_sbi_client_handler() failed [-1] (../lib/sbi/path.c:62)
08/13 14:01:39.442: [sbi] WARNING: [a2c0328a-9719-41f1-bc1d-7b76e258d70f] Retry registration with NRF (../lib/sbi/nf-sm.c:279)
08/13 14:01:39.507: [sbi] WARNING: Couldn't resolve host name (6): Could not resolve host: scp (../lib/sbi/client.c:767)
08/13 14:01:39.507: [sbi] WARNING: ogs_sbi_client_handler() failed [-1] (../lib/sbi/path.c:62)
08/13 14:01:50.453: [sbi] WARNING: [a2c0328a-9719-41f1-bc1d-7b76e258d70f] Retry registration with NRF (../lib/sbi/nf-sm.c:279)
08/13 14:01:50.518: [sbi] WARNING: Couldn't resolve host name (6): Could not resolve host: scp (../lib/sbi/client.c:767)
08/13 14:01:50.518: [sbi] WARNING: ogs_sbi_client_handler() failed [-1] (../lib/sbi/path.c:62)
08/13 14:02:01.461: [sbi] WARNING: [a2c0328a-9719-41f1-bc1d-7b76e258d70f] Retry registration with NRF (../lib/sbi/nf-sm.c:279)
08/13 14:02:01.526: [sbi] WARNING: Couldn't resolve host name (6): Could not resolve host: scp (../lib/sbi/client.c:767)
08/13 14:02:01.526: [sbi] WARNING: ogs_sbi_client_handler() failed [-1] (../lib/sbi/path.c:62)
08/13 14:02:12.462: [sbi] WARNING: [a2c0328a-9719-41f1-bc1d-7b76e258d70f] Retry registration with NRF (../lib/sbi/nf-sm.c:279)
08/13 14:02:12.526: [sbi] WARNING: Couldn't resolve host name (6): Could not resolve host: scp (../lib/sbi/client.c:767)
08/13 14:02:12.526: [sbi] WARNING: ogs_sbi_client_handler() failed [-1] (../lib/sbi/path.c:62)
08/13 14:02:23.474: [sbi] WARNING: [a2c0328a-9719-41f1-bc1d-7b76e258d70f] Retry registration with NRF (../lib/sbi/nf-sm.c:279)
08/13 14:02:23.543: [sbi] WARNING: Couldn't resolve host name (6): Could not resolve host: scp (../lib/sbi/client.c:767)
08/13 14:02:23.543: [sbi] WARNING: ogs_sbi_client_handler() failed [-1] (../lib/sbi/path.c:62)
08/13 14:02:34.486: [sbi] WARNING: [a2c0328a-9719-41f1-bc1d-7b76e258d70f] Retry registration with NRF (../lib/sbi/nf-sm.c:279)
08/13 14:02:34.551: [sbi] WARNING: Couldn't resolve host name (6): Could not resolve host: scp (../lib/sbi/client.c:767)
08/13 14:02:34.552: [sbi] WARNING: ogs_sbi_client_handler() failed [-1] (../lib/sbi/path.c:62)
08/13 14:02:45.495: [sbi] WARNING: [a2c0328a-9719-41f1-bc1d-7b76e258d70f] Retry registration with NRF (../lib/sbi/nf-sm.c:279)
08/13 14:02:45.560: [sbi] WARNING: Couldn't resolve host name (6): Could not resolve host: scp (../lib/sbi/client.c:767)
08/13 14:02:45.560: [sbi] WARNING: ogs_sbi_client_handler() failed [-1] (../lib/sbi/path.c:62)
08/13 14:02:56.505: [sbi] WARNING: [a2c0328a-9719-41f1-bc1d-7b76e258d70f] Retry registration with NRF (../lib/sbi/nf-sm.c:279)
08/13 14:02:56.570: [sbi] WARNING: Couldn't resolve host name (6): Could not resolve host: scp (../lib/sbi/client.c:767)
08/13 14:02:56.570: [sbi] WARNING: ogs_sbi_client_handler() failed [-1] (../lib/sbi/path.c:62)
08/13 14:03:07.516: [sbi] WARNING: [a2c0328a-9719-41f1-bc1d-7b76e258d70f] Retry registration with NRF (../lib/sbi/nf-sm.c:279)
08/13 14:03:07.580: [sbi] WARNING: Couldn't resolve host name (6): Could not resolve host: scp (../lib/sbi/client.c:767)
08/13 14:03:07.580: [sbi] WARNING: ogs_sbi_client_handler() failed [-1] (../lib/sbi/path.c:62)
08/13 14:03:18.522: [sbi] WARNING: [a2c0328a-9719-41f1-bc1d-7b76e258d70f] Retry registration with NRF (../lib/sbi/nf-sm.c:279)
08/13 14:03:18.586: [sbi] WARNING: Couldn't resolve host name (6): Could not resolve host: scp (../lib/sbi/client.c:767)
08/13 14:03:18.586: [sbi] WARNING: ogs_sbi_client_handler() failed [-1] (../lib/sbi/path.c:62)
08/13 14:03:29.534: [sbi] WARNING: [a2c0328a-9719-41f1-bc1d-7b76e258d70f] Retry registration with NRF (../lib/sbi/nf-sm.c:279)
08/13 14:03:29.599: [sbi] WARNING: Couldn't resolve host name (6): Could not resolve host: scp (../lib/sbi/client.c:767)
08/13 14:03:29.599: [sbi] WARNING: ogs_sbi_client_handler() failed [-1] (../lib/sbi/path.c:62)
08/13 14:03:40.545: [sbi] WARNING: [a2c0328a-9719-41f1-bc1d-7b76e258d70f] Retry registration with NRF (../lib/sbi/nf-sm.c:279)
08/13 14:03:40.611: [sbi] WARNING: Couldn't resolve host name (6): Could not resolve host: scp (../lib/sbi/client.c:767)
08/13 14:03:40.611: [sbi] WARNING: ogs_sbi_client_handler() failed [-1] (../lib/sbi/path.c:62)
08/13 14:03:51.557: [sbi] WARNING: [a2c0328a-9719-41f1-bc1d-7b76e258d70f] Retry registration with NRF (../lib/sbi/nf-sm.c:279)
08/13 14:03:51.622: [sbi] WARNING: Couldn't resolve host name (6): Could not resolve host: scp (../lib/sbi/client.c:767)
08/13 14:03:51.622: [sbi] WARNING: ogs_sbi_client_handler() failed [-1] (../lib/sbi/path.c:62)
08/13 14:04:02.563: [sbi] WARNING: [a2c0328a-9719-41f1-bc1d-7b76e258d70f] Retry registration with NRF (../lib/sbi/nf-sm.c:279)
08/13 14:04:02.629: [sbi] WARNING: Couldn't resolve host name (6): Could not resolve host: scp (../lib/sbi/client.c:767)
08/13 14:04:02.629: [sbi] WARNING: ogs_sbi_client_handler() failed [-1] (../lib/sbi/path.c:62)
08/13 14:04:13.569: [sbi] WARNING: [a2c0328a-9719-41f1-bc1d-7b76e258d70f] Retry registration with NRF (../lib/sbi/nf-sm.c:279)
08/13 14:04:13.635: [sbi] WARNING: Couldn't resolve host name (6): Could not resolve host: scp (../lib/sbi/client.c:767)
08/13 14:04:13.636: [sbi] WARNING: ogs_sbi_client_handler() failed [-1] (../lib/sbi/path.c:62)
08/13 14:04:24.580: [sbi] WARNING: [a2c0328a-9719-41f1-bc1d-7b76e258d70f] Retry registration with NRF (../lib/sbi/nf-sm.c:279)
08/13 14:04:24.646: [sbi] WARNING: Couldn't resolve host name (6): Could not resolve host: scp (../lib/sbi/client.c:767)
08/13 14:04:24.646: [sbi] WARNING: ogs_sbi_client_handler() failed [-1] (../lib/sbi/path.c:62)
08/13 14:04:35.589: [sbi] WARNING: [a2c0328a-9719-41f1-bc1d-7b76e258d70f] Retry registration with NRF (../lib/sbi/nf-sm.c:279)
08/13 14:04:35.654: [sbi] WARNING: Couldn't resolve host name (6): Could not resolve host: scp (../lib/sbi/client.c:767)
08/13 14:04:35.654: [sbi] WARNING: ogs_sbi_client_handler() failed [-1] (../lib/sbi/path.c:62)
08/13 14:04:46.596: [sbi] WARNING: [a2c0328a-9719-41f1-bc1d-7b76e258d70f] Retry registration with NRF (../lib/sbi/nf-sm.c:279)
08/13 14:04:46.663: [sbi] WARNING: Couldn't resolve host name (6): Could not resolve host: scp (../lib/sbi/client.c:767)
08/13 14:04:46.663: [sbi] WARNING: ogs_sbi_client_handler() failed [-1] (../lib/sbi/path.c:62)
08/13 14:04:57.603: [sbi] WARNING: [a2c0328a-9719-41f1-bc1d-7b76e258d70f] Retry registration with NRF (../lib/sbi/nf-sm.c:279)
08/13 14:04:57.667: [sbi] WARNING: Couldn't resolve host name (6): Could not resolve host: scp (../lib/sbi/client.c:767)
08/13 14:04:57.667: [sbi] WARNING: ogs_sbi_client_handler() failed [-1] (../lib/sbi/path.c:62)
08/13 14:05:08.612: [sbi] WARNING: [a2c0328a-9719-41f1-bc1d-7b76e258d70f] Retry registration with NRF (../lib/sbi/nf-sm.c:279)
08/13 14:05:08.677: [sbi] WARNING: Couldn't resolve host name (6): Could not resolve host: scp (../lib/sbi/client.c:767)
08/13 14:05:08.677: [sbi] WARNING: ogs_sbi_client_handler() failed [-1] (../lib/sbi/path.c:62)
08/13 14:05:19.624: [sbi] WARNING: [a2c0328a-9719-41f1-bc1d-7b76e258d70f] Retry registration with NRF (../lib/sbi/nf-sm.c:279)
08/13 14:05:19.690: [sbi] WARNING: Couldn't resolve host name (6): Could not resolve host: scp (../lib/sbi/client.c:767)
08/13 14:05:19.690: [sbi] WARNING: ogs_sbi_client_handler() failed [-1] (../lib/sbi/path.c:62)
08/13 14:05:30.632: [sbi] WARNING: [a2c0328a-9719-41f1-bc1d-7b76e258d70f] Retry registration with NRF (../lib/sbi/nf-sm.c:279)
08/13 14:05:30.696: [sbi] WARNING: Couldn't resolve host name (6): Could not resolve host: scp (../lib/sbi/client.c:767)
08/13 14:05:30.696: [sbi] WARNING: ogs_sbi_client_handler() failed [-1] (../lib/sbi/path.c:62)
08/13 14:05:41.644: [sbi] WARNING: [a2c0328a-9719-41f1-bc1d-7b76e258d70f] Retry registration with NRF (../lib/sbi/nf-sm.c:279)
08/13 14:05:41.710: [sbi] WARNING: Couldn't resolve host name (6): Could not resolve host: scp (../lib/sbi/client.c:767)
08/13 14:05:41.710: [sbi] WARNING: ogs_sbi_client_handler() failed [-1] (../lib/sbi/path.c:62)
08/13 14:05:52.649: [sbi] WARNING: [a2c0328a-9719-41f1-bc1d-7b76e258d70f] Retry registration with NRF (../lib/sbi/nf-sm.c:279)
08/13 14:05:52.714: [sbi] WARNING: Couldn't resolve host name (6): Could not resolve host: scp (../lib/sbi/client.c:767)
08/13 14:05:52.714: [sbi] WARNING: ogs_sbi_client_handler() failed [-1] (../lib/sbi/path.c:62)
08/13 14:06:03.660: [sbi] WARNING: [a2c0328a-9719-41f1-bc1d-7b76e258d70f] Retry registration with NRF (../lib/sbi/nf-sm.c:279)
08/13 14:06:03.726: [sbi] WARNING: Couldn't resolve host name (6): Could not resolve host: scp (../lib/sbi/client.c:767)
08/13 14:06:03.727: [sbi] WARNING: ogs_sbi_client_handler() failed [-1] (../lib/sbi/path.c:62)
08/13 14:06:14.668: [sbi] WARNING: [a2c0328a-9719-41f1-bc1d-7b76e258d70f] Retry registration with NRF (../lib/sbi/nf-sm.c:279)
08/13 14:06:14.733: [sbi] WARNING: Couldn't resolve host name (6): Could not resolve host: scp (../lib/sbi/client.c:767)
08/13 14:06:14.733: [sbi] WARNING: ogs_sbi_client_handler() failed [-1] (../lib/sbi/path.c:62)
08/13 14:06:25.678: [sbi] WARNING: [a2c0328a-9719-41f1-bc1d-7b76e258d70f] Retry registration with NRF (../lib/sbi/nf-sm.c:279)
08/13 14:06:25.743: [sbi] WARNING: Couldn't resolve host name (6): Could not resolve host: scp (../lib/sbi/client.c:767)
08/13 14:06:25.743: [sbi] WARNING: ogs_sbi_client_handler() failed [-1] (../lib/sbi/path.c:62)
08/13 14:06:36.690: [sbi] WARNING: [a2c0328a-9719-41f1-bc1d-7b76e258d70f] Retry registration with NRF (../lib/sbi/nf-sm.c:279)
08/13 14:06:36.754: [sbi] WARNING: Couldn't resolve host name (6): Could not resolve host: scp (../lib/sbi/client.c:767)
08/13 14:06:36.754: [sbi] WARNING: ogs_sbi_client_handler() failed [-1] (../lib/sbi/path.c:62)
08/13 14:06:47.702: [sbi] WARNING: [a2c0328a-9719-41f1-bc1d-7b76e258d70f] Retry registration with NRF (../lib/sbi/nf-sm.c:279)
08/13 14:06:47.767: [sbi] WARNING: Couldn't resolve host name (6): Could not resolve host: scp (../lib/sbi/client.c:767)
08/13 14:06:47.767: [sbi] WARNING: ogs_sbi_client_handler() failed [-1] (../lib/sbi/path.c:62)
08/13 14:06:58.713: [sbi] WARNING: [a2c0328a-9719-41f1-bc1d-7b76e258d70f] Retry registration with NRF (../lib/sbi/nf-sm.c:279)
08/13 14:06:58.778: [sbi] WARNING: Couldn't resolve host name (6): Could not resolve host: scp (../lib/sbi/client.c:767)
08/13 14:06:58.778: [sbi] WARNING: ogs_sbi_client_handler() failed [-1] (../lib/sbi/path.c:62)
08/13 14:07:09.722: [sbi] WARNING: [a2c0328a-9719-41f1-bc1d-7b76e258d70f] Retry registration with NRF (../lib/sbi/nf-sm.c:279)
08/13 14:07:09.785: [sbi] WARNING: Couldn't resolve host name (6): Could not resolve host: scp (../lib/sbi/client.c:767)
08/13 14:07:09.785: [sbi] WARNING: ogs_sbi_client_handler() failed [-1] (../lib/sbi/path.c:62)
08/13 14:07:20.732: [sbi] WARNING: [a2c0328a-9719-41f1-bc1d-7b76e258d70f] Retry registration with NRF (../lib/sbi/nf-sm.c:279)
08/13 14:07:20.797: [sbi] WARNING: Couldn't resolve host name (6): Could not resolve host: scp (../lib/sbi/client.c:767)
08/13 14:07:20.797: [sbi] WARNING: ogs_sbi_client_handler() failed [-1] (../lib/sbi/path.c:62)
08/13 14:07:31.743: [sbi] WARNING: [a2c0328a-9719-41f1-bc1d-7b76e258d70f] Retry registration with NRF (../lib/sbi/nf-sm.c:279)
08/13 14:07:31.809: [sbi] WARNING: Couldn't resolve host name (6): Could not resolve host: scp (../lib/sbi/client.c:767)
08/13 14:07:31.809: [sbi] WARNING: ogs_sbi_client_handler() failed [-1] (../lib/sbi/path.c:62)
08/13 14:07:42.754: [sbi] WARNING: [a2c0328a-9719-41f1-bc1d-7b76e258d70f] Retry registration with NRF (../lib/sbi/nf-sm.c:279)
08/13 14:07:42.821: [sbi] WARNING: Couldn't resolve host name (6): Could not resolve host: scp (../lib/sbi/client.c:767)
08/13 14:07:42.821: [sbi] WARNING: ogs_sbi_client_handler() failed [-1] (../lib/sbi/path.c:62)
08/13 14:07:53.764: [sbi] WARNING: [a2c0328a-9719-41f1-bc1d-7b76e258d70f] Retry registration with NRF (../lib/sbi/nf-sm.c:279)
08/13 14:07:53.827: [sbi] WARNING: Couldn't resolve host name (6): Could not resolve host: scp (../lib/sbi/client.c:767)
08/13 14:07:53.828: [sbi] WARNING: ogs_sbi_client_handler() failed [-1] (../lib/sbi/path.c:62)
08/13 14:08:04.775: [sbi] WARNING: [a2c0328a-9719-41f1-bc1d-7b76e258d70f] Retry registration with NRF (../lib/sbi/nf-sm.c:279)
08/13 14:08:04.841: [sbi] WARNING: Couldn't resolve host name (6): Could not resolve host: scp (../lib/sbi/client.c:767)
08/13 14:08:04.841: [sbi] WARNING: ogs_sbi_client_handler() failed [-1] (../lib/sbi/path.c:62)
08/13 14:08:15.787: [sbi] WARNING: [a2c0328a-9719-41f1-bc1d-7b76e258d70f] Retry registration with NRF (../lib/sbi/nf-sm.c:279)
08/13 14:08:15.852: [sbi] WARNING: Couldn't resolve host name (6): Could not resolve host: scp (../lib/sbi/client.c:767)
08/13 14:08:15.852: [sbi] WARNING: ogs_sbi_client_handler() failed [-1] (../lib/sbi/path.c:62)
08/13 14:08:26.798: [sbi] WARNING: [a2c0328a-9719-41f1-bc1d-7b76e258d70f] Retry registration with NRF (../lib/sbi/nf-sm.c:279)
08/13 14:08:26.862: [sbi] WARNING: Couldn't resolve host name (6): Could not resolve host: scp (../lib/sbi/client.c:767)
08/13 14:08:26.862: [sbi] WARNING: ogs_sbi_client_handler() failed [-1] (../lib/sbi/path.c:62)
08/13 14:08:37.809: [sbi] WARNING: [a2c0328a-9719-41f1-bc1d-7b76e258d70f] Retry registration with NRF (../lib/sbi/nf-sm.c:279)
08/13 14:08:40.869: [sbi] WARNING: Couldn't resolve host name (6): Could not resolve host: scp (../lib/sbi/client.c:767)
08/13 14:08:40.869: [sbi] WARNING: ogs_sbi_client_handler() failed [-1] (../lib/sbi/path.c:62)
08/13 14:08:48.815: [sbi] WARNING: [a2c0328a-9719-41f1-bc1d-7b76e258d70f] Retry registration with NRF (../lib/sbi/nf-sm.c:279)
08/13 14:08:48.880: [sbi] WARNING: Couldn't resolve host name (6): Could not resolve host: scp (../lib/sbi/client.c:767)
08/13 14:08:48.880: [sbi] WARNING: ogs_sbi_client_handler() failed [-1] (../lib/sbi/path.c:62)
08/13 14:08:59.825: [sbi] WARNING: [a2c0328a-9719-41f1-bc1d-7b76e258d70f] Retry registration with NRF (../lib/sbi/nf-sm.c:279)
08/13 14:08:59.888: [sbi] WARNING: Couldn't resolve host name (6): Could not resolve host: scp (../lib/sbi/client.c:767)
08/13 14:08:59.888: [sbi] WARNING: ogs_sbi_client_handler() failed [-1] (../lib/sbi/path.c:62)
08/13 14:09:10.834: [sbi] WARNING: [a2c0328a-9719-41f1-bc1d-7b76e258d70f] Retry registration with NRF (../lib/sbi/nf-sm.c:279)
08/13 14:09:10.899: [sbi] WARNING: Couldn't resolve host name (6): Could not resolve host: scp (../lib/sbi/client.c:767)
08/13 14:09:10.899: [sbi] WARNING: ogs_sbi_client_handler() failed [-1] (../lib/sbi/path.c:62)
08/13 14:09:21.837: [sbi] WARNING: [a2c0328a-9719-41f1-bc1d-7b76e258d70f] Retry registration with NRF (../lib/sbi/nf-sm.c:279)
08/13 14:09:21.902: [sbi] WARNING: Couldn't resolve host name (6): Could not resolve host: scp (../lib/sbi/client.c:767)
08/13 14:09:21.902: [sbi] WARNING: ogs_sbi_client_handler() failed [-1] (../lib/sbi/path.c:62)
08/13 14:09:32.848: [sbi] WARNING: [a2c0328a-9719-41f1-bc1d-7b76e258d70f] Retry registration with NRF (../lib/sbi/nf-sm.c:279)
08/13 14:09:32.933: [sbi] WARNING: Couldn't resolve host name (6): Could not resolve host: scp (../lib/sbi/client.c:767)
08/13 14:09:32.933: [sbi] WARNING: ogs_sbi_client_handler() failed [-1] (../lib/sbi/path.c:62)
08/13 14:09:43.860: [sbi] WARNING: [a2c0328a-9719-41f1-bc1d-7b76e258d70f] Retry registration with NRF (../lib/sbi/nf-sm.c:279)
08/13 14:09:43.944: [sbi] WARNING: Couldn't resolve host name (6): Could not resolve host: scp (../lib/sbi/client.c:767)
08/13 14:09:43.944: [sbi] WARNING: ogs_sbi_client_handler() failed [-1] (../lib/sbi/path.c:62)
08/13 14:09:54.871: [sbi] WARNING: [a2c0328a-9719-41f1-bc1d-7b76e258d70f] Retry registration with NRF (../lib/sbi/nf-sm.c:279)
08/13 14:09:54.945: [sbi] WARNING: Couldn't resolve host name (6): Could not resolve host: scp (../lib/sbi/client.c:767)
08/13 14:09:54.945: [sbi] WARNING: ogs_sbi_client_handler() failed [-1] (../lib/sbi/path.c:62)
08/13 14:10:05.875: [sbi] WARNING: [a2c0328a-9719-41f1-bc1d-7b76e258d70f] Retry registration with NRF (../lib/sbi/nf-sm.c:279)
08/13 14:10:05.940: [sbi] WARNING: Couldn't resolve host name (6): Could not resolve host: scp (../lib/sbi/client.c:767)
08/13 14:10:05.940: [sbi] WARNING: ogs_sbi_client_handler() failed [-1] (../lib/sbi/path.c:62)
08/13 14:10:16.884: [sbi] WARNING: [a2c0328a-9719-41f1-bc1d-7b76e258d70f] Retry registration with NRF (../lib/sbi/nf-sm.c:279)
08/13 14:10:16.949: [sbi] WARNING: Couldn't resolve host name (6): Could not resolve host: scp (../lib/sbi/client.c:767)
08/13 14:10:16.949: [sbi] WARNING: ogs_sbi_client_handler() failed [-1] (../lib/sbi/path.c:62)
08/13 14:10:27.888: [sbi] WARNING: [a2c0328a-9719-41f1-bc1d-7b76e258d70f] Retry registration with NRF (../lib/sbi/nf-sm.c:279)
08/13 14:10:27.953: [sbi] WARNING: Couldn't resolve host name (6): Could not resolve host: scp (../lib/sbi/client.c:767)
08/13 14:10:27.953: [sbi] WARNING: ogs_sbi_client_handler() failed [-1] (../lib/sbi/path.c:62)
08/13 14:10:38.900: [sbi] WARNING: [a2c0328a-9719-41f1-bc1d-7b76e258d70f] Retry registration with NRF (../lib/sbi/nf-sm.c:279)
08/13 14:10:38.964: [sbi] WARNING: Couldn't resolve host name (6): Could not resolve host: scp (../lib/sbi/client.c:767)
08/13 14:10:38.965: [sbi] WARNING: ogs_sbi_client_handler() failed [-1] (../lib/sbi/path.c:62)
08/13 14:10:49.912: [sbi] WARNING: [a2c0328a-9719-41f1-bc1d-7b76e258d70f] Retry registration with NRF (../lib/sbi/nf-sm.c:279)
08/13 14:10:49.976: [sbi] WARNING: Couldn't resolve host name (6): Could not resolve host: scp (../lib/sbi/client.c:767)
08/13 14:10:49.977: [sbi] WARNING: ogs_sbi_client_handler() failed [-1] (../lib/sbi/path.c:62)
08/13 14:11:00.920: [sbi] WARNING: [a2c0328a-9719-41f1-bc1d-7b76e258d70f] Retry registration with NRF (../lib/sbi/nf-sm.c:279)
08/13 14:11:00.985: [sbi] WARNING: Couldn't resolve host name (6): Could not resolve host: scp (../lib/sbi/client.c:767)
08/13 14:11:00.985: [sbi] WARNING: ogs_sbi_client_handler() failed [-1] (../lib/sbi/path.c:62)
08/13 14:11:11.932: [sbi] WARNING: [a2c0328a-9719-41f1-bc1d-7b76e258d70f] Retry registration with NRF (../lib/sbi/nf-sm.c:279)
08/13 14:11:12.007: [sbi] WARNING: Couldn't resolve host name (6): Could not resolve host: scp (../lib/sbi/client.c:767)
08/13 14:11:12.007: [sbi] WARNING: ogs_sbi_client_handler() failed [-1] (../lib/sbi/path.c:62)
08/13 14:11:22.932: [sbi] WARNING: [a2c0328a-9719-41f1-bc1d-7b76e258d70f] Retry registration with NRF (../lib/sbi/nf-sm.c:279)
08/13 14:11:22.997: [sbi] WARNING: Couldn't resolve host name (6): Could not resolve host: scp (../lib/sbi/client.c:767)
08/13 14:11:22.997: [sbi] WARNING: ogs_sbi_client_handler() failed [-1] (../lib/sbi/path.c:62)
08/13 14:11:33.935: [sbi] WARNING: [a2c0328a-9719-41f1-bc1d-7b76e258d70f] Retry registration with NRF (../lib/sbi/nf-sm.c:279)
08/13 14:11:34.000: [sbi] WARNING: Couldn't resolve host name (6): Could not resolve host: scp (../lib/sbi/client.c:767)
08/13 14:11:34.000: [sbi] WARNING: ogs_sbi_client_handler() failed [-1] (../lib/sbi/path.c:62)
08/13 14:11:44.938: [sbi] WARNING: [a2c0328a-9719-41f1-bc1d-7b76e258d70f] Retry registration with NRF (../lib/sbi/nf-sm.c:279)
08/13 14:11:45.003: [sbi] WARNING: Couldn't resolve host name (6): Could not resolve host: scp (../lib/sbi/client.c:767)
08/13 14:11:45.003: [sbi] WARNING: ogs_sbi_client_handler() failed [-1] (../lib/sbi/path.c:62)
08/13 14:11:55.943: [sbi] WARNING: [a2c0328a-9719-41f1-bc1d-7b76e258d70f] Retry registration with NRF (../lib/sbi/nf-sm.c:279)
08/13 14:11:56.008: [sbi] WARNING: Couldn't resolve host name (6): Could not resolve host: scp (../lib/sbi/client.c:767)
08/13 14:11:56.009: [sbi] WARNING: ogs_sbi_client_handler() failed [-1] (../lib/sbi/path.c:62)
08/13 14:12:06.947: [sbi] WARNING: [a2c0328a-9719-41f1-bc1d-7b76e258d70f] Retry registration with NRF (../lib/sbi/nf-sm.c:279)
08/13 14:12:07.012: [sbi] WARNING: Couldn't resolve host name (6): Could not resolve host: scp (../lib/sbi/client.c:767)
08/13 14:12:07.012: [sbi] WARNING: ogs_sbi_client_handler() failed [-1] (../lib/sbi/path.c:62)
08/13 14:12:17.958: [sbi] WARNING: [a2c0328a-9719-41f1-bc1d-7b76e258d70f] Retry registration with NRF (../lib/sbi/nf-sm.c:279)
08/13 14:12:18.023: [sbi] WARNING: Couldn't resolve host name (6): Could not resolve host: scp (../lib/sbi/client.c:767)
08/13 14:12:18.023: [sbi] WARNING: ogs_sbi_client_handler() failed [-1] (../lib/sbi/path.c:62)
08/13 14:12:28.970: [sbi] WARNING: [a2c0328a-9719-41f1-bc1d-7b76e258d70f] Retry registration with NRF (../lib/sbi/nf-sm.c:279)
08/13 14:12:29.036: [sbi] WARNING: Couldn't resolve host name (6): Could not resolve host: scp (../lib/sbi/client.c:767)
08/13 14:12:29.036: [sbi] WARNING: ogs_sbi_client_handler() failed [-1] (../lib/sbi/path.c:62)
08/13 14:12:39.979: [sbi] WARNING: [a2c0328a-9719-41f1-bc1d-7b76e258d70f] Retry registration with NRF (../lib/sbi/nf-sm.c:279)
08/13 14:12:40.045: [sbi] WARNING: Couldn't resolve host name (6): Could not resolve host: scp (../lib/sbi/client.c:767)
08/13 14:12:40.045: [sbi] WARNING: ogs_sbi_client_handler() failed [-1] (../lib/sbi/path.c:62)
08/13 14:12:50.991: [sbi] WARNING: [a2c0328a-9719-41f1-bc1d-7b76e258d70f] Retry registration with NRF (../lib/sbi/nf-sm.c:279)
08/13 14:12:51.057: [sbi] WARNING: Couldn't resolve host name (6): Could not resolve host: scp (../lib/sbi/client.c:767)
08/13 14:12:51.057: [sbi] WARNING: ogs_sbi_client_handler() failed [-1] (../lib/sbi/path.c:62)
08/13 14:13:01.998: [sbi] WARNING: [a2c0328a-9719-41f1-bc1d-7b76e258d70f] Retry registration with NRF (../lib/sbi/nf-sm.c:279)
08/13 14:13:02.063: [sbi] WARNING: Couldn't resolve host name (6): Could not resolve host: scp (../lib/sbi/client.c:767)
08/13 14:13:02.063: [sbi] WARNING: ogs_sbi_client_handler() failed [-1] (../lib/sbi/path.c:62)
08/13 14:13:13.011: [sbi] WARNING: [a2c0328a-9719-41f1-bc1d-7b76e258d70f] Retry registration with NRF (../lib/sbi/nf-sm.c:279)
08/13 14:13:13.077: [sbi] WARNING: Couldn't resolve host name (6): Could not resolve host: scp (../lib/sbi/client.c:767)
08/13 14:13:13.077: [sbi] WARNING: ogs_sbi_client_handler() failed [-1] (../lib/sbi/path.c:62)
08/13 14:13:24.022: [sbi] WARNING: [a2c0328a-9719-41f1-bc1d-7b76e258d70f] Retry registration with NRF (../lib/sbi/nf-sm.c:279)
08/13 14:13:24.087: [sbi] WARNING: Couldn't resolve host name (6): Could not resolve host: scp (../lib/sbi/client.c:767)
08/13 14:13:24.087: [sbi] WARNING: ogs_sbi_client_handler() failed [-1] (../lib/sbi/path.c:62)
08/13 14:13:35.034: [sbi] WARNING: [a2c0328a-9719-41f1-bc1d-7b76e258d70f] Retry registration with NRF (../lib/sbi/nf-sm.c:279)
08/13 14:13:35.098: [sbi] WARNING: Couldn't resolve host name (6): Could not resolve host: scp (../lib/sbi/client.c:767)
08/13 14:13:35.099: [sbi] WARNING: ogs_sbi_client_handler() failed [-1] (../lib/sbi/path.c:62)
08/13 14:13:46.044: [sbi] WARNING: [a2c0328a-9719-41f1-bc1d-7b76e258d70f] Retry registration with NRF (../lib/sbi/nf-sm.c:279)
08/13 14:13:46.109: [sbi] WARNING: Couldn't resolve host name (6): Could not resolve host: scp (../lib/sbi/client.c:767)
08/13 14:13:46.109: [sbi] WARNING: ogs_sbi_client_handler() failed [-1] (../lib/sbi/path.c:62)
08/13 14:13:57.054: [sbi] WARNING: [a2c0328a-9719-41f1-bc1d-7b76e258d70f] Retry registration with NRF (../lib/sbi/nf-sm.c:279)
08/13 14:13:57.119: [sbi] WARNING: Couldn't resolve host name (6): Could not resolve host: scp (../lib/sbi/client.c:767)
08/13 14:13:57.119: [sbi] WARNING: ogs_sbi_client_handler() failed [-1] (../lib/sbi/path.c:62)
08/13 14:14:08.065: [sbi] WARNING: [a2c0328a-9719-41f1-bc1d-7b76e258d70f] Retry registration with NRF (../lib/sbi/nf-sm.c:279)
08/13 14:14:08.129: [sbi] WARNING: Couldn't resolve host name (6): Could not resolve host: scp (../lib/sbi/client.c:767)
08/13 14:14:08.129: [sbi] WARNING: ogs_sbi_client_handler() failed [-1] (../lib/sbi/path.c:62)
08/13 14:14:19.072: [sbi] WARNING: [a2c0328a-9719-41f1-bc1d-7b76e258d70f] Retry registration with NRF (../lib/sbi/nf-sm.c:279)
08/13 14:14:19.138: [sbi] WARNING: Couldn't resolve host name (6): Could not resolve host: scp (../lib/sbi/client.c:767)
08/13 14:14:19.138: [sbi] WARNING: ogs_sbi_client_handler() failed [-1] (../lib/sbi/path.c:62)
08/13 14:14:30.074: [sbi] WARNING: [a2c0328a-9719-41f1-bc1d-7b76e258d70f] Retry registration with NRF (../lib/sbi/nf-sm.c:279)
08/13 14:14:30.139: [sbi] WARNING: Couldn't resolve host name (6): Could not resolve host: scp (../lib/sbi/client.c:767)
08/13 14:14:30.139: [sbi] WARNING: ogs_sbi_client_handler() failed [-1] (../lib/sbi/path.c:62)
08/13 14:14:41.086: [sbi] WARNING: [a2c0328a-9719-41f1-bc1d-7b76e258d70f] Retry registration with NRF (../lib/sbi/nf-sm.c:279)
08/13 14:14:41.151: [sbi] WARNING: Couldn't resolve host name (6): Could not resolve host: scp (../lib/sbi/client.c:767)
08/13 14:14:41.151: [sbi] WARNING: ogs_sbi_client_handler() failed [-1] (../lib/sbi/path.c:62)
08/13 14:14:52.098: [sbi] WARNING: [a2c0328a-9719-41f1-bc1d-7b76e258d70f] Retry registration with NRF (../lib/sbi/nf-sm.c:279)
08/13 14:14:52.162: [sbi] WARNING: Couldn't resolve host name (6): Could not resolve host: scp (../lib/sbi/client.c:767)
08/13 14:14:52.162: [sbi] WARNING: ogs_sbi_client_handler() failed [-1] (../lib/sbi/path.c:62)
08/13 14:15:03.109: [sbi] WARNING: [a2c0328a-9719-41f1-bc1d-7b76e258d70f] Retry registration with NRF (../lib/sbi/nf-sm.c:279)
08/13 14:15:03.173: [sbi] WARNING: Couldn't resolve host name (6): Could not resolve host: scp (../lib/sbi/client.c:767)
08/13 14:15:03.173: [sbi] WARNING: ogs_sbi_client_handler() failed [-1] (../lib/sbi/path.c:62)
08/13 14:15:14.119: [sbi] WARNING: [a2c0328a-9719-41f1-bc1d-7b76e258d70f] Retry registration with NRF (../lib/sbi/nf-sm.c:279)
08/13 14:15:14.183: [sbi] WARNING: Couldn't resolve host name (6): Could not resolve host: scp (../lib/sbi/client.c:767)
08/13 14:15:14.183: [sbi] WARNING: ogs_sbi_client_handler() failed [-1] (../lib/sbi/path.c:62)
08/13 14:15:25.128: [sbi] WARNING: [a2c0328a-9719-41f1-bc1d-7b76e258d70f] Retry registration with NRF (../lib/sbi/nf-sm.c:279)
08/13 14:15:25.194: [sbi] WARNING: Couldn't resolve host name (6): Could not resolve host: scp (../lib/sbi/client.c:767)
08/13 14:15:25.194: [sbi] WARNING: ogs_sbi_client_handler() failed [-1] (../lib/sbi/path.c:62)
08/13 14:15:36.131: [sbi] WARNING: [a2c0328a-9719-41f1-bc1d-7b76e258d70f] Retry registration with NRF (../lib/sbi/nf-sm.c:279)
08/13 14:15:36.196: [sbi] WARNING: Couldn't resolve host name (6): Could not resolve host: scp (../lib/sbi/client.c:767)
08/13 14:15:36.196: [sbi] WARNING: ogs_sbi_client_handler() failed [-1] (../lib/sbi/path.c:62)
08/13 14:15:47.134: [sbi] WARNING: [a2c0328a-9719-41f1-bc1d-7b76e258d70f] Retry registration with NRF (../lib/sbi/nf-sm.c:279)
08/13 14:15:47.199: [sbi] WARNING: Couldn't resolve host name (6): Could not resolve host: scp (../lib/sbi/client.c:767)
08/13 14:15:47.200: [sbi] WARNING: ogs_sbi_client_handler() failed [-1] (../lib/sbi/path.c:62)
08/13 14:15:58.144: [sbi] WARNING: [a2c0328a-9719-41f1-bc1d-7b76e258d70f] Retry registration with NRF (../lib/sbi/nf-sm.c:279)
08/13 14:15:58.210: [sbi] WARNING: Couldn't resolve host name (6): Could not resolve host: scp (../lib/sbi/client.c:767)
08/13 14:15:58.210: [sbi] WARNING: ogs_sbi_client_handler() failed [-1] (../lib/sbi/path.c:62)
08/13 14:16:09.154: [sbi] WARNING: [a2c0328a-9719-41f1-bc1d-7b76e258d70f] Retry registration with NRF (../lib/sbi/nf-sm.c:279)
08/13 14:16:09.217: [sbi] WARNING: Couldn't resolve host name (6): Could not resolve host: scp (../lib/sbi/client.c:767)
08/13 14:16:09.217: [sbi] WARNING: ogs_sbi_client_handler() failed [-1] (../lib/sbi/path.c:62)
08/13 14:16:20.161: [sbi] WARNING: [a2c0328a-9719-41f1-bc1d-7b76e258d70f] Retry registration with NRF (../lib/sbi/nf-sm.c:279)
08/13 14:16:20.226: [sbi] WARNING: Couldn't resolve host name (6): Could not resolve host: scp (../lib/sbi/client.c:767)
08/13 14:16:20.226: [sbi] WARNING: ogs_sbi_client_handler() failed [-1] (../lib/sbi/path.c:62)
08/13 14:16:31.173: [sbi] WARNING: [a2c0328a-9719-41f1-bc1d-7b76e258d70f] Retry registration with NRF (../lib/sbi/nf-sm.c:279)
08/13 14:16:31.237: [sbi] WARNING: Couldn't resolve host name (6): Could not resolve host: scp (../lib/sbi/client.c:767)
08/13 14:16:31.237: [sbi] WARNING: ogs_sbi_client_handler() failed [-1] (../lib/sbi/path.c:62)
08/13 14:16:42.180: [sbi] WARNING: [a2c0328a-9719-41f1-bc1d-7b76e258d70f] Retry registration with NRF (../lib/sbi/nf-sm.c:279)
08/13 14:16:42.243: [sbi] WARNING: Couldn't resolve host name (6): Could not resolve host: scp (../lib/sbi/client.c:767)
08/13 14:16:42.243: [sbi] WARNING: ogs_sbi_client_handler() failed [-1] (../lib/sbi/path.c:62)
08/13 14:16:53.191: [sbi] WARNING: [a2c0328a-9719-41f1-bc1d-7b76e258d70f] Retry registration with NRF (../lib/sbi/nf-sm.c:279)
08/13 14:16:53.255: [sbi] WARNING: Couldn't resolve host name (6): Could not resolve host: scp (../lib/sbi/client.c:767)
08/13 14:16:53.255: [sbi] WARNING: ogs_sbi_client_handler() failed [-1] (../lib/sbi/path.c:62)
08/13 14:17:04.201: [sbi] WARNING: [a2c0328a-9719-41f1-bc1d-7b76e258d70f] Retry registration with NRF (../lib/sbi/nf-sm.c:279)
08/13 14:17:04.266: [sbi] WARNING: Couldn't resolve host name (6): Could not resolve host: scp (../lib/sbi/client.c:767)
08/13 14:17:04.266: [sbi] WARNING: ogs_sbi_client_handler() failed [-1] (../lib/sbi/path.c:62)
08/13 14:17:15.211: [sbi] WARNING: [a2c0328a-9719-41f1-bc1d-7b76e258d70f] Retry registration with NRF (../lib/sbi/nf-sm.c:279)
08/13 14:17:15.276: [sbi] WARNING: Couldn't resolve host name (6): Could not resolve host: scp (../lib/sbi/client.c:767)
08/13 14:17:15.277: [sbi] WARNING: ogs_sbi_client_handler() failed [-1] (../lib/sbi/path.c:62)
08/13 14:17:26.221: [sbi] WARNING: [a2c0328a-9719-41f1-bc1d-7b76e258d70f] Retry registration with NRF (../lib/sbi/nf-sm.c:279)
08/13 14:17:26.286: [sbi] WARNING: Couldn't resolve host name (6): Could not resolve host: scp (../lib/sbi/client.c:767)
08/13 14:17:26.286: [sbi] WARNING: ogs_sbi_client_handler() failed [-1] (../lib/sbi/path.c:62)
08/13 14:17:37.233: [sbi] WARNING: [a2c0328a-9719-41f1-bc1d-7b76e258d70f] Retry registration with NRF (../lib/sbi/nf-sm.c:279)
08/13 14:17:37.298: [sbi] WARNING: Couldn't resolve host name (6): Could not resolve host: scp (../lib/sbi/client.c:767)
08/13 14:17:37.298: [sbi] WARNING: ogs_sbi_client_handler() failed [-1] (../lib/sbi/path.c:62)
08/13 14:17:48.236: [sbi] WARNING: [a2c0328a-9719-41f1-bc1d-7b76e258d70f] Retry registration with NRF (../lib/sbi/nf-sm.c:279)
08/13 14:17:48.301: [sbi] WARNING: Couldn't resolve host name (6): Could not resolve host: scp (../lib/sbi/client.c:767)
08/13 14:17:48.301: [sbi] WARNING: ogs_sbi_client_handler() failed [-1] (../lib/sbi/path.c:62)
08/13 14:17:59.248: [sbi] WARNING: [a2c0328a-9719-41f1-bc1d-7b76e258d70f] Retry registration with NRF (../lib/sbi/nf-sm.c:279)
08/13 14:17:59.314: [sbi] WARNING: Couldn't resolve host name (6): Could not resolve host: scp (../lib/sbi/client.c:767)
08/13 14:17:59.314: [sbi] WARNING: ogs_sbi_client_handler() failed [-1] (../lib/sbi/path.c:62)
08/13 14:18:10.259: [sbi] WARNING: [a2c0328a-9719-41f1-bc1d-7b76e258d70f] Retry registration with NRF (../lib/sbi/nf-sm.c:279)
08/13 14:18:10.323: [sbi] WARNING: Couldn't resolve host name (6): Could not resolve host: scp (../lib/sbi/client.c:767)
08/13 14:18:10.323: [sbi] WARNING: ogs_sbi_client_handler() failed [-1] (../lib/sbi/path.c:62)
08/13 14:18:21.271: [sbi] WARNING: [a2c0328a-9719-41f1-bc1d-7b76e258d70f] Retry registration with NRF (../lib/sbi/nf-sm.c:279)
08/13 14:18:21.340: [sbi] WARNING: Couldn't resolve host name (6): Could not resolve host: scp (../lib/sbi/client.c:767)
08/13 14:18:21.340: [sbi] WARNING: ogs_sbi_client_handler() failed [-1] (../lib/sbi/path.c:62)
08/13 14:18:32.281: [sbi] WARNING: [a2c0328a-9719-41f1-bc1d-7b76e258d70f] Retry registration with NRF (../lib/sbi/nf-sm.c:279)
08/13 14:18:32.346: [sbi] WARNING: Couldn't resolve host name (6): Could not resolve host: scp (../lib/sbi/client.c:767)
08/13 14:18:32.346: [sbi] WARNING: ogs_sbi_client_handler() failed [-1] (../lib/sbi/path.c:62)
08/13 14:18:43.281: [sbi] WARNING: [a2c0328a-9719-41f1-bc1d-7b76e258d70f] Retry registration with NRF (../lib/sbi/nf-sm.c:279)
08/13 14:18:43.378: [sbi] WARNING: Couldn't resolve host name (6): Could not resolve host: scp (../lib/sbi/client.c:767)
08/13 14:18:43.378: [sbi] WARNING: ogs_sbi_client_handler() failed [-1] (../lib/sbi/path.c:62)
08/13 14:18:54.286: [sbi] WARNING: [a2c0328a-9719-41f1-bc1d-7b76e258d70f] Retry registration with NRF (../lib/sbi/nf-sm.c:279)
08/13 14:18:54.352: [sbi] WARNING: Couldn't resolve host name (6): Could not resolve host: scp (../lib/sbi/client.c:767)
08/13 14:18:54.352: [sbi] WARNING: ogs_sbi_client_handler() failed [-1] (../lib/sbi/path.c:62)
08/13 14:19:05.292: [sbi] WARNING: [a2c0328a-9719-41f1-bc1d-7b76e258d70f] Retry registration with NRF (../lib/sbi/nf-sm.c:279)
08/13 14:19:05.357: [sbi] WARNING: Couldn't resolve host name (6): Could not resolve host: scp (../lib/sbi/client.c:767)
08/13 14:19:05.357: [sbi] WARNING: ogs_sbi_client_handler() failed [-1] (../lib/sbi/path.c:62)
08/13 14:19:16.303: [sbi] WARNING: [a2c0328a-9719-41f1-bc1d-7b76e258d70f] Retry registration with NRF (../lib/sbi/nf-sm.c:279)
08/13 14:19:16.367: [sbi] WARNING: Couldn't resolve host name (6): Could not resolve host: scp (../lib/sbi/client.c:767)
08/13 14:19:16.367: [sbi] WARNING: ogs_sbi_client_handler() failed [-1] (../lib/sbi/path.c:62)
08/13 14:19:27.313: [sbi] WARNING: [a2c0328a-9719-41f1-bc1d-7b76e258d70f] Retry registration with NRF (../lib/sbi/nf-sm.c:279)
08/13 14:19:27.377: [sbi] WARNING: Couldn't resolve host name (6): Could not resolve host: scp (../lib/sbi/client.c:767)
08/13 14:19:27.377: [sbi] WARNING: ogs_sbi_client_handler() failed [-1] (../lib/sbi/path.c:62)
08/13 14:19:38.325: [sbi] WARNING: [a2c0328a-9719-41f1-bc1d-7b76e258d70f] Retry registration with NRF (../lib/sbi/nf-sm.c:279)
08/13 14:19:38.391: [sbi] WARNING: Couldn't resolve host name (6): Could not resolve host: scp (../lib/sbi/client.c:767)
08/13 14:19:38.391: [sbi] WARNING: ogs_sbi_client_handler() failed [-1] (../lib/sbi/path.c:62)
08/13 14:19:49.335: [sbi] WARNING: [a2c0328a-9719-41f1-bc1d-7b76e258d70f] Retry registration with NRF (../lib/sbi/nf-sm.c:279)
08/13 14:19:49.400: [sbi] WARNING: Couldn't resolve host name (6): Could not resolve host: scp (../lib/sbi/client.c:767)
08/13 14:19:49.400: [sbi] WARNING: ogs_sbi_client_handler() failed [-1] (../lib/sbi/path.c:62)
08/13 14:20:00.341: [sbi] WARNING: [a2c0328a-9719-41f1-bc1d-7b76e258d70f] Retry registration with NRF (../lib/sbi/nf-sm.c:279)
08/13 14:20:00.404: [sbi] WARNING: Couldn't resolve host name (6): Could not resolve host: scp (../lib/sbi/client.c:767)
08/13 14:20:00.404: [sbi] WARNING: ogs_sbi_client_handler() failed [-1] (../lib/sbi/path.c:62)
08/13 14:20:11.352: [sbi] WARNING: [a2c0328a-9719-41f1-bc1d-7b76e258d70f] Retry registration with NRF (../lib/sbi/nf-sm.c:279)
08/13 14:20:11.417: [sbi] WARNING: Couldn't resolve host name (6): Could not resolve host: scp (../lib/sbi/client.c:767)
08/13 14:20:11.417: [sbi] WARNING: ogs_sbi_client_handler() failed [-1] (../lib/sbi/path.c:62)
08/13 14:20:22.361: [sbi] WARNING: [a2c0328a-9719-41f1-bc1d-7b76e258d70f] Retry registration with NRF (../lib/sbi/nf-sm.c:279)
08/13 14:20:22.427: [sbi] WARNING: Couldn't resolve host name (6): Could not resolve host: scp (../lib/sbi/client.c:767)
08/13 14:20:22.427: [sbi] WARNING: ogs_sbi_client_handler() failed [-1] (../lib/sbi/path.c:62)
08/13 14:20:33.372: [sbi] WARNING: [a2c0328a-9719-41f1-bc1d-7b76e258d70f] Retry registration with NRF (../lib/sbi/nf-sm.c:279)
08/13 14:20:33.437: [sbi] WARNING: Couldn't resolve host name (6): Could not resolve host: scp (../lib/sbi/client.c:767)
08/13 14:20:33.437: [sbi] WARNING: ogs_sbi_client_handler() failed [-1] (../lib/sbi/path.c:62)
08/13 14:20:44.382: [sbi] WARNING: [a2c0328a-9719-41f1-bc1d-7b76e258d70f] Retry registration with NRF (../lib/sbi/nf-sm.c:279)
08/13 14:20:44.446: [sbi] WARNING: Couldn't resolve host name (6): Could not resolve host: scp (../lib/sbi/client.c:767)
08/13 14:20:44.446: [sbi] WARNING: ogs_sbi_client_handler() failed [-1] (../lib/sbi/path.c:62)
08/13 14:20:55.392: [sbi] WARNING: [a2c0328a-9719-41f1-bc1d-7b76e258d70f] Retry registration with NRF (../lib/sbi/nf-sm.c:279)
08/13 14:20:55.457: [sbi] WARNING: Couldn't resolve host name (6): Could not resolve host: scp (../lib/sbi/client.c:767)
08/13 14:20:55.457: [sbi] WARNING: ogs_sbi_client_handler() failed [-1] (../lib/sbi/path.c:62)
08/13 14:21:06.396: [sbi] WARNING: [a2c0328a-9719-41f1-bc1d-7b76e258d70f] Retry registration with NRF (../lib/sbi/nf-sm.c:279)
08/13 14:21:06.461: [sbi] WARNING: Couldn't resolve host name (6): Could not resolve host: scp (../lib/sbi/client.c:767)
08/13 14:21:06.461: [sbi] WARNING: ogs_sbi_client_handler() failed [-1] (../lib/sbi/path.c:62)
08/13 14:21:17.406: [sbi] WARNING: [a2c0328a-9719-41f1-bc1d-7b76e258d70f] Retry registration with NRF (../lib/sbi/nf-sm.c:279)
08/13 14:21:17.471: [sbi] WARNING: Couldn't resolve host name (6): Could not resolve host: scp (../lib/sbi/client.c:767)
08/13 14:21:17.471: [sbi] WARNING: ogs_sbi_client_handler() failed [-1] (../lib/sbi/path.c:62)
08/13 14:21:28.417: [sbi] WARNING: [a2c0328a-9719-41f1-bc1d-7b76e258d70f] Retry registration with NRF (../lib/sbi/nf-sm.c:279)
08/13 14:21:28.481: [sbi] WARNING: Couldn't resolve host name (6): Could not resolve host: scp (../lib/sbi/client.c:767)
08/13 14:21:28.481: [sbi] WARNING: ogs_sbi_client_handler() failed [-1] (../lib/sbi/path.c:62)
08/13 14:21:39.427: [sbi] WARNING: [a2c0328a-9719-41f1-bc1d-7b76e258d70f] Retry registration with NRF (../lib/sbi/nf-sm.c:279)
08/13 14:21:39.491: [sbi] WARNING: Couldn't resolve host name (6): Could not resolve host: scp (../lib/sbi/client.c:767)
08/13 14:21:39.491: [sbi] WARNING: ogs_sbi_client_handler() failed [-1] (../lib/sbi/path.c:62)
08/13 14:21:50.433: [sbi] WARNING: [a2c0328a-9719-41f1-bc1d-7b76e258d70f] Retry registration with NRF (../lib/sbi/nf-sm.c:279)
08/13 14:21:50.499: [sbi] WARNING: Couldn't resolve host name (6): Could not resolve host: scp (../lib/sbi/client.c:767)
08/13 14:21:50.499: [sbi] WARNING: ogs_sbi_client_handler() failed [-1] (../lib/sbi/path.c:62)
08/13 14:22:01.438: [sbi] WARNING: [a2c0328a-9719-41f1-bc1d-7b76e258d70f] Retry registration with NRF (../lib/sbi/nf-sm.c:279)
08/13 14:22:01.503: [sbi] WARNING: Couldn't resolve host name (6): Could not resolve host: scp (../lib/sbi/client.c:767)
08/13 14:22:01.503: [sbi] WARNING: ogs_sbi_client_handler() failed [-1] (../lib/sbi/path.c:62)
08/13 14:22:12.448: [sbi] WARNING: [a2c0328a-9719-41f1-bc1d-7b76e258d70f] Retry registration with NRF (../lib/sbi/nf-sm.c:279)
08/13 14:22:12.513: [sbi] WARNING: Couldn't resolve host name (6): Could not resolve host: scp (../lib/sbi/client.c:767)
08/13 14:22:12.513: [sbi] WARNING: ogs_sbi_client_handler() failed [-1] (../lib/sbi/path.c:62)
08/13 14:22:23.459: [sbi] WARNING: [a2c0328a-9719-41f1-bc1d-7b76e258d70f] Retry registration with NRF (../lib/sbi/nf-sm.c:279)
08/13 14:22:23.524: [sbi] WARNING: Couldn't resolve host name (6): Could not resolve host: scp (../lib/sbi/client.c:767)
08/13 14:22:23.524: [sbi] WARNING: ogs_sbi_client_handler() failed [-1] (../lib/sbi/path.c:62)
08/13 14:22:34.460: [sbi] WARNING: [a2c0328a-9719-41f1-bc1d-7b76e258d70f] Retry registration with NRF (../lib/sbi/nf-sm.c:279)
08/13 14:22:34.524: [sbi] WARNING: Couldn't resolve host name (6): Could not resolve host: scp (../lib/sbi/client.c:767)
08/13 14:22:34.524: [sbi] WARNING: ogs_sbi_client_handler() failed [-1] (../lib/sbi/path.c:62)
08/13 14:22:45.471: [sbi] WARNING: [a2c0328a-9719-41f1-bc1d-7b76e258d70f] Retry registration with NRF (../lib/sbi/nf-sm.c:279)
08/13 14:22:45.537: [sbi] WARNING: Couldn't resolve host name (6): Could not resolve host: scp (../lib/sbi/client.c:767)
08/13 14:22:45.537: [sbi] WARNING: ogs_sbi_client_handler() failed [-1] (../lib/sbi/path.c:62)
08/13 14:22:56.483: [sbi] WARNING: [a2c0328a-9719-41f1-bc1d-7b76e258d70f] Retry registration with NRF (../lib/sbi/nf-sm.c:279)
08/13 14:22:56.548: [sbi] WARNING: Couldn't resolve host name (6): Could not resolve host: scp (../lib/sbi/client.c:767)
08/13 14:22:56.549: [sbi] WARNING: ogs_sbi_client_handler() failed [-1] (../lib/sbi/path.c:62)
08/13 14:23:07.496: [sbi] WARNING: [a2c0328a-9719-41f1-bc1d-7b76e258d70f] Retry registration with NRF (../lib/sbi/nf-sm.c:279)
08/13 14:23:07.560: [sbi] WARNING: Couldn't resolve host name (6): Could not resolve host: scp (../lib/sbi/client.c:767)
08/13 14:23:07.560: [sbi] WARNING: ogs_sbi_client_handler() failed [-1] (../lib/sbi/path.c:62)
08/13 14:23:18.507: [sbi] WARNING: [a2c0328a-9719-41f1-bc1d-7b76e258d70f] Retry registration with NRF (../lib/sbi/nf-sm.c:279)
08/13 14:23:18.572: [sbi] WARNING: Couldn't resolve host name (6): Could not resolve host: scp (../lib/sbi/client.c:767)
08/13 14:23:18.572: [sbi] WARNING: ogs_sbi_client_handler() failed [-1] (../lib/sbi/path.c:62)
08/13 14:23:29.519: [sbi] WARNING: [a2c0328a-9719-41f1-bc1d-7b76e258d70f] Retry registration with NRF (../lib/sbi/nf-sm.c:279)
08/13 14:23:29.584: [sbi] WARNING: Couldn't resolve host name (6): Could not resolve host: scp (../lib/sbi/client.c:767)
08/13 14:23:29.584: [sbi] WARNING: ogs_sbi_client_handler() failed [-1] (../lib/sbi/path.c:62)
08/13 14:23:40.528: [sbi] WARNING: [a2c0328a-9719-41f1-bc1d-7b76e258d70f] Retry registration with NRF (../lib/sbi/nf-sm.c:279)
08/13 14:23:40.593: [sbi] WARNING: Couldn't resolve host name (6): Could not resolve host: scp (../lib/sbi/client.c:767)
08/13 14:23:40.593: [sbi] WARNING: ogs_sbi_client_handler() failed [-1] (../lib/sbi/path.c:62)
08/13 14:23:51.539: [sbi] WARNING: [a2c0328a-9719-41f1-bc1d-7b76e258d70f] Retry registration with NRF (../lib/sbi/nf-sm.c:279)
08/13 14:23:51.603: [sbi] WARNING: Couldn't resolve host name (6): Could not resolve host: scp (../lib/sbi/client.c:767)
08/13 14:23:51.603: [sbi] WARNING: ogs_sbi_client_handler() failed [-1] (../lib/sbi/path.c:62)
08/13 14:24:02.549: [sbi] WARNING: [a2c0328a-9719-41f1-bc1d-7b76e258d70f] Retry registration with NRF (../lib/sbi/nf-sm.c:279)
08/13 14:24:02.614: [sbi] WARNING: Couldn't resolve host name (6): Could not resolve host: scp (../lib/sbi/client.c:767)
08/13 14:24:02.614: [sbi] WARNING: ogs_sbi_client_handler() failed [-1] (../lib/sbi/path.c:62)
08/13 14:24:13.553: [sbi] WARNING: [a2c0328a-9719-41f1-bc1d-7b76e258d70f] Retry registration with NRF (../lib/sbi/nf-sm.c:279)
08/13 14:24:13.618: [sbi] WARNING: Couldn't resolve host name (6): Could not resolve host: scp (../lib/sbi/client.c:767)
08/13 14:24:13.618: [sbi] WARNING: ogs_sbi_client_handler() failed [-1] (../lib/sbi/path.c:62)
08/13 14:24:24.558: [sbi] WARNING: [a2c0328a-9719-41f1-bc1d-7b76e258d70f] Retry registration with NRF (../lib/sbi/nf-sm.c:279)
08/13 14:24:24.624: [sbi] WARNING: Couldn't resolve host name (6): Could not resolve host: scp (../lib/sbi/client.c:767)
08/13 14:24:24.624: [sbi] WARNING: ogs_sbi_client_handler() failed [-1] (../lib/sbi/path.c:62)
08/13 14:24:35.562: [sbi] WARNING: [a2c0328a-9719-41f1-bc1d-7b76e258d70f] Retry registration with NRF (../lib/sbi/nf-sm.c:279)
08/13 14:24:35.627: [sbi] WARNING: Couldn't resolve host name (6): Could not resolve host: scp (../lib/sbi/client.c:767)
08/13 14:24:35.627: [sbi] WARNING: ogs_sbi_client_handler() failed [-1] (../lib/sbi/path.c:62)
08/13 14:24:46.573: [sbi] WARNING: [a2c0328a-9719-41f1-bc1d-7b76e258d70f] Retry registration with NRF (../lib/sbi/nf-sm.c:279)
08/13 14:24:46.638: [sbi] WARNING: Couldn't resolve host name (6): Could not resolve host: scp (../lib/sbi/client.c:767)
08/13 14:24:46.638: [sbi] WARNING: ogs_sbi_client_handler() failed [-1] (../lib/sbi/path.c:62)
08/13 14:24:57.585: [sbi] WARNING: [a2c0328a-9719-41f1-bc1d-7b76e258d70f] Retry registration with NRF (../lib/sbi/nf-sm.c:279)
08/13 14:24:57.649: [sbi] WARNING: Couldn't resolve host name (6): Could not resolve host: scp (../lib/sbi/client.c:767)
08/13 14:24:57.650: [sbi] WARNING: ogs_sbi_client_handler() failed [-1] (../lib/sbi/path.c:62)
08/13 14:25:08.587: [sbi] WARNING: [a2c0328a-9719-41f1-bc1d-7b76e258d70f] Retry registration with NRF (../lib/sbi/nf-sm.c:279)
08/13 14:25:08.653: [sbi] WARNING: Couldn't resolve host name (6): Could not resolve host: scp (../lib/sbi/client.c:767)
08/13 14:25:08.653: [sbi] WARNING: ogs_sbi_client_handler() failed [-1] (../lib/sbi/path.c:62)
08/13 14:25:19.599: [sbi] WARNING: [a2c0328a-9719-41f1-bc1d-7b76e258d70f] Retry registration with NRF (../lib/sbi/nf-sm.c:279)
08/13 14:25:19.663: [sbi] WARNING: Couldn't resolve host name (6): Could not resolve host: scp (../lib/sbi/client.c:767)
08/13 14:25:19.663: [sbi] WARNING: ogs_sbi_client_handler() failed [-1] (../lib/sbi/path.c:62)
08/13 14:25:30.611: [sbi] WARNING: [a2c0328a-9719-41f1-bc1d-7b76e258d70f] Retry registration with NRF (../lib/sbi/nf-sm.c:279)
08/13 14:25:30.678: [sbi] WARNING: Couldn't resolve host name (6): Could not resolve host: scp (../lib/sbi/client.c:767)
08/13 14:25:30.678: [sbi] WARNING: ogs_sbi_client_handler() failed [-1] (../lib/sbi/path.c:62)
08/13 14:25:41.622: [sbi] WARNING: [a2c0328a-9719-41f1-bc1d-7b76e258d70f] Retry registration with NRF (../lib/sbi/nf-sm.c:279)
08/13 14:25:41.688: [sbi] WARNING: Couldn't resolve host name (6): Could not resolve host: scp (../lib/sbi/client.c:767)
08/13 14:25:41.688: [sbi] WARNING: ogs_sbi_client_handler() failed [-1] (../lib/sbi/path.c:62)
08/13 14:25:52.632: [sbi] WARNING: [a2c0328a-9719-41f1-bc1d-7b76e258d70f] Retry registration with NRF (../lib/sbi/nf-sm.c:279)
08/13 14:25:52.698: [sbi] WARNING: Couldn't resolve host name (6): Could not resolve host: scp (../lib/sbi/client.c:767)
08/13 14:25:52.698: [sbi] WARNING: ogs_sbi_client_handler() failed [-1] (../lib/sbi/path.c:62)
08/13 14:26:03.644: [sbi] WARNING: [a2c0328a-9719-41f1-bc1d-7b76e258d70f] Retry registration with NRF (../lib/sbi/nf-sm.c:279)
08/13 14:26:03.708: [sbi] WARNING: Couldn't resolve host name (6): Could not resolve host: scp (../lib/sbi/client.c:767)
08/13 14:26:03.708: [sbi] WARNING: ogs_sbi_client_handler() failed [-1] (../lib/sbi/path.c:62)
08/13 14:26:14.655: [sbi] WARNING: [a2c0328a-9719-41f1-bc1d-7b76e258d70f] Retry registration with NRF (../lib/sbi/nf-sm.c:279)
08/13 14:26:14.721: [sbi] WARNING: Couldn't resolve host name (6): Could not resolve host: scp (../lib/sbi/client.c:767)
08/13 14:26:14.721: [sbi] WARNING: ogs_sbi_client_handler() failed [-1] (../lib/sbi/path.c:62)
08/13 14:26:25.664: [sbi] WARNING: [a2c0328a-9719-41f1-bc1d-7b76e258d70f] Retry registration with NRF (../lib/sbi/nf-sm.c:279)
08/13 14:26:25.729: [sbi] WARNING: Couldn't resolve host name (6): Could not resolve host: scp (../lib/sbi/client.c:767)
08/13 14:26:25.729: [sbi] WARNING: ogs_sbi_client_handler() failed [-1] (../lib/sbi/path.c:62)
08/13 14:26:36.675: [sbi] WARNING: [a2c0328a-9719-41f1-bc1d-7b76e258d70f] Retry registration with NRF (../lib/sbi/nf-sm.c:279)
08/13 14:26:36.746: [sbi] WARNING: Couldn't resolve host name (6): Could not resolve host: scp (../lib/sbi/client.c:767)
08/13 14:26:36.746: [sbi] WARNING: ogs_sbi_client_handler() failed [-1] (../lib/sbi/path.c:62)
08/13 14:26:47.686: [sbi] WARNING: [a2c0328a-9719-41f1-bc1d-7b76e258d70f] Retry registration with NRF (../lib/sbi/nf-sm.c:279)
08/13 14:26:47.752: [sbi] WARNING: Couldn't resolve host name (6): Could not resolve host: scp (../lib/sbi/client.c:767)
08/13 14:26:47.752: [sbi] WARNING: ogs_sbi_client_handler() failed [-1] (../lib/sbi/path.c:62)
08/13 14:26:58.692: [sbi] WARNING: [a2c0328a-9719-41f1-bc1d-7b76e258d70f] Retry registration with NRF (../lib/sbi/nf-sm.c:279)
08/13 14:26:58.757: [sbi] WARNING: Couldn't resolve host name (6): Could not resolve host: scp (../lib/sbi/client.c:767)
08/13 14:26:58.757: [sbi] WARNING: ogs_sbi_client_handler() failed [-1] (../lib/sbi/path.c:62)
08/13 14:27:09.692: [sbi] WARNING: [a2c0328a-9719-41f1-bc1d-7b76e258d70f] Retry registration with NRF (../lib/sbi/nf-sm.c:279)
08/13 14:27:09.758: [sbi] WARNING: Couldn't resolve host name (6): Could not resolve host: scp (../lib/sbi/client.c:767)
08/13 14:27:09.758: [sbi] WARNING: ogs_sbi_client_handler() failed [-1] (../lib/sbi/path.c:62)
08/13 14:27:20.702: [sbi] WARNING: [a2c0328a-9719-41f1-bc1d-7b76e258d70f] Retry registration with NRF (../lib/sbi/nf-sm.c:279)
08/13 14:27:20.768: [sbi] WARNING: Couldn't resolve host name (6): Could not resolve host: scp (../lib/sbi/client.c:767)
08/13 14:27:20.768: [sbi] WARNING: ogs_sbi_client_handler() failed [-1] (../lib/sbi/path.c:62)
08/13 14:27:31.712: [sbi] WARNING: [a2c0328a-9719-41f1-bc1d-7b76e258d70f] Retry registration with NRF (../lib/sbi/nf-sm.c:279)
08/13 14:27:31.777: [sbi] WARNING: Couldn't resolve host name (6): Could not resolve host: scp (../lib/sbi/client.c:767)
08/13 14:27:31.777: [sbi] WARNING: ogs_sbi_client_handler() failed [-1] (../lib/sbi/path.c:62)
08/13 14:27:42.723: [sbi] WARNING: [a2c0328a-9719-41f1-bc1d-7b76e258d70f] Retry registration with NRF (../lib/sbi/nf-sm.c:279)
08/13 14:27:42.787: [sbi] WARNING: Couldn't resolve host name (6): Could not resolve host: scp (../lib/sbi/client.c:767)
08/13 14:27:42.787: [sbi] WARNING: ogs_sbi_client_handler() failed [-1] (../lib/sbi/path.c:62)
08/13 14:27:53.730: [sbi] WARNING: [a2c0328a-9719-41f1-bc1d-7b76e258d70f] Retry registration with NRF (../lib/sbi/nf-sm.c:279)
08/13 14:27:53.796: [sbi] WARNING: Couldn't resolve host name (6): Could not resolve host: scp (../lib/sbi/client.c:767)
08/13 14:27:53.796: [sbi] WARNING: ogs_sbi_client_handler() failed [-1] (../lib/sbi/path.c:62)
08/13 14:28:04.741: [sbi] WARNING: [a2c0328a-9719-41f1-bc1d-7b76e258d70f] Retry registration with NRF (../lib/sbi/nf-sm.c:279)
08/13 14:28:04.807: [sbi] WARNING: Couldn't resolve host name (6): Could not resolve host: scp (../lib/sbi/client.c:767)
08/13 14:28:04.807: [sbi] WARNING: ogs_sbi_client_handler() failed [-1] (../lib/sbi/path.c:62)
08/13 14:28:15.752: [sbi] WARNING: [a2c0328a-9719-41f1-bc1d-7b76e258d70f] Retry registration with NRF (../lib/sbi/nf-sm.c:279)
08/13 14:28:15.817: [sbi] WARNING: Couldn't resolve host name (6): Could not resolve host: scp (../lib/sbi/client.c:767)
08/13 14:28:15.817: [sbi] WARNING: ogs_sbi_client_handler() failed [-1] (../lib/sbi/path.c:62)
08/13 14:28:26.762: [sbi] WARNING: [a2c0328a-9719-41f1-bc1d-7b76e258d70f] Retry registration with NRF (../lib/sbi/nf-sm.c:279)
08/13 14:28:26.826: [sbi] WARNING: Couldn't resolve host name (6): Could not resolve host: scp (../lib/sbi/client.c:767)
08/13 14:28:26.826: [sbi] WARNING: ogs_sbi_client_handler() failed [-1] (../lib/sbi/path.c:62)
08/13 14:28:37.773: [sbi] WARNING: [a2c0328a-9719-41f1-bc1d-7b76e258d70f] Retry registration with NRF (../lib/sbi/nf-sm.c:279)
08/13 14:28:37.841: [sbi] WARNING: Couldn't resolve host name (6): Could not resolve host: scp (../lib/sbi/client.c:767)
08/13 14:28:37.841: [sbi] WARNING: ogs_sbi_client_handler() failed [-1] (../lib/sbi/path.c:62)
08/13 14:28:48.781: [sbi] WARNING: [a2c0328a-9719-41f1-bc1d-7b76e258d70f] Retry registration with NRF (../lib/sbi/nf-sm.c:279)
08/13 14:28:48.847: [sbi] WARNING: Couldn't resolve host name (6): Could not resolve host: scp (../lib/sbi/client.c:767)
08/13 14:28:48.847: [sbi] WARNING: ogs_sbi_client_handler() failed [-1] (../lib/sbi/path.c:62)
08/13 14:28:59.788: [sbi] WARNING: [a2c0328a-9719-41f1-bc1d-7b76e258d70f] Retry registration with NRF (../lib/sbi/nf-sm.c:279)
08/13 14:28:59.854: [sbi] WARNING: Couldn't resolve host name (6): Could not resolve host: scp (../lib/sbi/client.c:767)
08/13 14:28:59.854: [sbi] WARNING: ogs_sbi_client_handler() failed [-1] (../lib/sbi/path.c:62)
08/13 14:29:10.798: [sbi] WARNING: [a2c0328a-9719-41f1-bc1d-7b76e258d70f] Retry registration with NRF (../lib/sbi/nf-sm.c:279)
08/13 14:29:10.863: [sbi] WARNING: Couldn't resolve host name (6): Could not resolve host: scp (../lib/sbi/client.c:767)
08/13 14:29:10.863: [sbi] WARNING: ogs_sbi_client_handler() failed [-1] (../lib/sbi/path.c:62)
08/13 14:29:21.803: [sbi] WARNING: [a2c0328a-9719-41f1-bc1d-7b76e258d70f] Retry registration with NRF (../lib/sbi/nf-sm.c:279)
08/13 14:29:21.868: [sbi] WARNING: Couldn't resolve host name (6): Could not resolve host: scp (../lib/sbi/client.c:767)
08/13 14:29:21.868: [sbi] WARNING: ogs_sbi_client_handler() failed [-1] (../lib/sbi/path.c:62)
08/13 14:29:32.811: [sbi] WARNING: [a2c0328a-9719-41f1-bc1d-7b76e258d70f] Retry registration with NRF (../lib/sbi/nf-sm.c:279)
08/13 14:29:32.876: [sbi] WARNING: Couldn't resolve host name (6): Could not resolve host: scp (../lib/sbi/client.c:767)
08/13 14:29:32.876: [sbi] WARNING: ogs_sbi_client_handler() failed [-1] (../lib/sbi/path.c:62)
08/13 14:29:43.816: [sbi] WARNING: [a2c0328a-9719-41f1-bc1d-7b76e258d70f] Retry registration with NRF (../lib/sbi/nf-sm.c:279)
08/13 14:29:43.881: [sbi] WARNING: Couldn't resolve host name (6): Could not resolve host: scp (../lib/sbi/client.c:767)
08/13 14:29:43.881: [sbi] WARNING: ogs_sbi_client_handler() failed [-1] (../lib/sbi/path.c:62)
08/13 14:29:54.827: [sbi] WARNING: [a2c0328a-9719-41f1-bc1d-7b76e258d70f] Retry registration with NRF (../lib/sbi/nf-sm.c:279)
08/13 14:29:54.891: [sbi] WARNING: Couldn't resolve host name (6): Could not resolve host: scp (../lib/sbi/client.c:767)
08/13 14:29:54.891: [sbi] WARNING: ogs_sbi_client_handler() failed [-1] (../lib/sbi/path.c:62)
08/13 14:30:05.838: [sbi] WARNING: [a2c0328a-9719-41f1-bc1d-7b76e258d70f] Retry registration with NRF (../lib/sbi/nf-sm.c:279)
08/13 14:30:05.904: [sbi] WARNING: Couldn't resolve host name (6): Could not resolve host: scp (../lib/sbi/client.c:767)
08/13 14:30:05.904: [sbi] WARNING: ogs_sbi_client_handler() failed [-1] (../lib/sbi/path.c:62)
08/13 14:30:16.850: [sbi] WARNING: [a2c0328a-9719-41f1-bc1d-7b76e258d70f] Retry registration with NRF (../lib/sbi/nf-sm.c:279)
08/13 14:30:16.913: [sbi] WARNING: Couldn't resolve host name (6): Could not resolve host: scp (../lib/sbi/client.c:767)
08/13 14:30:16.913: [sbi] WARNING: ogs_sbi_client_handler() failed [-1] (../lib/sbi/path.c:62)
08/13 14:30:27.857: [sbi] WARNING: [a2c0328a-9719-41f1-bc1d-7b76e258d70f] Retry registration with NRF (../lib/sbi/nf-sm.c:279)
08/13 14:30:27.922: [sbi] WARNING: Couldn't resolve host name (6): Could not resolve host: scp (../lib/sbi/client.c:767)
08/13 14:30:27.922: [sbi] WARNING: ogs_sbi_client_handler() failed [-1] (../lib/sbi/path.c:62)
08/13 14:30:38.868: [sbi] WARNING: [a2c0328a-9719-41f1-bc1d-7b76e258d70f] Retry registration with NRF (../lib/sbi/nf-sm.c:279)
08/13 14:30:38.934: [sbi] WARNING: Couldn't resolve host name (6): Could not resolve host: scp (../lib/sbi/client.c:767)
08/13 14:30:38.935: [sbi] WARNING: ogs_sbi_client_handler() failed [-1] (../lib/sbi/path.c:62)
08/13 14:30:49.879: [sbi] WARNING: [a2c0328a-9719-41f1-bc1d-7b76e258d70f] Retry registration with NRF (../lib/sbi/nf-sm.c:279)
08/13 14:30:49.974: [sbi] WARNING: Couldn't resolve host name (6): Could not resolve host: scp (../lib/sbi/client.c:767)
08/13 14:30:49.974: [sbi] WARNING: ogs_sbi_client_handler() failed [-1] (../lib/sbi/path.c:62)
08/13 14:31:00.885: [sbi] WARNING: [a2c0328a-9719-41f1-bc1d-7b76e258d70f] Retry registration with NRF (../lib/sbi/nf-sm.c:279)
08/13 14:31:00.951: [sbi] WARNING: Couldn't resolve host name (6): Could not resolve host: scp (../lib/sbi/client.c:767)
08/13 14:31:00.951: [sbi] WARNING: ogs_sbi_client_handler() failed [-1] (../lib/sbi/path.c:62)
08/13 14:31:11.896: [sbi] WARNING: [a2c0328a-9719-41f1-bc1d-7b76e258d70f] Retry registration with NRF (../lib/sbi/nf-sm.c:279)
08/13 14:31:11.961: [sbi] WARNING: Couldn't resolve host name (6): Could not resolve host: scp (../lib/sbi/client.c:767)
08/13 14:31:11.961: [sbi] WARNING: ogs_sbi_client_handler() failed [-1] (../lib/sbi/path.c:62)
08/13 14:31:22.906: [sbi] WARNING: [a2c0328a-9719-41f1-bc1d-7b76e258d70f] Retry registration with NRF (../lib/sbi/nf-sm.c:279)
08/13 14:31:22.971: [sbi] WARNING: Couldn't resolve host name (6): Could not resolve host: scp (../lib/sbi/client.c:767)
08/13 14:31:22.971: [sbi] WARNING: ogs_sbi_client_handler() failed [-1] (../lib/sbi/path.c:62)
08/13 14:31:33.911: [sbi] WARNING: [a2c0328a-9719-41f1-bc1d-7b76e258d70f] Retry registration with NRF (../lib/sbi/nf-sm.c:279)
08/13 14:31:33.976: [sbi] WARNING: Couldn't resolve host name (6): Could not resolve host: scp (../lib/sbi/client.c:767)
08/13 14:31:33.976: [sbi] WARNING: ogs_sbi_client_handler() failed [-1] (../lib/sbi/path.c:62)
08/13 14:31:44.918: [sbi] WARNING: [a2c0328a-9719-41f1-bc1d-7b76e258d70f] Retry registration with NRF (../lib/sbi/nf-sm.c:279)
08/13 14:31:44.984: [sbi] WARNING: Couldn't resolve host name (6): Could not resolve host: scp (../lib/sbi/client.c:767)
08/13 14:31:44.984: [sbi] WARNING: ogs_sbi_client_handler() failed [-1] (../lib/sbi/path.c:62)
08/13 14:31:55.929: [sbi] WARNING: [a2c0328a-9719-41f1-bc1d-7b76e258d70f] Retry registration with NRF (../lib/sbi/nf-sm.c:279)
08/13 14:31:55.993: [sbi] WARNING: Couldn't resolve host name (6): Could not resolve host: scp (../lib/sbi/client.c:767)
08/13 14:31:55.993: [sbi] WARNING: ogs_sbi_client_handler() failed [-1] (../lib/sbi/path.c:62)
08/13 14:32:06.940: [sbi] WARNING: [a2c0328a-9719-41f1-bc1d-7b76e258d70f] Retry registration with NRF (../lib/sbi/nf-sm.c:279)
08/13 14:32:07.005: [sbi] WARNING: Couldn't resolve host name (6): Could not resolve host: scp (../lib/sbi/client.c:767)
08/13 14:32:07.005: [sbi] WARNING: ogs_sbi_client_handler() failed [-1] (../lib/sbi/path.c:62)
08/13 14:32:17.950: [sbi] WARNING: [a2c0328a-9719-41f1-bc1d-7b76e258d70f] Retry registration with NRF (../lib/sbi/nf-sm.c:279)
08/13 14:32:18.014: [sbi] WARNING: Couldn't resolve host name (6): Could not resolve host: scp (../lib/sbi/client.c:767)
08/13 14:32:18.014: [sbi] WARNING: ogs_sbi_client_handler() failed [-1] (../lib/sbi/path.c:62)
08/13 14:32:28.957: [sbi] WARNING: [a2c0328a-9719-41f1-bc1d-7b76e258d70f] Retry registration with NRF (../lib/sbi/nf-sm.c:279)
08/13 14:32:29.023: [sbi] WARNING: Couldn't resolve host name (6): Could not resolve host: scp (../lib/sbi/client.c:767)
08/13 14:32:29.023: [sbi] WARNING: ogs_sbi_client_handler() failed [-1] (../lib/sbi/path.c:62)
08/13 14:32:39.964: [sbi] WARNING: [a2c0328a-9719-41f1-bc1d-7b76e258d70f] Retry registration with NRF (../lib/sbi/nf-sm.c:279)
08/13 14:32:40.030: [sbi] WARNING: Couldn't resolve host name (6): Could not resolve host: scp (../lib/sbi/client.c:767)
08/13 14:32:40.030: [sbi] WARNING: ogs_sbi_client_handler() failed [-1] (../lib/sbi/path.c:62)
08/13 14:32:50.968: [sbi] WARNING: [a2c0328a-9719-41f1-bc1d-7b76e258d70f] Retry registration with NRF (../lib/sbi/nf-sm.c:279)
08/13 14:32:51.033: [sbi] WARNING: Couldn't resolve host name (6): Could not resolve host: scp (../lib/sbi/client.c:767)
08/13 14:32:51.033: [sbi] WARNING: ogs_sbi_client_handler() failed [-1] (../lib/sbi/path.c:62)
08/13 14:33:01.979: [sbi] WARNING: [a2c0328a-9719-41f1-bc1d-7b76e258d70f] Retry registration with NRF (../lib/sbi/nf-sm.c:279)
08/13 14:33:02.045: [sbi] WARNING: Couldn't resolve host name (6): Could not resolve host: scp (../lib/sbi/client.c:767)
08/13 14:33:02.045: [sbi] WARNING: ogs_sbi_client_handler() failed [-1] (../lib/sbi/path.c:62)
08/13 14:33:12.990: [sbi] WARNING: [a2c0328a-9719-41f1-bc1d-7b76e258d70f] Retry registration with NRF (../lib/sbi/nf-sm.c:279)
08/13 14:33:13.055: [sbi] WARNING: Couldn't resolve host name (6): Could not resolve host: scp (../lib/sbi/client.c:767)
08/13 14:33:13.055: [sbi] WARNING: ogs_sbi_client_handler() failed [-1] (../lib/sbi/path.c:62)
08/13 14:33:24.001: [sbi] WARNING: [a2c0328a-9719-41f1-bc1d-7b76e258d70f] Retry registration with NRF (../lib/sbi/nf-sm.c:279)
08/13 14:33:24.067: [sbi] WARNING: Couldn't resolve host name (6): Could not resolve host: scp (../lib/sbi/client.c:767)
08/13 14:33:24.067: [sbi] WARNING: ogs_sbi_client_handler() failed [-1] (../lib/sbi/path.c:62)
08/13 14:33:35.004: [sbi] WARNING: [a2c0328a-9719-41f1-bc1d-7b76e258d70f] Retry registration with NRF (../lib/sbi/nf-sm.c:279)
08/13 14:33:35.069: [sbi] WARNING: Couldn't resolve host name (6): Could not resolve host: scp (../lib/sbi/client.c:767)
08/13 14:33:35.069: [sbi] WARNING: ogs_sbi_client_handler() failed [-1] (../lib/sbi/path.c:62)
08/13 14:33:46.015: [sbi] WARNING: [a2c0328a-9719-41f1-bc1d-7b76e258d70f] Retry registration with NRF (../lib/sbi/nf-sm.c:279)
08/13 14:33:46.080: [sbi] WARNING: Couldn't resolve host name (6): Could not resolve host: scp (../lib/sbi/client.c:767)
08/13 14:33:46.080: [sbi] WARNING: ogs_sbi_client_handler() failed [-1] (../lib/sbi/path.c:62)
08/13 14:33:57.027: [sbi] WARNING: [a2c0328a-9719-41f1-bc1d-7b76e258d70f] Retry registration with NRF (../lib/sbi/nf-sm.c:279)
08/13 14:33:57.092: [sbi] WARNING: Couldn't resolve host name (6): Could not resolve host: scp (../lib/sbi/client.c:767)
08/13 14:33:57.093: [sbi] WARNING: ogs_sbi_client_handler() failed [-1] (../lib/sbi/path.c:62)
08/13 14:34:08.038: [sbi] WARNING: [a2c0328a-9719-41f1-bc1d-7b76e258d70f] Retry registration with NRF (../lib/sbi/nf-sm.c:279)
08/13 14:34:08.102: [sbi] WARNING: Couldn't resolve host name (6): Could not resolve host: scp (../lib/sbi/client.c:767)
08/13 14:34:08.102: [sbi] WARNING: ogs_sbi_client_handler() failed [-1] (../lib/sbi/path.c:62)
08/13 14:34:19.049: [sbi] WARNING: [a2c0328a-9719-41f1-bc1d-7b76e258d70f] Retry registration with NRF (../lib/sbi/nf-sm.c:279)
08/13 14:34:19.113: [sbi] WARNING: Couldn't resolve host name (6): Could not resolve host: scp (../lib/sbi/client.c:767)
08/13 14:34:19.114: [sbi] WARNING: ogs_sbi_client_handler() failed [-1] (../lib/sbi/path.c:62)
08/13 14:34:30.060: [sbi] WARNING: [a2c0328a-9719-41f1-bc1d-7b76e258d70f] Retry registration with NRF (../lib/sbi/nf-sm.c:279)
08/13 14:34:30.125: [sbi] WARNING: Couldn't resolve host name (6): Could not resolve host: scp (../lib/sbi/client.c:767)
08/13 14:34:30.125: [sbi] WARNING: ogs_sbi_client_handler() failed [-1] (../lib/sbi/path.c:62)
08/13 14:34:41.072: [sbi] WARNING: [a2c0328a-9719-41f1-bc1d-7b76e258d70f] Retry registration with NRF (../lib/sbi/nf-sm.c:279)
08/13 14:34:41.136: [sbi] WARNING: Couldn't resolve host name (6): Could not resolve host: scp (../lib/sbi/client.c:767)
08/13 14:34:41.136: [sbi] WARNING: ogs_sbi_client_handler() failed [-1] (../lib/sbi/path.c:62)
08/13 14:34:52.073: [sbi] WARNING: [a2c0328a-9719-41f1-bc1d-7b76e258d70f] Retry registration with NRF (../lib/sbi/nf-sm.c:279)
08/13 14:34:52.136: [sbi] WARNING: Couldn't resolve host name (6): Could not resolve host: scp (../lib/sbi/client.c:767)
08/13 14:34:52.136: [sbi] WARNING: ogs_sbi_client_handler() failed [-1] (../lib/sbi/path.c:62)
08/13 14:35:03.075: [sbi] WARNING: [a2c0328a-9719-41f1-bc1d-7b76e258d70f] Retry registration with NRF (../lib/sbi/nf-sm.c:279)
08/13 14:35:03.141: [sbi] WARNING: Couldn't resolve host name (6): Could not resolve host: scp (../lib/sbi/client.c:767)
08/13 14:35:03.141: [sbi] WARNING: ogs_sbi_client_handler() failed [-1] (../lib/sbi/path.c:62)
08/13 14:35:14.077: [sbi] WARNING: [a2c0328a-9719-41f1-bc1d-7b76e258d70f] Retry registration with NRF (../lib/sbi/nf-sm.c:279)
08/13 14:35:14.141: [sbi] WARNING: Couldn't resolve host name (6): Could not resolve host: scp (../lib/sbi/client.c:767)
08/13 14:35:14.141: [sbi] WARNING: ogs_sbi_client_handler() failed [-1] (../lib/sbi/path.c:62)
08/13 14:35:25.082: [sbi] WARNING: [a2c0328a-9719-41f1-bc1d-7b76e258d70f] Retry registration with NRF (../lib/sbi/nf-sm.c:279)
08/13 14:35:25.167: [sbi] WARNING: Couldn't resolve host name (6): Could not resolve host: scp (../lib/sbi/client.c:767)
08/13 14:35:25.167: [sbi] WARNING: ogs_sbi_client_handler() failed [-1] (../lib/sbi/path.c:62)
08/13 14:35:36.094: [sbi] WARNING: [a2c0328a-9719-41f1-bc1d-7b76e258d70f] Retry registration with NRF (../lib/sbi/nf-sm.c:279)
08/13 14:35:36.160: [sbi] WARNING: Couldn't resolve host name (6): Could not resolve host: scp (../lib/sbi/client.c:767)
08/13 14:35:36.160: [sbi] WARNING: ogs_sbi_client_handler() failed [-1] (../lib/sbi/path.c:62)
08/13 14:35:47.105: [sbi] WARNING: [a2c0328a-9719-41f1-bc1d-7b76e258d70f] Retry registration with NRF (../lib/sbi/nf-sm.c:279)
08/13 14:35:47.170: [sbi] WARNING: Couldn't resolve host name (6): Could not resolve host: scp (../lib/sbi/client.c:767)
08/13 14:35:47.170: [sbi] WARNING: ogs_sbi_client_handler() failed [-1] (../lib/sbi/path.c:62)
08/13 14:35:58.112: [sbi] WARNING: [a2c0328a-9719-41f1-bc1d-7b76e258d70f] Retry registration with NRF (../lib/sbi/nf-sm.c:279)
08/13 14:35:58.176: [sbi] WARNING: Couldn't resolve host name (6): Could not resolve host: scp (../lib/sbi/client.c:767)
08/13 14:35:58.176: [sbi] WARNING: ogs_sbi_client_handler() failed [-1] (../lib/sbi/path.c:62)
08/13 14:36:09.123: [sbi] WARNING: [a2c0328a-9719-41f1-bc1d-7b76e258d70f] Retry registration with NRF (../lib/sbi/nf-sm.c:279)
08/13 14:36:09.188: [sbi] WARNING: Couldn't resolve host name (6): Could not resolve host: scp (../lib/sbi/client.c:767)
08/13 14:36:09.188: [sbi] WARNING: ogs_sbi_client_handler() failed [-1] (../lib/sbi/path.c:62)
08/13 14:36:20.132: [sbi] WARNING: [a2c0328a-9719-41f1-bc1d-7b76e258d70f] Retry registration with NRF (../lib/sbi/nf-sm.c:279)
08/13 14:36:20.197: [sbi] WARNING: Couldn't resolve host name (6): Could not resolve host: scp (../lib/sbi/client.c:767)
08/13 14:36:20.197: [sbi] WARNING: ogs_sbi_client_handler() failed [-1] (../lib/sbi/path.c:62)
08/13 14:36:31.142: [sbi] WARNING: [a2c0328a-9719-41f1-bc1d-7b76e258d70f] Retry registration with NRF (../lib/sbi/nf-sm.c:279)
08/13 14:36:31.208: [sbi] WARNING: Couldn't resolve host name (6): Could not resolve host: scp (../lib/sbi/client.c:767)
08/13 14:36:31.208: [sbi] WARNING: ogs_sbi_client_handler() failed [-1] (../lib/sbi/path.c:62)
08/13 14:36:42.154: [sbi] WARNING: [a2c0328a-9719-41f1-bc1d-7b76e258d70f] Retry registration with NRF (../lib/sbi/nf-sm.c:279)
08/13 14:36:42.219: [sbi] WARNING: Couldn't resolve host name (6): Could not resolve host: scp (../lib/sbi/client.c:767)
08/13 14:36:42.219: [sbi] WARNING: ogs_sbi_client_handler() failed [-1] (../lib/sbi/path.c:62)
08/13 14:36:53.166: [sbi] WARNING: [a2c0328a-9719-41f1-bc1d-7b76e258d70f] Retry registration with NRF (../lib/sbi/nf-sm.c:279)
08/13 14:36:53.231: [sbi] WARNING: Couldn't resolve host name (6): Could not resolve host: scp (../lib/sbi/client.c:767)
08/13 14:36:53.231: [sbi] WARNING: ogs_sbi_client_handler() failed [-1] (../lib/sbi/path.c:62)
08/13 14:37:04.177: [sbi] WARNING: [a2c0328a-9719-41f1-bc1d-7b76e258d70f] Retry registration with NRF (../lib/sbi/nf-sm.c:279)
08/13 14:37:04.243: [sbi] WARNING: Couldn't resolve host name (6): Could not resolve host: scp (../lib/sbi/client.c:767)
08/13 14:37:04.243: [sbi] WARNING: ogs_sbi_client_handler() failed [-1] (../lib/sbi/path.c:62)
08/13 14:37:15.182: [sbi] WARNING: [a2c0328a-9719-41f1-bc1d-7b76e258d70f] Retry registration with NRF (../lib/sbi/nf-sm.c:279)
08/13 14:37:15.248: [sbi] WARNING: Couldn't resolve host name (6): Could not resolve host: scp (../lib/sbi/client.c:767)
08/13 14:37:15.248: [sbi] WARNING: ogs_sbi_client_handler() failed [-1] (../lib/sbi/path.c:62)
08/13 14:37:26.194: [sbi] WARNING: [a2c0328a-9719-41f1-bc1d-7b76e258d70f] Retry registration with NRF (../lib/sbi/nf-sm.c:279)
08/13 14:37:26.260: [sbi] WARNING: Couldn't resolve host name (6): Could not resolve host: scp (../lib/sbi/client.c:767)
08/13 14:37:26.260: [sbi] WARNING: ogs_sbi_client_handler() failed [-1] (../lib/sbi/path.c:62)
08/13 14:37:37.206: [sbi] WARNING: [a2c0328a-9719-41f1-bc1d-7b76e258d70f] Retry registration with NRF (../lib/sbi/nf-sm.c:279)
08/13 14:37:37.271: [sbi] WARNING: Couldn't resolve host name (6): Could not resolve host: scp (../lib/sbi/client.c:767)
08/13 14:37:37.271: [sbi] WARNING: ogs_sbi_client_handler() failed [-1] (../lib/sbi/path.c:62)
08/13 14:37:48.211: [sbi] WARNING: [a2c0328a-9719-41f1-bc1d-7b76e258d70f] Retry registration with NRF (../lib/sbi/nf-sm.c:279)
08/13 14:37:48.276: [sbi] WARNING: Couldn't resolve host name (6): Could not resolve host: scp (../lib/sbi/client.c:767)
08/13 14:37:48.276: [sbi] WARNING: ogs_sbi_client_handler() failed [-1] (../lib/sbi/path.c:62)
08/13 14:37:59.223: [sbi] WARNING: [a2c0328a-9719-41f1-bc1d-7b76e258d70f] Retry registration with NRF (../lib/sbi/nf-sm.c:279)
08/13 14:37:59.286: [sbi] WARNING: Couldn't resolve host name (6): Could not resolve host: scp (../lib/sbi/client.c:767)
08/13 14:37:59.286: [sbi] WARNING: ogs_sbi_client_handler() failed [-1] (../lib/sbi/path.c:62)
08/13 14:38:10.235: [sbi] WARNING: [a2c0328a-9719-41f1-bc1d-7b76e258d70f] Retry registration with NRF (../lib/sbi/nf-sm.c:279)
08/13 14:38:10.300: [sbi] WARNING: Couldn't resolve host name (6): Could not resolve host: scp (../lib/sbi/client.c:767)
08/13 14:38:10.300: [sbi] WARNING: ogs_sbi_client_handler() failed [-1] (../lib/sbi/path.c:62)
08/13 14:38:21.246: [sbi] WARNING: [a2c0328a-9719-41f1-bc1d-7b76e258d70f] Retry registration with NRF (../lib/sbi/nf-sm.c:279)
08/13 14:38:21.311: [sbi] WARNING: Couldn't resolve host name (6): Could not resolve host: scp (../lib/sbi/client.c:767)
08/13 14:38:21.311: [sbi] WARNING: ogs_sbi_client_handler() failed [-1] (../lib/sbi/path.c:62)
08/13 14:38:32.253: [sbi] WARNING: [a2c0328a-9719-41f1-bc1d-7b76e258d70f] Retry registration with NRF (../lib/sbi/nf-sm.c:279)
08/13 14:38:32.317: [sbi] WARNING: Couldn't resolve host name (6): Could not resolve host: scp (../lib/sbi/client.c:767)
08/13 14:38:32.317: [sbi] WARNING: ogs_sbi_client_handler() failed [-1] (../lib/sbi/path.c:62)
08/13 14:38:43.256: [sbi] WARNING: [a2c0328a-9719-41f1-bc1d-7b76e258d70f] Retry registration with NRF (../lib/sbi/nf-sm.c:279)
08/13 14:38:43.322: [sbi] WARNING: Couldn't resolve host name (6): Could not resolve host: scp (../lib/sbi/client.c:767)
08/13 14:38:43.322: [sbi] WARNING: ogs_sbi_client_handler() failed [-1] (../lib/sbi/path.c:62)
08/13 14:38:54.261: [sbi] WARNING: [a2c0328a-9719-41f1-bc1d-7b76e258d70f] Retry registration with NRF (../lib/sbi/nf-sm.c:279)
08/13 14:38:54.326: [sbi] WARNING: Couldn't resolve host name (6): Could not resolve host: scp (../lib/sbi/client.c:767)
08/13 14:38:54.326: [sbi] WARNING: ogs_sbi_client_handler() failed [-1] (../lib/sbi/path.c:62)
08/13 14:39:05.272: [sbi] WARNING: [a2c0328a-9719-41f1-bc1d-7b76e258d70f] Retry registration with NRF (../lib/sbi/nf-sm.c:279)
08/13 14:39:05.338: [sbi] WARNING: Couldn't resolve host name (6): Could not resolve host: scp (../lib/sbi/client.c:767)
08/13 14:39:05.338: [sbi] WARNING: ogs_sbi_client_handler() failed [-1] (../lib/sbi/path.c:62)
08/13 14:39:16.283: [sbi] WARNING: [a2c0328a-9719-41f1-bc1d-7b76e258d70f] Retry registration with NRF (../lib/sbi/nf-sm.c:279)
08/13 14:39:16.348: [sbi] WARNING: Couldn't resolve host name (6): Could not resolve host: scp (../lib/sbi/client.c:767)
08/13 14:39:16.348: [sbi] WARNING: ogs_sbi_client_handler() failed [-1] (../lib/sbi/path.c:62)
08/13 14:39:27.293: [sbi] WARNING: [a2c0328a-9719-41f1-bc1d-7b76e258d70f] Retry registration with NRF (../lib/sbi/nf-sm.c:279)
08/13 14:39:27.358: [sbi] WARNING: Couldn't resolve host name (6): Could not resolve host: scp (../lib/sbi/client.c:767)
08/13 14:39:27.358: [sbi] WARNING: ogs_sbi_client_handler() failed [-1] (../lib/sbi/path.c:62)
08/13 14:39:38.303: [sbi] WARNING: [a2c0328a-9719-41f1-bc1d-7b76e258d70f] Retry registration with NRF (../lib/sbi/nf-sm.c:279)
08/13 14:39:38.369: [sbi] WARNING: Couldn't resolve host name (6): Could not resolve host: scp (../lib/sbi/client.c:767)
08/13 14:39:38.369: [sbi] WARNING: ogs_sbi_client_handler() failed [-1] (../lib/sbi/path.c:62)
08/13 14:39:49.314: [sbi] WARNING: [a2c0328a-9719-41f1-bc1d-7b76e258d70f] Retry registration with NRF (../lib/sbi/nf-sm.c:279)
08/13 14:39:49.377: [sbi] WARNING: Couldn't resolve host name (6): Could not resolve host: scp (../lib/sbi/client.c:767)
08/13 14:39:49.377: [sbi] WARNING: ogs_sbi_client_handler() failed [-1] (../lib/sbi/path.c:62)
08/13 14:40:00.321: [sbi] WARNING: [a2c0328a-9719-41f1-bc1d-7b76e258d70f] Retry registration with NRF (../lib/sbi/nf-sm.c:279)
08/13 14:40:00.387: [sbi] WARNING: Couldn't resolve host name (6): Could not resolve host: scp (../lib/sbi/client.c:767)
08/13 14:40:00.387: [sbi] WARNING: ogs_sbi_client_handler() failed [-1] (../lib/sbi/path.c:62)
08/13 14:40:11.332: [sbi] WARNING: [a2c0328a-9719-41f1-bc1d-7b76e258d70f] Retry registration with NRF (../lib/sbi/nf-sm.c:279)
08/13 14:40:11.397: [sbi] WARNING: Couldn't resolve host name (6): Could not resolve host: scp (../lib/sbi/client.c:767)
08/13 14:40:11.397: [sbi] WARNING: ogs_sbi_client_handler() failed [-1] (../lib/sbi/path.c:62)
08/13 14:40:22.338: [sbi] WARNING: [a2c0328a-9719-41f1-bc1d-7b76e258d70f] Retry registration with NRF (../lib/sbi/nf-sm.c:279)
08/13 14:40:22.405: [sbi] WARNING: Couldn't resolve host name (6): Could not resolve host: scp (../lib/sbi/client.c:767)
08/13 14:40:22.405: [sbi] WARNING: ogs_sbi_client_handler() failed [-1] (../lib/sbi/path.c:62)
08/13 14:40:33.343: [sbi] WARNING: [a2c0328a-9719-41f1-bc1d-7b76e258d70f] Retry registration with NRF (../lib/sbi/nf-sm.c:279)
08/13 14:40:33.407: [sbi] WARNING: Couldn't resolve host name (6): Could not resolve host: scp (../lib/sbi/client.c:767)
08/13 14:40:33.407: [sbi] WARNING: ogs_sbi_client_handler() failed [-1] (../lib/sbi/path.c:62)
08/13 14:40:44.345: [sbi] WARNING: [a2c0328a-9719-41f1-bc1d-7b76e258d70f] Retry registration with NRF (../lib/sbi/nf-sm.c:279)
08/13 14:40:44.411: [sbi] WARNING: Couldn't resolve host name (6): Could not resolve host: scp (../lib/sbi/client.c:767)
08/13 14:40:44.411: [sbi] WARNING: ogs_sbi_client_handler() failed [-1] (../lib/sbi/path.c:62)
08/13 14:40:55.352: [sbi] WARNING: [a2c0328a-9719-41f1-bc1d-7b76e258d70f] Retry registration with NRF (../lib/sbi/nf-sm.c:279)
08/13 14:40:55.418: [sbi] WARNING: Couldn't resolve host name (6): Could not resolve host: scp (../lib/sbi/client.c:767)
08/13 14:40:55.418: [sbi] WARNING: ogs_sbi_client_handler() failed [-1] (../lib/sbi/path.c:62)
08/13 14:41:06.362: [sbi] WARNING: [a2c0328a-9719-41f1-bc1d-7b76e258d70f] Retry registration with NRF (../lib/sbi/nf-sm.c:279)
08/13 14:41:06.425: [sbi] WARNING: Couldn't resolve host name (6): Could not resolve host: scp (../lib/sbi/client.c:767)
08/13 14:41:06.425: [sbi] WARNING: ogs_sbi_client_handler() failed [-1] (../lib/sbi/path.c:62)
08/13 14:41:17.372: [sbi] WARNING: [a2c0328a-9719-41f1-bc1d-7b76e258d70f] Retry registration with NRF (../lib/sbi/nf-sm.c:279)
08/13 14:41:17.436: [sbi] WARNING: Couldn't resolve host name (6): Could not resolve host: scp (../lib/sbi/client.c:767)
08/13 14:41:17.436: [sbi] WARNING: ogs_sbi_client_handler() failed [-1] (../lib/sbi/path.c:62)
08/13 14:41:28.379: [sbi] WARNING: [a2c0328a-9719-41f1-bc1d-7b76e258d70f] Retry registration with NRF (../lib/sbi/nf-sm.c:279)
08/13 14:41:28.444: [sbi] WARNING: Couldn't resolve host name (6): Could not resolve host: scp (../lib/sbi/client.c:767)
08/13 14:41:28.444: [sbi] WARNING: ogs_sbi_client_handler() failed [-1] (../lib/sbi/path.c:62)
08/13 14:41:39.391: [sbi] WARNING: [a2c0328a-9719-41f1-bc1d-7b76e258d70f] Retry registration with NRF (../lib/sbi/nf-sm.c:279)
08/13 14:41:39.455: [sbi] WARNING: Couldn't resolve host name (6): Could not resolve host: scp (../lib/sbi/client.c:767)
08/13 14:41:39.455: [sbi] WARNING: ogs_sbi_client_handler() failed [-1] (../lib/sbi/path.c:62)
08/13 14:41:50.402: [sbi] WARNING: [a2c0328a-9719-41f1-bc1d-7b76e258d70f] Retry registration with NRF (../lib/sbi/nf-sm.c:279)
08/13 14:41:50.467: [sbi] WARNING: Couldn't resolve host name (6): Could not resolve host: scp (../lib/sbi/client.c:767)
08/13 14:41:50.467: [sbi] WARNING: ogs_sbi_client_handler() failed [-1] (../lib/sbi/path.c:62)
08/13 14:42:01.411: [sbi] WARNING: [a2c0328a-9719-41f1-bc1d-7b76e258d70f] Retry registration with NRF (../lib/sbi/nf-sm.c:279)
08/13 14:42:01.476: [sbi] WARNING: Couldn't resolve host name (6): Could not resolve host: scp (../lib/sbi/client.c:767)
08/13 14:42:01.476: [sbi] WARNING: ogs_sbi_client_handler() failed [-1] (../lib/sbi/path.c:62)
08/13 14:42:12.422: [sbi] WARNING: [a2c0328a-9719-41f1-bc1d-7b76e258d70f] Retry registration with NRF (../lib/sbi/nf-sm.c:279)
08/13 14:42:12.487: [sbi] WARNING: Couldn't resolve host name (6): Could not resolve host: scp (../lib/sbi/client.c:767)
08/13 14:42:12.487: [sbi] WARNING: ogs_sbi_client_handler() failed [-1] (../lib/sbi/path.c:62)
08/13 14:42:23.434: [sbi] WARNING: [a2c0328a-9719-41f1-bc1d-7b76e258d70f] Retry registration with NRF (../lib/sbi/nf-sm.c:279)
08/13 14:42:23.498: [sbi] WARNING: Couldn't resolve host name (6): Could not resolve host: scp (../lib/sbi/client.c:767)
08/13 14:42:23.498: [sbi] WARNING: ogs_sbi_client_handler() failed [-1] (../lib/sbi/path.c:62)
08/13 14:42:34.444: [sbi] WARNING: [a2c0328a-9719-41f1-bc1d-7b76e258d70f] Retry registration with NRF (../lib/sbi/nf-sm.c:279)
08/13 14:42:34.510: [sbi] WARNING: Couldn't resolve host name (6): Could not resolve host: scp (../lib/sbi/client.c:767)
08/13 14:42:34.511: [sbi] WARNING: ogs_sbi_client_handler() failed [-1] (../lib/sbi/path.c:62)
08/13 14:42:45.456: [sbi] WARNING: [a2c0328a-9719-41f1-bc1d-7b76e258d70f] Retry registration with NRF (../lib/sbi/nf-sm.c:279)
08/13 14:42:45.519: [sbi] WARNING: Couldn't resolve host name (6): Could not resolve host: scp (../lib/sbi/client.c:767)
08/13 14:42:45.519: [sbi] WARNING: ogs_sbi_client_handler() failed [-1] (../lib/sbi/path.c:62)
08/13 14:42:56.467: [sbi] WARNING: [a2c0328a-9719-41f1-bc1d-7b76e258d70f] Retry registration with NRF (../lib/sbi/nf-sm.c:279)
08/13 14:42:56.532: [sbi] WARNING: Couldn't resolve host name (6): Could not resolve host: scp (../lib/sbi/client.c:767)
08/13 14:42:56.532: [sbi] WARNING: ogs_sbi_client_handler() failed [-1] (../lib/sbi/path.c:62)
08/13 14:43:07.472: [sbi] WARNING: [a2c0328a-9719-41f1-bc1d-7b76e258d70f] Retry registration with NRF (../lib/sbi/nf-sm.c:279)
08/13 14:43:07.537: [sbi] WARNING: Couldn't resolve host name (6): Could not resolve host: scp (../lib/sbi/client.c:767)
08/13 14:43:07.538: [sbi] WARNING: ogs_sbi_client_handler() failed [-1] (../lib/sbi/path.c:62)
08/13 14:43:18.475: [sbi] WARNING: [a2c0328a-9719-41f1-bc1d-7b76e258d70f] Retry registration with NRF (../lib/sbi/nf-sm.c:279)
08/13 14:43:18.540: [sbi] WARNING: Couldn't resolve host name (6): Could not resolve host: scp (../lib/sbi/client.c:767)
08/13 14:43:18.540: [sbi] WARNING: ogs_sbi_client_handler() failed [-1] (../lib/sbi/path.c:62)
08/13 14:43:29.478: [sbi] WARNING: [a2c0328a-9719-41f1-bc1d-7b76e258d70f] Retry registration with NRF (../lib/sbi/nf-sm.c:279)
08/13 14:43:29.543: [sbi] WARNING: Couldn't resolve host name (6): Could not resolve host: scp (../lib/sbi/client.c:767)
08/13 14:43:29.544: [sbi] WARNING: ogs_sbi_client_handler() failed [-1] (../lib/sbi/path.c:62)
08/13 14:43:40.486: [sbi] WARNING: [a2c0328a-9719-41f1-bc1d-7b76e258d70f] Retry registration with NRF (../lib/sbi/nf-sm.c:279)
08/13 14:43:40.551: [sbi] WARNING: Couldn't resolve host name (6): Could not resolve host: scp (../lib/sbi/client.c:767)
08/13 14:43:40.551: [sbi] WARNING: ogs_sbi_client_handler() failed [-1] (../lib/sbi/path.c:62)
08/13 14:43:51.498: [sbi] WARNING: [a2c0328a-9719-41f1-bc1d-7b76e258d70f] Retry registration with NRF (../lib/sbi/nf-sm.c:279)
08/13 14:43:51.563: [sbi] WARNING: Couldn't resolve host name (6): Could not resolve host: scp (../lib/sbi/client.c:767)
08/13 14:43:51.563: [sbi] WARNING: ogs_sbi_client_handler() failed [-1] (../lib/sbi/path.c:62)
08/13 14:44:02.504: [sbi] WARNING: [a2c0328a-9719-41f1-bc1d-7b76e258d70f] Retry registration with NRF (../lib/sbi/nf-sm.c:279)
08/13 14:44:05.370: [sbi] WARNING: Couldn't resolve host name (6): Could not resolve host: scp (../lib/sbi/client.c:767)
08/13 14:44:05.370: [sbi] WARNING: ogs_sbi_client_handler() failed [-1] (../lib/sbi/path.c:62)
08/13 14:44:13.513: [sbi] WARNING: [a2c0328a-9719-41f1-bc1d-7b76e258d70f] Retry registration with NRF (../lib/sbi/nf-sm.c:279)
08/13 14:44:13.578: [sbi] WARNING: Couldn't resolve host name (6): Could not resolve host: scp (../lib/sbi/client.c:767)
08/13 14:44:13.578: [sbi] WARNING: ogs_sbi_client_handler() failed [-1] (../lib/sbi/path.c:62)
08/13 14:44:24.523: [sbi] WARNING: [a2c0328a-9719-41f1-bc1d-7b76e258d70f] Retry registration with NRF (../lib/sbi/nf-sm.c:279)
08/13 14:44:24.587: [sbi] WARNING: Couldn't resolve host name (6): Could not resolve host: scp (../lib/sbi/client.c:767)
08/13 14:44:24.587: [sbi] WARNING: ogs_sbi_client_handler() failed [-1] (../lib/sbi/path.c:62)
08/13 14:44:35.530: [sbi] WARNING: [a2c0328a-9719-41f1-bc1d-7b76e258d70f] Retry registration with NRF (../lib/sbi/nf-sm.c:279)
08/13 14:44:35.595: [sbi] WARNING: Couldn't resolve host name (6): Could not resolve host: scp (../lib/sbi/client.c:767)
08/13 14:44:35.595: [sbi] WARNING: ogs_sbi_client_handler() failed [-1] (../lib/sbi/path.c:62)
08/13 14:44:46.539: [sbi] WARNING: [a2c0328a-9719-41f1-bc1d-7b76e258d70f] Retry registration with NRF (../lib/sbi/nf-sm.c:279)
08/13 14:44:46.605: [sbi] WARNING: Couldn't resolve host name (6): Could not resolve host: scp (../lib/sbi/client.c:767)
08/13 14:44:46.605: [sbi] WARNING: ogs_sbi_client_handler() failed [-1] (../lib/sbi/path.c:62)
08/13 14:44:57.547: [sbi] WARNING: [a2c0328a-9719-41f1-bc1d-7b76e258d70f] Retry registration with NRF (../lib/sbi/nf-sm.c:279)
08/13 14:44:57.631: [sbi] WARNING: Couldn't resolve host name (6): Could not resolve host: scp (../lib/sbi/client.c:767)
08/13 14:44:57.631: [sbi] WARNING: ogs_sbi_client_handler() failed [-1] (../lib/sbi/path.c:62)
08/13 14:45:08.558: [sbi] WARNING: [a2c0328a-9719-41f1-bc1d-7b76e258d70f] Retry registration with NRF (../lib/sbi/nf-sm.c:279)
08/13 14:45:08.623: [sbi] WARNING: Couldn't resolve host name (6): Could not resolve host: scp (../lib/sbi/client.c:767)
08/13 14:45:08.623: [sbi] WARNING: ogs_sbi_client_handler() failed [-1] (../lib/sbi/path.c:62)
08/13 14:45:19.564: [sbi] WARNING: [a2c0328a-9719-41f1-bc1d-7b76e258d70f] Retry registration with NRF (../lib/sbi/nf-sm.c:279)
08/13 14:45:19.630: [sbi] WARNING: Couldn't resolve host name (6): Could not resolve host: scp (../lib/sbi/client.c:767)
08/13 14:45:19.630: [sbi] WARNING: ogs_sbi_client_handler() failed [-1] (../lib/sbi/path.c:62)
08/13 14:45:30.569: [sbi] WARNING: [a2c0328a-9719-41f1-bc1d-7b76e258d70f] Retry registration with NRF (../lib/sbi/nf-sm.c:279)
08/13 14:45:30.634: [sbi] WARNING: Couldn't resolve host name (6): Could not resolve host: scp (../lib/sbi/client.c:767)
08/13 14:45:30.634: [sbi] WARNING: ogs_sbi_client_handler() failed [-1] (../lib/sbi/path.c:62)
08/13 14:45:41.581: [sbi] WARNING: [a2c0328a-9719-41f1-bc1d-7b76e258d70f] Retry registration with NRF (../lib/sbi/nf-sm.c:279)
08/13 14:45:41.645: [sbi] WARNING: Couldn't resolve host name (6): Could not resolve host: scp (../lib/sbi/client.c:767)
08/13 14:45:41.645: [sbi] WARNING: ogs_sbi_client_handler() failed [-1] (../lib/sbi/path.c:62)
08/13 14:45:52.592: [sbi] WARNING: [a2c0328a-9719-41f1-bc1d-7b76e258d70f] Retry registration with NRF (../lib/sbi/nf-sm.c:279)
08/13 14:45:52.658: [sbi] WARNING: Couldn't resolve host name (6): Could not resolve host: scp (../lib/sbi/client.c:767)
08/13 14:45:52.658: [sbi] WARNING: ogs_sbi_client_handler() failed [-1] (../lib/sbi/path.c:62)
08/13 14:46:03.596: [sbi] WARNING: [a2c0328a-9719-41f1-bc1d-7b76e258d70f] Retry registration with NRF (../lib/sbi/nf-sm.c:279)
08/13 14:46:03.663: [sbi] WARNING: Couldn't resolve host name (6): Could not resolve host: scp (../lib/sbi/client.c:767)
08/13 14:46:03.663: [sbi] WARNING: ogs_sbi_client_handler() failed [-1] (../lib/sbi/path.c:62)
08/13 14:46:14.603: [sbi] WARNING: [a2c0328a-9719-41f1-bc1d-7b76e258d70f] Retry registration with NRF (../lib/sbi/nf-sm.c:279)
08/13 14:46:14.669: [sbi] WARNING: Couldn't resolve host name (6): Could not resolve host: scp (../lib/sbi/client.c:767)
08/13 14:46:14.669: [sbi] WARNING: ogs_sbi_client_handler() failed [-1] (../lib/sbi/path.c:62)
08/13 14:46:25.606: [sbi] WARNING: [a2c0328a-9719-41f1-bc1d-7b76e258d70f] Retry registration with NRF (../lib/sbi/nf-sm.c:279)
08/13 14:46:25.671: [sbi] WARNING: Couldn't resolve host name (6): Could not resolve host: scp (../lib/sbi/client.c:767)
08/13 14:46:25.671: [sbi] WARNING: ogs_sbi_client_handler() failed [-1] (../lib/sbi/path.c:62)
08/13 14:46:36.614: [sbi] WARNING: [a2c0328a-9719-41f1-bc1d-7b76e258d70f] Retry registration with NRF (../lib/sbi/nf-sm.c:279)
08/13 14:46:36.679: [sbi] WARNING: Couldn't resolve host name (6): Could not resolve host: scp (../lib/sbi/client.c:767)
08/13 14:46:36.679: [sbi] WARNING: ogs_sbi_client_handler() failed [-1] (../lib/sbi/path.c:62)
08/13 14:46:47.622: [sbi] WARNING: [a2c0328a-9719-41f1-bc1d-7b76e258d70f] Retry registration with NRF (../lib/sbi/nf-sm.c:279)
08/13 14:46:47.687: [sbi] WARNING: Couldn't resolve host name (6): Could not resolve host: scp (../lib/sbi/client.c:767)
08/13 14:46:47.687: [sbi] WARNING: ogs_sbi_client_handler() failed [-1] (../lib/sbi/path.c:62)
08/13 14:46:58.629: [sbi] WARNING: [a2c0328a-9719-41f1-bc1d-7b76e258d70f] Retry registration with NRF (../lib/sbi/nf-sm.c:279)
08/13 14:46:58.694: [sbi] WARNING: Couldn't resolve host name (6): Could not resolve host: scp (../lib/sbi/client.c:767)
08/13 14:46:58.694: [sbi] WARNING: ogs_sbi_client_handler() failed [-1] (../lib/sbi/path.c:62)
08/13 14:47:09.635: [sbi] WARNING: [a2c0328a-9719-41f1-bc1d-7b76e258d70f] Retry registration with NRF (../lib/sbi/nf-sm.c:279)
08/13 14:47:09.699: [sbi] WARNING: Couldn't resolve host name (6): Could not resolve host: scp (../lib/sbi/client.c:767)
08/13 14:47:09.699: [sbi] WARNING: ogs_sbi_client_handler() failed [-1] (../lib/sbi/path.c:62)
08/13 14:47:20.643: [sbi] WARNING: [a2c0328a-9719-41f1-bc1d-7b76e258d70f] Retry registration with NRF (../lib/sbi/nf-sm.c:279)
08/13 14:47:20.708: [sbi] WARNING: Couldn't resolve host name (6): Could not resolve host: scp (../lib/sbi/client.c:767)
08/13 14:47:20.708: [sbi] WARNING: ogs_sbi_client_handler() failed [-1] (../lib/sbi/path.c:62)
08/13 14:47:31.652: [sbi] WARNING: [a2c0328a-9719-41f1-bc1d-7b76e258d70f] Retry registration with NRF (../lib/sbi/nf-sm.c:279)
08/13 14:47:31.717: [sbi] WARNING: Couldn't resolve host name (6): Could not resolve host: scp (../lib/sbi/client.c:767)
08/13 14:47:31.718: [sbi] WARNING: ogs_sbi_client_handler() failed [-1] (../lib/sbi/path.c:62)
08/13 14:47:42.663: [sbi] WARNING: [a2c0328a-9719-41f1-bc1d-7b76e258d70f] Retry registration with NRF (../lib/sbi/nf-sm.c:279)
08/13 14:47:42.728: [sbi] WARNING: Couldn't resolve host name (6): Could not resolve host: scp (../lib/sbi/client.c:767)
08/13 14:47:42.728: [sbi] WARNING: ogs_sbi_client_handler() failed [-1] (../lib/sbi/path.c:62)
08/13 14:47:53.674: [sbi] WARNING: [a2c0328a-9719-41f1-bc1d-7b76e258d70f] Retry registration with NRF (../lib/sbi/nf-sm.c:279)
08/13 14:47:53.738: [sbi] WARNING: Couldn't resolve host name (6): Could not resolve host: scp (../lib/sbi/client.c:767)
08/13 14:47:53.738: [sbi] WARNING: ogs_sbi_client_handler() failed [-1] (../lib/sbi/path.c:62)
08/13 14:48:04.677: [sbi] WARNING: [a2c0328a-9719-41f1-bc1d-7b76e258d70f] Retry registration with NRF (../lib/sbi/nf-sm.c:279)
08/13 14:48:04.742: [sbi] WARNING: Couldn't resolve host name (6): Could not resolve host: scp (../lib/sbi/client.c:767)
08/13 14:48:04.742: [sbi] WARNING: ogs_sbi_client_handler() failed [-1] (../lib/sbi/path.c:62)
08/13 14:48:15.681: [sbi] WARNING: [a2c0328a-9719-41f1-bc1d-7b76e258d70f] Retry registration with NRF (../lib/sbi/nf-sm.c:279)
08/13 14:48:15.746: [sbi] WARNING: Couldn't resolve host name (6): Could not resolve host: scp (../lib/sbi/client.c:767)
08/13 14:48:15.746: [sbi] WARNING: ogs_sbi_client_handler() failed [-1] (../lib/sbi/path.c:62)
08/13 14:48:26.692: [sbi] WARNING: [a2c0328a-9719-41f1-bc1d-7b76e258d70f] Retry registration with NRF (../lib/sbi/nf-sm.c:279)
08/13 14:48:26.756: [sbi] WARNING: Couldn't resolve host name (6): Could not resolve host: scp (../lib/sbi/client.c:767)
08/13 14:48:26.756: [sbi] WARNING: ogs_sbi_client_handler() failed [-1] (../lib/sbi/path.c:62)
08/13 14:48:37.694: [sbi] WARNING: [a2c0328a-9719-41f1-bc1d-7b76e258d70f] Retry registration with NRF (../lib/sbi/nf-sm.c:279)
08/13 14:48:37.760: [sbi] WARNING: Couldn't resolve host name (6): Could not resolve host: scp (../lib/sbi/client.c:767)
08/13 14:48:37.760: [sbi] WARNING: ogs_sbi_client_handler() failed [-1] (../lib/sbi/path.c:62)
08/13 14:48:48.706: [sbi] WARNING: [a2c0328a-9719-41f1-bc1d-7b76e258d70f] Retry registration with NRF (../lib/sbi/nf-sm.c:279)
08/13 14:48:48.772: [sbi] WARNING: Couldn't resolve host name (6): Could not resolve host: scp (../lib/sbi/client.c:767)
08/13 14:48:48.772: [sbi] WARNING: ogs_sbi_client_handler() failed [-1] (../lib/sbi/path.c:62)
08/13 14:48:59.716: [sbi] WARNING: [a2c0328a-9719-41f1-bc1d-7b76e258d70f] Retry registration with NRF (../lib/sbi/nf-sm.c:279)
08/13 14:48:59.781: [sbi] WARNING: Couldn't resolve host name (6): Could not resolve host: scp (../lib/sbi/client.c:767)
08/13 14:48:59.781: [sbi] WARNING: ogs_sbi_client_handler() failed [-1] (../lib/sbi/path.c:62)
08/13 14:49:10.728: [sbi] WARNING: [a2c0328a-9719-41f1-bc1d-7b76e258d70f] Retry registration with NRF (../lib/sbi/nf-sm.c:279)
08/13 14:49:10.793: [sbi] WARNING: Couldn't resolve host name (6): Could not resolve host: scp (../lib/sbi/client.c:767)
08/13 14:49:10.794: [sbi] WARNING: ogs_sbi_client_handler() failed [-1] (../lib/sbi/path.c:62)
08/13 14:49:21.735: [sbi] WARNING: [a2c0328a-9719-41f1-bc1d-7b76e258d70f] Retry registration with NRF (../lib/sbi/nf-sm.c:279)
08/13 14:49:21.800: [sbi] WARNING: Couldn't resolve host name (6): Could not resolve host: scp (../lib/sbi/client.c:767)
08/13 14:49:21.800: [sbi] WARNING: ogs_sbi_client_handler() failed [-1] (../lib/sbi/path.c:62)
08/13 14:49:32.736: [sbi] WARNING: [a2c0328a-9719-41f1-bc1d-7b76e258d70f] Retry registration with NRF (../lib/sbi/nf-sm.c:279)
08/13 14:49:32.801: [sbi] WARNING: Couldn't resolve host name (6): Could not resolve host: scp (../lib/sbi/client.c:767)
08/13 14:49:32.801: [sbi] WARNING: ogs_sbi_client_handler() failed [-1] (../lib/sbi/path.c:62)
08/13 14:49:43.747: [sbi] WARNING: [a2c0328a-9719-41f1-bc1d-7b76e258d70f] Retry registration with NRF (../lib/sbi/nf-sm.c:279)
08/13 14:49:43.813: [sbi] WARNING: Couldn't resolve host name (6): Could not resolve host: scp (../lib/sbi/client.c:767)
08/13 14:49:43.813: [sbi] WARNING: ogs_sbi_client_handler() failed [-1] (../lib/sbi/path.c:62)
08/13 14:49:54.752: [sbi] WARNING: [a2c0328a-9719-41f1-bc1d-7b76e258d70f] Retry registration with NRF (../lib/sbi/nf-sm.c:279)
08/13 14:49:54.817: [sbi] WARNING: Couldn't resolve host name (6): Could not resolve host: scp (../lib/sbi/client.c:767)
08/13 14:49:54.817: [sbi] WARNING: ogs_sbi_client_handler() failed [-1] (../lib/sbi/path.c:62)
08/13 14:50:05.763: [sbi] WARNING: [a2c0328a-9719-41f1-bc1d-7b76e258d70f] Retry registration with NRF (../lib/sbi/nf-sm.c:279)
08/13 14:50:05.830: [sbi] WARNING: Couldn't resolve host name (6): Could not resolve host: scp (../lib/sbi/client.c:767)
08/13 14:50:05.830: [sbi] WARNING: ogs_sbi_client_handler() failed [-1] (../lib/sbi/path.c:62)
08/13 14:50:16.771: [sbi] WARNING: [a2c0328a-9719-41f1-bc1d-7b76e258d70f] Retry registration with NRF (../lib/sbi/nf-sm.c:279)
08/13 14:50:16.835: [sbi] WARNING: Couldn't resolve host name (6): Could not resolve host: scp (../lib/sbi/client.c:767)
08/13 14:50:16.835: [sbi] WARNING: ogs_sbi_client_handler() failed [-1] (../lib/sbi/path.c:62)
08/13 14:50:27.782: [sbi] WARNING: [a2c0328a-9719-41f1-bc1d-7b76e258d70f] Retry registration with NRF (../lib/sbi/nf-sm.c:279)
08/13 14:50:27.848: [sbi] WARNING: Couldn't resolve host name (6): Could not resolve host: scp (../lib/sbi/client.c:767)
08/13 14:50:27.848: [sbi] WARNING: ogs_sbi_client_handler() failed [-1] (../lib/sbi/path.c:62)
08/13 14:50:38.787: [sbi] WARNING: [a2c0328a-9719-41f1-bc1d-7b76e258d70f] Retry registration with NRF (../lib/sbi/nf-sm.c:279)
08/13 14:50:38.852: [sbi] WARNING: Couldn't resolve host name (6): Could not resolve host: scp (../lib/sbi/client.c:767)
08/13 14:50:38.852: [sbi] WARNING: ogs_sbi_client_handler() failed [-1] (../lib/sbi/path.c:62)
08/13 14:50:49.798: [sbi] WARNING: [a2c0328a-9719-41f1-bc1d-7b76e258d70f] Retry registration with NRF (../lib/sbi/nf-sm.c:279)
08/13 14:50:49.864: [sbi] WARNING: Couldn't resolve host name (6): Could not resolve host: scp (../lib/sbi/client.c:767)
08/13 14:50:49.864: [sbi] WARNING: ogs_sbi_client_handler() failed [-1] (../lib/sbi/path.c:62)
08/13 14:51:00.810: [sbi] WARNING: [a2c0328a-9719-41f1-bc1d-7b76e258d70f] Retry registration with NRF (../lib/sbi/nf-sm.c:279)
08/13 14:51:00.875: [sbi] WARNING: Couldn't resolve host name (6): Could not resolve host: scp (../lib/sbi/client.c:767)
08/13 14:51:00.875: [sbi] WARNING: ogs_sbi_client_handler() failed [-1] (../lib/sbi/path.c:62)
08/13 14:51:11.822: [sbi] WARNING: [a2c0328a-9719-41f1-bc1d-7b76e258d70f] Retry registration with NRF (../lib/sbi/nf-sm.c:279)
08/13 14:51:11.886: [sbi] WARNING: Couldn't resolve host name (6): Could not resolve host: scp (../lib/sbi/client.c:767)
08/13 14:51:11.886: [sbi] WARNING: ogs_sbi_client_handler() failed [-1] (../lib/sbi/path.c:62)
08/13 14:51:22.826: [sbi] WARNING: [a2c0328a-9719-41f1-bc1d-7b76e258d70f] Retry registration with NRF (../lib/sbi/nf-sm.c:279)
08/13 14:51:22.892: [sbi] WARNING: Couldn't resolve host name (6): Could not resolve host: scp (../lib/sbi/client.c:767)
08/13 14:51:22.892: [sbi] WARNING: ogs_sbi_client_handler() failed [-1] (../lib/sbi/path.c:62)
08/13 14:51:33.837: [sbi] WARNING: [a2c0328a-9719-41f1-bc1d-7b76e258d70f] Retry registration with NRF (../lib/sbi/nf-sm.c:279)
08/13 14:51:33.902: [sbi] WARNING: Couldn't resolve host name (6): Could not resolve host: scp (../lib/sbi/client.c:767)
08/13 14:51:33.902: [sbi] WARNING: ogs_sbi_client_handler() failed [-1] (../lib/sbi/path.c:62)
08/13 14:51:44.839: [sbi] WARNING: [a2c0328a-9719-41f1-bc1d-7b76e258d70f] Retry registration with NRF (../lib/sbi/nf-sm.c:279)
08/13 14:51:44.905: [sbi] WARNING: Couldn't resolve host name (6): Could not resolve host: scp (../lib/sbi/client.c:767)
08/13 14:51:44.905: [sbi] WARNING: ogs_sbi_client_handler() failed [-1] (../lib/sbi/path.c:62)
08/13 14:51:55.850: [sbi] WARNING: [a2c0328a-9719-41f1-bc1d-7b76e258d70f] Retry registration with NRF (../lib/sbi/nf-sm.c:279)
08/13 14:51:55.914: [sbi] WARNING: Couldn't resolve host name (6): Could not resolve host: scp (../lib/sbi/client.c:767)
08/13 14:51:55.914: [sbi] WARNING: ogs_sbi_client_handler() failed [-1] (../lib/sbi/path.c:62)
08/13 14:52:06.860: [sbi] WARNING: [a2c0328a-9719-41f1-bc1d-7b76e258d70f] Retry registration with NRF (../lib/sbi/nf-sm.c:279)
08/13 14:52:06.924: [sbi] WARNING: Couldn't resolve host name (6): Could not resolve host: scp (../lib/sbi/client.c:767)
08/13 14:52:06.924: [sbi] WARNING: ogs_sbi_client_handler() failed [-1] (../lib/sbi/path.c:62)
08/13 14:52:17.871: [sbi] WARNING: [a2c0328a-9719-41f1-bc1d-7b76e258d70f] Retry registration with NRF (../lib/sbi/nf-sm.c:279)
08/13 14:52:17.936: [sbi] WARNING: Couldn't resolve host name (6): Could not resolve host: scp (../lib/sbi/client.c:767)
08/13 14:52:17.936: [sbi] WARNING: ogs_sbi_client_handler() failed [-1] (../lib/sbi/path.c:62)
08/13 14:52:28.874: [sbi] WARNING: [a2c0328a-9719-41f1-bc1d-7b76e258d70f] Retry registration with NRF (../lib/sbi/nf-sm.c:279)
08/13 14:52:28.941: [sbi] WARNING: Couldn't resolve host name (6): Could not resolve host: scp (../lib/sbi/client.c:767)
08/13 14:52:28.941: [sbi] WARNING: ogs_sbi_client_handler() failed [-1] (../lib/sbi/path.c:62)
08/13 14:52:39.885: [sbi] WARNING: [a2c0328a-9719-41f1-bc1d-7b76e258d70f] Retry registration with NRF (../lib/sbi/nf-sm.c:279)
08/13 14:52:39.951: [sbi] WARNING: Couldn't resolve host name (6): Could not resolve host: scp (../lib/sbi/client.c:767)
08/13 14:52:39.951: [sbi] WARNING: ogs_sbi_client_handler() failed [-1] (../lib/sbi/path.c:62)
08/13 14:52:50.889: [sbi] WARNING: [a2c0328a-9719-41f1-bc1d-7b76e258d70f] Retry registration with NRF (../lib/sbi/nf-sm.c:279)
08/13 14:52:50.954: [sbi] WARNING: Couldn't resolve host name (6): Could not resolve host: scp (../lib/sbi/client.c:767)
08/13 14:52:50.954: [sbi] WARNING: ogs_sbi_client_handler() failed [-1] (../lib/sbi/path.c:62)
08/13 14:53:01.897: [sbi] WARNING: [a2c0328a-9719-41f1-bc1d-7b76e258d70f] Retry registration with NRF (../lib/sbi/nf-sm.c:279)
08/13 14:53:01.962: [sbi] WARNING: Couldn't resolve host name (6): Could not resolve host: scp (../lib/sbi/client.c:767)
08/13 14:53:01.962: [sbi] WARNING: ogs_sbi_client_handler() failed [-1] (../lib/sbi/path.c:62)
08/13 14:53:12.905: [sbi] WARNING: [a2c0328a-9719-41f1-bc1d-7b76e258d70f] Retry registration with NRF (../lib/sbi/nf-sm.c:279)
08/13 14:53:12.970: [sbi] WARNING: Couldn't resolve host name (6): Could not resolve host: scp (../lib/sbi/client.c:767)
08/13 14:53:12.970: [sbi] WARNING: ogs_sbi_client_handler() failed [-1] (../lib/sbi/path.c:62)
08/13 14:53:23.917: [sbi] WARNING: [a2c0328a-9719-41f1-bc1d-7b76e258d70f] Retry registration with NRF (../lib/sbi/nf-sm.c:279)
08/13 14:53:23.982: [sbi] WARNING: Couldn't resolve host name (6): Could not resolve host: scp (../lib/sbi/client.c:767)
08/13 14:53:23.982: [sbi] WARNING: ogs_sbi_client_handler() failed [-1] (../lib/sbi/path.c:62)
08/13 14:53:34.927: [sbi] WARNING: [a2c0328a-9719-41f1-bc1d-7b76e258d70f] Retry registration with NRF (../lib/sbi/nf-sm.c:279)
08/13 14:53:34.992: [sbi] WARNING: Couldn't resolve host name (6): Could not resolve host: scp (../lib/sbi/client.c:767)
08/13 14:53:34.992: [sbi] WARNING: ogs_sbi_client_handler() failed [-1] (../lib/sbi/path.c:62)
08/13 14:53:45.938: [sbi] WARNING: [a2c0328a-9719-41f1-bc1d-7b76e258d70f] Retry registration with NRF (../lib/sbi/nf-sm.c:279)
08/13 14:53:46.002: [sbi] WARNING: Couldn't resolve host name (6): Could not resolve host: scp (../lib/sbi/client.c:767)
08/13 14:53:46.002: [sbi] WARNING: ogs_sbi_client_handler() failed [-1] (../lib/sbi/path.c:62)
08/13 14:53:56.944: [sbi] WARNING: [a2c0328a-9719-41f1-bc1d-7b76e258d70f] Retry registration with NRF (../lib/sbi/nf-sm.c:279)
08/13 14:53:57.009: [sbi] WARNING: Couldn't resolve host name (6): Could not resolve host: scp (../lib/sbi/client.c:767)
08/13 14:53:57.009: [sbi] WARNING: ogs_sbi_client_handler() failed [-1] (../lib/sbi/path.c:62)
08/13 14:54:07.946: [sbi] WARNING: [a2c0328a-9719-41f1-bc1d-7b76e258d70f] Retry registration with NRF (../lib/sbi/nf-sm.c:279)
08/13 14:54:08.012: [sbi] WARNING: Couldn't resolve host name (6): Could not resolve host: scp (../lib/sbi/client.c:767)
08/13 14:54:08.012: [sbi] WARNING: ogs_sbi_client_handler() failed [-1] (../lib/sbi/path.c:62)
08/13 14:54:18.946: [sbi] WARNING: [a2c0328a-9719-41f1-bc1d-7b76e258d70f] Retry registration with NRF (../lib/sbi/nf-sm.c:279)
08/13 14:54:19.011: [sbi] WARNING: Couldn't resolve host name (6): Could not resolve host: scp (../lib/sbi/client.c:767)
08/13 14:54:19.011: [sbi] WARNING: ogs_sbi_client_handler() failed [-1] (../lib/sbi/path.c:62)
08/13 14:54:29.959: [sbi] WARNING: [a2c0328a-9719-41f1-bc1d-7b76e258d70f] Retry registration with NRF (../lib/sbi/nf-sm.c:279)
08/13 14:54:30.024: [sbi] WARNING: Couldn't resolve host name (6): Could not resolve host: scp (../lib/sbi/client.c:767)
08/13 14:54:30.024: [sbi] WARNING: ogs_sbi_client_handler() failed [-1] (../lib/sbi/path.c:62)
08/13 14:54:40.961: [sbi] WARNING: [a2c0328a-9719-41f1-bc1d-7b76e258d70f] Retry registration with NRF (../lib/sbi/nf-sm.c:279)
08/13 14:54:41.025: [sbi] WARNING: Couldn't resolve host name (6): Could not resolve host: scp (../lib/sbi/client.c:767)
08/13 14:54:41.025: [sbi] WARNING: ogs_sbi_client_handler() failed [-1] (../lib/sbi/path.c:62)
08/13 14:54:51.963: [sbi] WARNING: [a2c0328a-9719-41f1-bc1d-7b76e258d70f] Retry registration with NRF (../lib/sbi/nf-sm.c:279)
08/13 14:54:52.027: [sbi] WARNING: Couldn't resolve host name (6): Could not resolve host: scp (../lib/sbi/client.c:767)
08/13 14:54:52.027: [sbi] WARNING: ogs_sbi_client_handler() failed [-1] (../lib/sbi/path.c:62)
08/13 14:55:02.973: [sbi] WARNING: [a2c0328a-9719-41f1-bc1d-7b76e258d70f] Retry registration with NRF (../lib/sbi/nf-sm.c:279)
08/13 14:55:03.039: [sbi] WARNING: Couldn't resolve host name (6): Could not resolve host: scp (../lib/sbi/client.c:767)
08/13 14:55:03.039: [sbi] WARNING: ogs_sbi_client_handler() failed [-1] (../lib/sbi/path.c:62)
08/13 14:55:13.985: [sbi] WARNING: [a2c0328a-9719-41f1-bc1d-7b76e258d70f] Retry registration with NRF (../lib/sbi/nf-sm.c:279)
08/13 14:55:14.049: [sbi] WARNING: Couldn't resolve host name (6): Could not resolve host: scp (../lib/sbi/client.c:767)
08/13 14:55:14.049: [sbi] WARNING: ogs_sbi_client_handler() failed [-1] (../lib/sbi/path.c:62)
08/13 14:55:24.992: [sbi] WARNING: [a2c0328a-9719-41f1-bc1d-7b76e258d70f] Retry registration with NRF (../lib/sbi/nf-sm.c:279)
08/13 14:55:25.056: [sbi] WARNING: Couldn't resolve host name (6): Could not resolve host: scp (../lib/sbi/client.c:767)
08/13 14:55:25.056: [sbi] WARNING: ogs_sbi_client_handler() failed [-1] (../lib/sbi/path.c:62)
08/13 14:55:35.994: [sbi] WARNING: [a2c0328a-9719-41f1-bc1d-7b76e258d70f] Retry registration with NRF (../lib/sbi/nf-sm.c:279)
08/13 14:55:36.059: [sbi] WARNING: Couldn't resolve host name (6): Could not resolve host: scp (../lib/sbi/client.c:767)
08/13 14:55:36.059: [sbi] WARNING: ogs_sbi_client_handler() failed [-1] (../lib/sbi/path.c:62)
08/13 14:55:47.004: [sbi] WARNING: [a2c0328a-9719-41f1-bc1d-7b76e258d70f] Retry registration with NRF (../lib/sbi/nf-sm.c:279)
08/13 14:55:47.069: [sbi] WARNING: Couldn't resolve host name (6): Could not resolve host: scp (../lib/sbi/client.c:767)
08/13 14:55:47.069: [sbi] WARNING: ogs_sbi_client_handler() failed [-1] (../lib/sbi/path.c:62)
08/13 14:55:58.012: [sbi] WARNING: [a2c0328a-9719-41f1-bc1d-7b76e258d70f] Retry registration with NRF (../lib/sbi/nf-sm.c:279)
08/13 14:55:58.076: [sbi] WARNING: Couldn't resolve host name (6): Could not resolve host: scp (../lib/sbi/client.c:767)
08/13 14:55:58.077: [sbi] WARNING: ogs_sbi_client_handler() failed [-1] (../lib/sbi/path.c:62)
08/13 14:56:09.024: [sbi] WARNING: [a2c0328a-9719-41f1-bc1d-7b76e258d70f] Retry registration with NRF (../lib/sbi/nf-sm.c:279)
08/13 14:56:09.088: [sbi] WARNING: Couldn't resolve host name (6): Could not resolve host: scp (../lib/sbi/client.c:767)
08/13 14:56:09.088: [sbi] WARNING: ogs_sbi_client_handler() failed [-1] (../lib/sbi/path.c:62)
08/13 14:56:20.031: [sbi] WARNING: [a2c0328a-9719-41f1-bc1d-7b76e258d70f] Retry registration with NRF (../lib/sbi/nf-sm.c:279)
08/13 14:56:20.096: [sbi] WARNING: Couldn't resolve host name (6): Could not resolve host: scp (../lib/sbi/client.c:767)
08/13 14:56:20.096: [sbi] WARNING: ogs_sbi_client_handler() failed [-1] (../lib/sbi/path.c:62)
08/13 14:56:31.042: [sbi] WARNING: [a2c0328a-9719-41f1-bc1d-7b76e258d70f] Retry registration with NRF (../lib/sbi/nf-sm.c:279)
08/13 14:56:31.106: [sbi] WARNING: Couldn't resolve host name (6): Could not resolve host: scp (../lib/sbi/client.c:767)
08/13 14:56:31.106: [sbi] WARNING: ogs_sbi_client_handler() failed [-1] (../lib/sbi/path.c:62)
08/13 14:56:42.054: [sbi] WARNING: [a2c0328a-9719-41f1-bc1d-7b76e258d70f] Retry registration with NRF (../lib/sbi/nf-sm.c:279)
08/13 14:56:42.119: [sbi] WARNING: Couldn't resolve host name (6): Could not resolve host: scp (../lib/sbi/client.c:767)
08/13 14:56:42.119: [sbi] WARNING: ogs_sbi_client_handler() failed [-1] (../lib/sbi/path.c:62)
08/13 14:56:53.064: [sbi] WARNING: [a2c0328a-9719-41f1-bc1d-7b76e258d70f] Retry registration with NRF (../lib/sbi/nf-sm.c:279)
08/13 14:56:53.129: [sbi] WARNING: Couldn't resolve host name (6): Could not resolve host: scp (../lib/sbi/client.c:767)
08/13 14:56:53.129: [sbi] WARNING: ogs_sbi_client_handler() failed [-1] (../lib/sbi/path.c:62)
08/13 14:57:04.070: [sbi] WARNING: [a2c0328a-9719-41f1-bc1d-7b76e258d70f] Retry registration with NRF (../lib/sbi/nf-sm.c:279)
08/13 14:57:04.136: [sbi] WARNING: Couldn't resolve host name (6): Could not resolve host: scp (../lib/sbi/client.c:767)
08/13 14:57:04.136: [sbi] WARNING: ogs_sbi_client_handler() failed [-1] (../lib/sbi/path.c:62)
08/13 14:57:15.073: [sbi] WARNING: [a2c0328a-9719-41f1-bc1d-7b76e258d70f] Retry registration with NRF (../lib/sbi/nf-sm.c:279)
08/13 14:57:15.138: [sbi] WARNING: Couldn't resolve host name (6): Could not resolve host: scp (../lib/sbi/client.c:767)
08/13 14:57:15.138: [sbi] WARNING: ogs_sbi_client_handler() failed [-1] (../lib/sbi/path.c:62)
08/13 14:57:26.075: [sbi] WARNING: [a2c0328a-9719-41f1-bc1d-7b76e258d70f] Retry registration with NRF (../lib/sbi/nf-sm.c:279)
08/13 14:57:26.139: [sbi] WARNING: Couldn't resolve host name (6): Could not resolve host: scp (../lib/sbi/client.c:767)
08/13 14:57:26.139: [sbi] WARNING: ogs_sbi_client_handler() failed [-1] (../lib/sbi/path.c:62)
08/13 14:57:37.087: [sbi] WARNING: [a2c0328a-9719-41f1-bc1d-7b76e258d70f] Retry registration with NRF (../lib/sbi/nf-sm.c:279)
08/13 14:57:37.185: [sbi] WARNING: Couldn't resolve host name (6): Could not resolve host: scp (../lib/sbi/client.c:767)
08/13 14:57:37.185: [sbi] WARNING: ogs_sbi_client_handler() failed [-1] (../lib/sbi/path.c:62)
08/13 14:57:48.097: [sbi] WARNING: [a2c0328a-9719-41f1-bc1d-7b76e258d70f] Retry registration with NRF (../lib/sbi/nf-sm.c:279)
08/13 14:57:48.162: [sbi] WARNING: Couldn't resolve host name (6): Could not resolve host: scp (../lib/sbi/client.c:767)
08/13 14:57:48.162: [sbi] WARNING: ogs_sbi_client_handler() failed [-1] (../lib/sbi/path.c:62)
08/13 14:57:59.109: [sbi] WARNING: [a2c0328a-9719-41f1-bc1d-7b76e258d70f] Retry registration with NRF (../lib/sbi/nf-sm.c:279)
08/13 14:57:59.173: [sbi] WARNING: Couldn't resolve host name (6): Could not resolve host: scp (../lib/sbi/client.c:767)
08/13 14:57:59.173: [sbi] WARNING: ogs_sbi_client_handler() failed [-1] (../lib/sbi/path.c:62)
08/13 14:58:10.120: [sbi] WARNING: [a2c0328a-9719-41f1-bc1d-7b76e258d70f] Retry registration with NRF (../lib/sbi/nf-sm.c:279)
08/13 14:58:10.185: [sbi] WARNING: Couldn't resolve host name (6): Could not resolve host: scp (../lib/sbi/client.c:767)
08/13 14:58:10.185: [sbi] WARNING: ogs_sbi_client_handler() failed [-1] (../lib/sbi/path.c:62)
08/13 14:58:21.127: [sbi] WARNING: [a2c0328a-9719-41f1-bc1d-7b76e258d70f] Retry registration with NRF (../lib/sbi/nf-sm.c:279)
08/13 14:58:21.191: [sbi] WARNING: Couldn't resolve host name (6): Could not resolve host: scp (../lib/sbi/client.c:767)
08/13 14:58:21.191: [sbi] WARNING: ogs_sbi_client_handler() failed [-1] (../lib/sbi/path.c:62)
08/13 14:58:32.139: [sbi] WARNING: [a2c0328a-9719-41f1-bc1d-7b76e258d70f] Retry registration with NRF (../lib/sbi/nf-sm.c:279)
08/13 14:58:32.204: [sbi] WARNING: Couldn't resolve host name (6): Could not resolve host: scp (../lib/sbi/client.c:767)
08/13 14:58:32.204: [sbi] WARNING: ogs_sbi_client_handler() failed [-1] (../lib/sbi/path.c:62)
08/13 14:58:43.150: [sbi] WARNING: [a2c0328a-9719-41f1-bc1d-7b76e258d70f] Retry registration with NRF (../lib/sbi/nf-sm.c:279)
08/13 14:58:43.215: [sbi] WARNING: Couldn't resolve host name (6): Could not resolve host: scp (../lib/sbi/client.c:767)
08/13 14:58:43.215: [sbi] WARNING: ogs_sbi_client_handler() failed [-1] (../lib/sbi/path.c:62)
08/13 14:58:54.162: [sbi] WARNING: [a2c0328a-9719-41f1-bc1d-7b76e258d70f] Retry registration with NRF (../lib/sbi/nf-sm.c:279)
08/13 14:58:54.227: [sbi] WARNING: Couldn't resolve host name (6): Could not resolve host: scp (../lib/sbi/client.c:767)
08/13 14:58:54.227: [sbi] WARNING: ogs_sbi_client_handler() failed [-1] (../lib/sbi/path.c:62)
08/13 14:59:05.174: [sbi] WARNING: [a2c0328a-9719-41f1-bc1d-7b76e258d70f] Retry registration with NRF (../lib/sbi/nf-sm.c:279)
08/13 14:59:05.239: [sbi] WARNING: Couldn't resolve host name (6): Could not resolve host: scp (../lib/sbi/client.c:767)
08/13 14:59:05.239: [sbi] WARNING: ogs_sbi_client_handler() failed [-1] (../lib/sbi/path.c:62)
08/13 14:59:16.183: [sbi] WARNING: [a2c0328a-9719-41f1-bc1d-7b76e258d70f] Retry registration with NRF (../lib/sbi/nf-sm.c:279)
08/13 14:59:16.250: [sbi] WARNING: Couldn't resolve host name (6): Could not resolve host: scp (../lib/sbi/client.c:767)
08/13 14:59:16.250: [sbi] WARNING: ogs_sbi_client_handler() failed [-1] (../lib/sbi/path.c:62)
08/13 14:59:27.196: [sbi] WARNING: [a2c0328a-9719-41f1-bc1d-7b76e258d70f] Retry registration with NRF (../lib/sbi/nf-sm.c:279)
08/13 14:59:27.260: [sbi] WARNING: Couldn't resolve host name (6): Could not resolve host: scp (../lib/sbi/client.c:767)
08/13 14:59:27.260: [sbi] WARNING: ogs_sbi_client_handler() failed [-1] (../lib/sbi/path.c:62)
08/13 14:59:38.201: [sbi] WARNING: [a2c0328a-9719-41f1-bc1d-7b76e258d70f] Retry registration with NRF (../lib/sbi/nf-sm.c:279)
08/13 14:59:38.265: [sbi] WARNING: Couldn't resolve host name (6): Could not resolve host: scp (../lib/sbi/client.c:767)
08/13 14:59:38.265: [sbi] WARNING: ogs_sbi_client_handler() failed [-1] (../lib/sbi/path.c:62)
08/13 14:59:49.209: [sbi] WARNING: [a2c0328a-9719-41f1-bc1d-7b76e258d70f] Retry registration with NRF (../lib/sbi/nf-sm.c:279)
08/13 14:59:49.275: [sbi] WARNING: Couldn't resolve host name (6): Could not resolve host: scp (../lib/sbi/client.c:767)
08/13 14:59:49.275: [sbi] WARNING: ogs_sbi_client_handler() failed [-1] (../lib/sbi/path.c:62)
08/13 15:00:00.218: [sbi] WARNING: [a2c0328a-9719-41f1-bc1d-7b76e258d70f] Retry registration with NRF (../lib/sbi/nf-sm.c:279)
08/13 15:00:00.284: [sbi] WARNING: Couldn't resolve host name (6): Could not resolve host: scp (../lib/sbi/client.c:767)
08/13 15:00:00.284: [sbi] WARNING: ogs_sbi_client_handler() failed [-1] (../lib/sbi/path.c:62)
08/13 15:00:11.226: [sbi] WARNING: [a2c0328a-9719-41f1-bc1d-7b76e258d70f] Retry registration with NRF (../lib/sbi/nf-sm.c:279)
08/13 15:00:11.292: [sbi] WARNING: Couldn't resolve host name (6): Could not resolve host: scp (../lib/sbi/client.c:767)
08/13 15:00:11.292: [sbi] WARNING: ogs_sbi_client_handler() failed [-1] (../lib/sbi/path.c:62)
08/13 15:00:22.232: [sbi] WARNING: [a2c0328a-9719-41f1-bc1d-7b76e258d70f] Retry registration with NRF (../lib/sbi/nf-sm.c:279)
08/13 15:00:22.297: [sbi] WARNING: Couldn't resolve host name (6): Could not resolve host: scp (../lib/sbi/client.c:767)
08/13 15:00:22.297: [sbi] WARNING: ogs_sbi_client_handler() failed [-1] (../lib/sbi/path.c:62)
08/13 15:00:33.242: [sbi] WARNING: [a2c0328a-9719-41f1-bc1d-7b76e258d70f] Retry registration with NRF (../lib/sbi/nf-sm.c:279)
08/13 15:00:33.305: [sbi] WARNING: Couldn't resolve host name (6): Could not resolve host: scp (../lib/sbi/client.c:767)
08/13 15:00:33.305: [sbi] WARNING: ogs_sbi_client_handler() failed [-1] (../lib/sbi/path.c:62)
08/13 15:00:44.253: [sbi] WARNING: [a2c0328a-9719-41f1-bc1d-7b76e258d70f] Retry registration with NRF (../lib/sbi/nf-sm.c:279)
08/13 15:00:44.317: [sbi] WARNING: Couldn't resolve host name (6): Could not resolve host: scp (../lib/sbi/client.c:767)
08/13 15:00:44.317: [sbi] WARNING: ogs_sbi_client_handler() failed [-1] (../lib/sbi/path.c:62)
08/13 15:00:55.264: [sbi] WARNING: [a2c0328a-9719-41f1-bc1d-7b76e258d70f] Retry registration with NRF (../lib/sbi/nf-sm.c:279)
08/13 15:00:55.329: [sbi] WARNING: Couldn't resolve host name (6): Could not resolve host: scp (../lib/sbi/client.c:767)
08/13 15:00:55.329: [sbi] WARNING: ogs_sbi_client_handler() failed [-1] (../lib/sbi/path.c:62)
08/13 15:01:06.275: [sbi] WARNING: [a2c0328a-9719-41f1-bc1d-7b76e258d70f] Retry registration with NRF (../lib/sbi/nf-sm.c:279)
08/13 15:01:06.359: [sbi] WARNING: Couldn't resolve host name (6): Could not resolve host: scp (../lib/sbi/client.c:767)
08/13 15:01:06.359: [sbi] WARNING: ogs_sbi_client_handler() failed [-1] (../lib/sbi/path.c:62)
08/13 15:01:17.287: [sbi] WARNING: [a2c0328a-9719-41f1-bc1d-7b76e258d70f] Retry registration with NRF (../lib/sbi/nf-sm.c:279)
08/13 15:01:17.351: [sbi] WARNING: Couldn't resolve host name (6): Could not resolve host: scp (../lib/sbi/client.c:767)
08/13 15:01:17.351: [sbi] WARNING: ogs_sbi_client_handler() failed [-1] (../lib/sbi/path.c:62)
08/13 15:01:28.292: [sbi] WARNING: [a2c0328a-9719-41f1-bc1d-7b76e258d70f] Retry registration with NRF (../lib/sbi/nf-sm.c:279)
08/13 15:01:28.357: [sbi] WARNING: Couldn't resolve host name (6): Could not resolve host: scp (../lib/sbi/client.c:767)
08/13 15:01:28.357: [sbi] WARNING: ogs_sbi_client_handler() failed [-1] (../lib/sbi/path.c:62)
08/13 15:01:39.303: [sbi] WARNING: [a2c0328a-9719-41f1-bc1d-7b76e258d70f] Retry registration with NRF (../lib/sbi/nf-sm.c:279)
08/13 15:01:39.367: [sbi] WARNING: Couldn't resolve host name (6): Could not resolve host: scp (../lib/sbi/client.c:767)
08/13 15:01:39.367: [sbi] WARNING: ogs_sbi_client_handler() failed [-1] (../lib/sbi/path.c:62)
08/13 15:01:50.315: [sbi] WARNING: [a2c0328a-9719-41f1-bc1d-7b76e258d70f] Retry registration with NRF (../lib/sbi/nf-sm.c:279)
08/13 15:01:50.379: [sbi] WARNING: Couldn't resolve host name (6): Could not resolve host: scp (../lib/sbi/client.c:767)
08/13 15:01:50.379: [sbi] WARNING: ogs_sbi_client_handler() failed [-1] (../lib/sbi/path.c:62)
08/13 15:02:01.319: [sbi] WARNING: [a2c0328a-9719-41f1-bc1d-7b76e258d70f] Retry registration with NRF (../lib/sbi/nf-sm.c:279)
08/13 15:02:01.384: [sbi] WARNING: Couldn't resolve host name (6): Could not resolve host: scp (../lib/sbi/client.c:767)
08/13 15:02:01.385: [sbi] WARNING: ogs_sbi_client_handler() failed [-1] (../lib/sbi/path.c:62)
08/13 15:02:12.326: [sbi] WARNING: [a2c0328a-9719-41f1-bc1d-7b76e258d70f] Retry registration with NRF (../lib/sbi/nf-sm.c:279)
08/13 15:02:12.400: [sbi] WARNING: Couldn't resolve host name (6): Could not resolve host: scp (../lib/sbi/client.c:767)
08/13 15:02:12.400: [sbi] WARNING: ogs_sbi_client_handler() failed [-1] (../lib/sbi/path.c:62)
08/13 15:02:23.335: [sbi] WARNING: [a2c0328a-9719-41f1-bc1d-7b76e258d70f] Retry registration with NRF (../lib/sbi/nf-sm.c:279)
08/13 15:02:23.400: [sbi] WARNING: Couldn't resolve host name (6): Could not resolve host: scp (../lib/sbi/client.c:767)
08/13 15:02:23.400: [sbi] WARNING: ogs_sbi_client_handler() failed [-1] (../lib/sbi/path.c:62)
08/13 15:02:34.346: [sbi] WARNING: [a2c0328a-9719-41f1-bc1d-7b76e258d70f] Retry registration with NRF (../lib/sbi/nf-sm.c:279)
08/13 15:02:34.410: [sbi] WARNING: Couldn't resolve host name (6): Could not resolve host: scp (../lib/sbi/client.c:767)
08/13 15:02:34.410: [sbi] WARNING: ogs_sbi_client_handler() failed [-1] (../lib/sbi/path.c:62)
08/13 15:02:45.352: [sbi] WARNING: [a2c0328a-9719-41f1-bc1d-7b76e258d70f] Retry registration with NRF (../lib/sbi/nf-sm.c:279)
08/13 15:02:45.418: [sbi] WARNING: Couldn't resolve host name (6): Could not resolve host: scp (../lib/sbi/client.c:767)
08/13 15:02:45.418: [sbi] WARNING: ogs_sbi_client_handler() failed [-1] (../lib/sbi/path.c:62)
08/13 15:02:56.364: [sbi] WARNING: [a2c0328a-9719-41f1-bc1d-7b76e258d70f] Retry registration with NRF (../lib/sbi/nf-sm.c:279)
08/13 15:02:56.434: [sbi] WARNING: Couldn't resolve host name (6): Could not resolve host: scp (../lib/sbi/client.c:767)
08/13 15:02:56.434: [sbi] WARNING: ogs_sbi_client_handler() failed [-1] (../lib/sbi/path.c:62)
08/13 15:03:07.372: [sbi] WARNING: [a2c0328a-9719-41f1-bc1d-7b76e258d70f] Retry registration with NRF (../lib/sbi/nf-sm.c:279)
08/13 15:03:07.437: [sbi] WARNING: Couldn't resolve host name (6): Could not resolve host: scp (../lib/sbi/client.c:767)
08/13 15:03:07.437: [sbi] WARNING: ogs_sbi_client_handler() failed [-1] (../lib/sbi/path.c:62)
08/13 15:03:18.379: [sbi] WARNING: [a2c0328a-9719-41f1-bc1d-7b76e258d70f] Retry registration with NRF (../lib/sbi/nf-sm.c:279)
08/13 15:03:18.444: [sbi] WARNING: Couldn't resolve host name (6): Could not resolve host: scp (../lib/sbi/client.c:767)
08/13 15:03:18.444: [sbi] WARNING: ogs_sbi_client_handler() failed [-1] (../lib/sbi/path.c:62)
08/13 15:03:29.389: [sbi] WARNING: [a2c0328a-9719-41f1-bc1d-7b76e258d70f] Retry registration with NRF (../lib/sbi/nf-sm.c:279)
08/13 15:03:29.455: [sbi] WARNING: Couldn't resolve host name (6): Could not resolve host: scp (../lib/sbi/client.c:767)
08/13 15:03:29.455: [sbi] WARNING: ogs_sbi_client_handler() failed [-1] (../lib/sbi/path.c:62)
08/13 15:03:40.391: [sbi] WARNING: [a2c0328a-9719-41f1-bc1d-7b76e258d70f] Retry registration with NRF (../lib/sbi/nf-sm.c:279)
08/13 15:03:40.454: [sbi] WARNING: Couldn't resolve host name (6): Could not resolve host: scp (../lib/sbi/client.c:767)
08/13 15:03:40.454: [sbi] WARNING: ogs_sbi_client_handler() failed [-1] (../lib/sbi/path.c:62)
08/13 15:03:51.395: [sbi] WARNING: [a2c0328a-9719-41f1-bc1d-7b76e258d70f] Retry registration with NRF (../lib/sbi/nf-sm.c:279)
08/13 15:03:51.460: [sbi] WARNING: Couldn't resolve host name (6): Could not resolve host: scp (../lib/sbi/client.c:767)
08/13 15:03:51.460: [sbi] WARNING: ogs_sbi_client_handler() failed [-1] (../lib/sbi/path.c:62)
08/13 15:04:02.404: [sbi] WARNING: [a2c0328a-9719-41f1-bc1d-7b76e258d70f] Retry registration with NRF (../lib/sbi/nf-sm.c:279)
08/13 15:04:02.469: [sbi] WARNING: Couldn't resolve host name (6): Could not resolve host: scp (../lib/sbi/client.c:767)
08/13 15:04:02.469: [sbi] WARNING: ogs_sbi_client_handler() failed [-1] (../lib/sbi/path.c:62)
08/13 15:04:13.415: [sbi] WARNING: [a2c0328a-9719-41f1-bc1d-7b76e258d70f] Retry registration with NRF (../lib/sbi/nf-sm.c:279)
08/13 15:04:13.480: [sbi] WARNING: Couldn't resolve host name (6): Could not resolve host: scp (../lib/sbi/client.c:767)
08/13 15:04:13.480: [sbi] WARNING: ogs_sbi_client_handler() failed [-1] (../lib/sbi/path.c:62)
08/13 15:04:24.423: [sbi] WARNING: [a2c0328a-9719-41f1-bc1d-7b76e258d70f] Retry registration with NRF (../lib/sbi/nf-sm.c:279)
08/13 15:04:24.489: [sbi] WARNING: Couldn't resolve host name (6): Could not resolve host: scp (../lib/sbi/client.c:767)
08/13 15:04:24.489: [sbi] WARNING: ogs_sbi_client_handler() failed [-1] (../lib/sbi/path.c:62)
08/13 15:04:35.432: [sbi] WARNING: [a2c0328a-9719-41f1-bc1d-7b76e258d70f] Retry registration with NRF (../lib/sbi/nf-sm.c:279)
08/13 15:04:35.501: [sbi] WARNING: Couldn't resolve host name (6): Could not resolve host: scp (../lib/sbi/client.c:767)
08/13 15:04:35.501: [sbi] WARNING: ogs_sbi_client_handler() failed [-1] (../lib/sbi/path.c:62)
08/13 15:04:46.442: [sbi] WARNING: [a2c0328a-9719-41f1-bc1d-7b76e258d70f] Retry registration with NRF (../lib/sbi/nf-sm.c:279)
08/13 15:04:46.520: [sbi] WARNING: Couldn't resolve host name (6): Could not resolve host: scp (../lib/sbi/client.c:767)
08/13 15:04:46.520: [sbi] WARNING: ogs_sbi_client_handler() failed [-1] (../lib/sbi/path.c:62)
08/13 15:04:57.444: [sbi] WARNING: [a2c0328a-9719-41f1-bc1d-7b76e258d70f] Retry registration with NRF (../lib/sbi/nf-sm.c:279)
08/13 15:04:57.508: [sbi] WARNING: Couldn't resolve host name (6): Could not resolve host: scp (../lib/sbi/client.c:767)
08/13 15:04:57.508: [sbi] WARNING: ogs_sbi_client_handler() failed [-1] (../lib/sbi/path.c:62)
08/13 15:05:08.455: [sbi] WARNING: [a2c0328a-9719-41f1-bc1d-7b76e258d70f] Retry registration with NRF (../lib/sbi/nf-sm.c:279)
08/13 15:05:08.519: [sbi] WARNING: Couldn't resolve host name (6): Could not resolve host: scp (../lib/sbi/client.c:767)
08/13 15:05:08.519: [sbi] WARNING: ogs_sbi_client_handler() failed [-1] (../lib/sbi/path.c:62)
08/13 15:05:19.462: [sbi] WARNING: [a2c0328a-9719-41f1-bc1d-7b76e258d70f] Retry registration with NRF (../lib/sbi/nf-sm.c:279)
08/13 15:05:19.528: [sbi] WARNING: Couldn't resolve host name (6): Could not resolve host: scp (../lib/sbi/client.c:767)
08/13 15:05:19.528: [sbi] WARNING: ogs_sbi_client_handler() failed [-1] (../lib/sbi/path.c:62)
08/13 15:05:30.472: [sbi] WARNING: [a2c0328a-9719-41f1-bc1d-7b76e258d70f] Retry registration with NRF (../lib/sbi/nf-sm.c:279)
08/13 15:05:30.538: [sbi] WARNING: Couldn't resolve host name (6): Could not resolve host: scp (../lib/sbi/client.c:767)
08/13 15:05:30.538: [sbi] WARNING: ogs_sbi_client_handler() failed [-1] (../lib/sbi/path.c:62)
08/13 15:05:41.484: [sbi] WARNING: [a2c0328a-9719-41f1-bc1d-7b76e258d70f] Retry registration with NRF (../lib/sbi/nf-sm.c:279)
08/13 15:05:41.550: [sbi] WARNING: Couldn't resolve host name (6): Could not resolve host: scp (../lib/sbi/client.c:767)
08/13 15:05:41.550: [sbi] WARNING: ogs_sbi_client_handler() failed [-1] (../lib/sbi/path.c:62)
08/13 15:05:52.496: [sbi] WARNING: [a2c0328a-9719-41f1-bc1d-7b76e258d70f] Retry registration with NRF (../lib/sbi/nf-sm.c:279)
08/13 15:05:52.561: [sbi] WARNING: Couldn't resolve host name (6): Could not resolve host: scp (../lib/sbi/client.c:767)
08/13 15:05:52.561: [sbi] WARNING: ogs_sbi_client_handler() failed [-1] (../lib/sbi/path.c:62)
08/13 15:06:03.501: [sbi] WARNING: [a2c0328a-9719-41f1-bc1d-7b76e258d70f] Retry registration with NRF (../lib/sbi/nf-sm.c:279)
08/13 15:06:03.565: [sbi] WARNING: Couldn't resolve host name (6): Could not resolve host: scp (../lib/sbi/client.c:767)
08/13 15:06:03.565: [sbi] WARNING: ogs_sbi_client_handler() failed [-1] (../lib/sbi/path.c:62)
08/13 15:06:14.512: [sbi] WARNING: [a2c0328a-9719-41f1-bc1d-7b76e258d70f] Retry registration with NRF (../lib/sbi/nf-sm.c:279)
08/13 15:06:14.576: [sbi] WARNING: Couldn't resolve host name (6): Could not resolve host: scp (../lib/sbi/client.c:767)
08/13 15:06:14.576: [sbi] WARNING: ogs_sbi_client_handler() failed [-1] (../lib/sbi/path.c:62)
08/13 15:06:25.517: [sbi] WARNING: [a2c0328a-9719-41f1-bc1d-7b76e258d70f] Retry registration with NRF (../lib/sbi/nf-sm.c:279)
08/13 15:06:25.583: [sbi] WARNING: Couldn't resolve host name (6): Could not resolve host: scp (../lib/sbi/client.c:767)
08/13 15:06:25.583: [sbi] WARNING: ogs_sbi_client_handler() failed [-1] (../lib/sbi/path.c:62)
08/13 15:06:36.525: [sbi] WARNING: [a2c0328a-9719-41f1-bc1d-7b76e258d70f] Retry registration with NRF (../lib/sbi/nf-sm.c:279)
08/13 15:06:36.590: [sbi] WARNING: Couldn't resolve host name (6): Could not resolve host: scp (../lib/sbi/client.c:767)
08/13 15:06:36.590: [sbi] WARNING: ogs_sbi_client_handler() failed [-1] (../lib/sbi/path.c:62)
08/13 15:06:47.536: [sbi] WARNING: [a2c0328a-9719-41f1-bc1d-7b76e258d70f] Retry registration with NRF (../lib/sbi/nf-sm.c:279)
08/13 15:06:47.600: [sbi] WARNING: Couldn't resolve host name (6): Could not resolve host: scp (../lib/sbi/client.c:767)
08/13 15:06:47.600: [sbi] WARNING: ogs_sbi_client_handler() failed [-1] (../lib/sbi/path.c:62)
08/13 15:06:58.542: [sbi] WARNING: [a2c0328a-9719-41f1-bc1d-7b76e258d70f] Retry registration with NRF (../lib/sbi/nf-sm.c:279)
08/13 15:06:58.608: [sbi] WARNING: Couldn't resolve host name (6): Could not resolve host: scp (../lib/sbi/client.c:767)
08/13 15:06:58.608: [sbi] WARNING: ogs_sbi_client_handler() failed [-1] (../lib/sbi/path.c:62)
08/13 15:07:09.554: [sbi] WARNING: [a2c0328a-9719-41f1-bc1d-7b76e258d70f] Retry registration with NRF (../lib/sbi/nf-sm.c:279)
08/13 15:07:09.620: [sbi] WARNING: Couldn't resolve host name (6): Could not resolve host: scp (../lib/sbi/client.c:767)
08/13 15:07:09.620: [sbi] WARNING: ogs_sbi_client_handler() failed [-1] (../lib/sbi/path.c:62)
08/13 15:07:20.566: [sbi] WARNING: [a2c0328a-9719-41f1-bc1d-7b76e258d70f] Retry registration with NRF (../lib/sbi/nf-sm.c:279)
08/13 15:07:20.631: [sbi] WARNING: Couldn't resolve host name (6): Could not resolve host: scp (../lib/sbi/client.c:767)
08/13 15:07:20.631: [sbi] WARNING: ogs_sbi_client_handler() failed [-1] (../lib/sbi/path.c:62)
08/13 15:07:31.578: [sbi] WARNING: [a2c0328a-9719-41f1-bc1d-7b76e258d70f] Retry registration with NRF (../lib/sbi/nf-sm.c:279)
08/13 15:07:31.642: [sbi] WARNING: Couldn't resolve host name (6): Could not resolve host: scp (../lib/sbi/client.c:767)
08/13 15:07:31.642: [sbi] WARNING: ogs_sbi_client_handler() failed [-1] (../lib/sbi/path.c:62)
08/13 15:07:42.589: [sbi] WARNING: [a2c0328a-9719-41f1-bc1d-7b76e258d70f] Retry registration with NRF (../lib/sbi/nf-sm.c:279)
08/13 15:07:42.654: [sbi] WARNING: Couldn't resolve host name (6): Could not resolve host: scp (../lib/sbi/client.c:767)
08/13 15:07:42.654: [sbi] WARNING: ogs_sbi_client_handler() failed [-1] (../lib/sbi/path.c:62)
08/13 15:07:53.601: [sbi] WARNING: [a2c0328a-9719-41f1-bc1d-7b76e258d70f] Retry registration with NRF (../lib/sbi/nf-sm.c:279)
08/13 15:07:53.666: [sbi] WARNING: Couldn't resolve host name (6): Could not resolve host: scp (../lib/sbi/client.c:767)
08/13 15:07:53.666: [sbi] WARNING: ogs_sbi_client_handler() failed [-1] (../lib/sbi/path.c:62)
08/13 15:08:04.604: [sbi] WARNING: [a2c0328a-9719-41f1-bc1d-7b76e258d70f] Retry registration with NRF (../lib/sbi/nf-sm.c:279)
08/13 15:08:04.669: [sbi] WARNING: Couldn't resolve host name (6): Could not resolve host: scp (../lib/sbi/client.c:767)
08/13 15:08:04.669: [sbi] WARNING: ogs_sbi_client_handler() failed [-1] (../lib/sbi/path.c:62)
08/13 15:08:15.615: [sbi] WARNING: [a2c0328a-9719-41f1-bc1d-7b76e258d70f] Retry registration with NRF (../lib/sbi/nf-sm.c:279)
08/13 15:08:15.681: [sbi] WARNING: Couldn't resolve host name (6): Could not resolve host: scp (../lib/sbi/client.c:767)
08/13 15:08:15.681: [sbi] WARNING: ogs_sbi_client_handler() failed [-1] (../lib/sbi/path.c:62)
08/13 15:08:26.627: [sbi] WARNING: [a2c0328a-9719-41f1-bc1d-7b76e258d70f] Retry registration with NRF (../lib/sbi/nf-sm.c:279)
08/13 15:08:26.692: [sbi] WARNING: Couldn't resolve host name (6): Could not resolve host: scp (../lib/sbi/client.c:767)
08/13 15:08:26.692: [sbi] WARNING: ogs_sbi_client_handler() failed [-1] (../lib/sbi/path.c:62)
08/13 15:08:37.639: [sbi] WARNING: [a2c0328a-9719-41f1-bc1d-7b76e258d70f] Retry registration with NRF (../lib/sbi/nf-sm.c:279)
08/13 15:08:37.705: [sbi] WARNING: Couldn't resolve host name (6): Could not resolve host: scp (../lib/sbi/client.c:767)
08/13 15:08:37.705: [sbi] WARNING: ogs_sbi_client_handler() failed [-1] (../lib/sbi/path.c:62)
08/13 15:08:48.651: [sbi] WARNING: [a2c0328a-9719-41f1-bc1d-7b76e258d70f] Retry registration with NRF (../lib/sbi/nf-sm.c:279)
08/13 15:08:48.717: [sbi] WARNING: Couldn't resolve host name (6): Could not resolve host: scp (../lib/sbi/client.c:767)
08/13 15:08:48.717: [sbi] WARNING: ogs_sbi_client_handler() failed [-1] (../lib/sbi/path.c:62)
08/13 15:08:59.661: [sbi] WARNING: [a2c0328a-9719-41f1-bc1d-7b76e258d70f] Retry registration with NRF (../lib/sbi/nf-sm.c:279)
08/13 15:08:59.725: [sbi] WARNING: Couldn't resolve host name (6): Could not resolve host: scp (../lib/sbi/client.c:767)
08/13 15:08:59.726: [sbi] WARNING: ogs_sbi_client_handler() failed [-1] (../lib/sbi/path.c:62)
08/13 15:09:10.664: [sbi] WARNING: [a2c0328a-9719-41f1-bc1d-7b76e258d70f] Retry registration with NRF (../lib/sbi/nf-sm.c:279)
08/13 15:09:10.729: [sbi] WARNING: Couldn't resolve host name (6): Could not resolve host: scp (../lib/sbi/client.c:767)
08/13 15:09:10.729: [sbi] WARNING: ogs_sbi_client_handler() failed [-1] (../lib/sbi/path.c:62)
08/13 15:09:21.673: [sbi] WARNING: [a2c0328a-9719-41f1-bc1d-7b76e258d70f] Retry registration with NRF (../lib/sbi/nf-sm.c:279)
08/13 15:09:21.739: [sbi] WARNING: Couldn't resolve host name (6): Could not resolve host: scp (../lib/sbi/client.c:767)
08/13 15:09:21.739: [sbi] WARNING: ogs_sbi_client_handler() failed [-1] (../lib/sbi/path.c:62)
08/13 15:09:32.680: [sbi] WARNING: [a2c0328a-9719-41f1-bc1d-7b76e258d70f] Retry registration with NRF (../lib/sbi/nf-sm.c:279)
08/13 15:09:32.745: [sbi] WARNING: Couldn't resolve host name (6): Could not resolve host: scp (../lib/sbi/client.c:767)
08/13 15:09:32.745: [sbi] WARNING: ogs_sbi_client_handler() failed [-1] (../lib/sbi/path.c:62)
08/13 15:09:43.691: [sbi] WARNING: [a2c0328a-9719-41f1-bc1d-7b76e258d70f] Retry registration with NRF (../lib/sbi/nf-sm.c:279)
08/13 15:09:43.755: [sbi] WARNING: Couldn't resolve host name (6): Could not resolve host: scp (../lib/sbi/client.c:767)
08/13 15:09:43.755: [sbi] WARNING: ogs_sbi_client_handler() failed [-1] (../lib/sbi/path.c:62)
08/13 15:09:54.701: [sbi] WARNING: [a2c0328a-9719-41f1-bc1d-7b76e258d70f] Retry registration with NRF (../lib/sbi/nf-sm.c:279)
08/13 15:09:54.767: [sbi] WARNING: Couldn't resolve host name (6): Could not resolve host: scp (../lib/sbi/client.c:767)
08/13 15:09:54.767: [sbi] WARNING: ogs_sbi_client_handler() failed [-1] (../lib/sbi/path.c:62)
08/13 15:10:05.704: [sbi] WARNING: [a2c0328a-9719-41f1-bc1d-7b76e258d70f] Retry registration with NRF (../lib/sbi/nf-sm.c:279)
08/13 15:10:05.770: [sbi] WARNING: Couldn't resolve host name (6): Could not resolve host: scp (../lib/sbi/client.c:767)
08/13 15:10:05.770: [sbi] WARNING: ogs_sbi_client_handler() failed [-1] (../lib/sbi/path.c:62)
08/13 15:10:16.708: [sbi] WARNING: [a2c0328a-9719-41f1-bc1d-7b76e258d70f] Retry registration with NRF (../lib/sbi/nf-sm.c:279)
08/13 15:10:16.774: [sbi] WARNING: Couldn't resolve host name (6): Could not resolve host: scp (../lib/sbi/client.c:767)
08/13 15:10:16.774: [sbi] WARNING: ogs_sbi_client_handler() failed [-1] (../lib/sbi/path.c:62)
08/13 15:10:27.711: [sbi] WARNING: [a2c0328a-9719-41f1-bc1d-7b76e258d70f] Retry registration with NRF (../lib/sbi/nf-sm.c:279)
08/13 15:10:27.776: [sbi] WARNING: Couldn't resolve host name (6): Could not resolve host: scp (../lib/sbi/client.c:767)
08/13 15:10:27.776: [sbi] WARNING: ogs_sbi_client_handler() failed [-1] (../lib/sbi/path.c:62)
08/13 15:10:38.719: [sbi] WARNING: [a2c0328a-9719-41f1-bc1d-7b76e258d70f] Retry registration with NRF (../lib/sbi/nf-sm.c:279)
08/13 15:10:38.783: [sbi] WARNING: Couldn't resolve host name (6): Could not resolve host: scp (../lib/sbi/client.c:767)
08/13 15:10:38.783: [sbi] WARNING: ogs_sbi_client_handler() failed [-1] (../lib/sbi/path.c:62)
08/13 15:10:49.728: [sbi] WARNING: [a2c0328a-9719-41f1-bc1d-7b76e258d70f] Retry registration with NRF (../lib/sbi/nf-sm.c:279)
08/13 15:10:49.793: [sbi] WARNING: Couldn't resolve host name (6): Could not resolve host: scp (../lib/sbi/client.c:767)
08/13 15:10:49.793: [sbi] WARNING: ogs_sbi_client_handler() failed [-1] (../lib/sbi/path.c:62)
08/13 15:11:00.740: [sbi] WARNING: [a2c0328a-9719-41f1-bc1d-7b76e258d70f] Retry registration with NRF (../lib/sbi/nf-sm.c:279)
08/13 15:11:00.806: [sbi] WARNING: Couldn't resolve host name (6): Could not resolve host: scp (../lib/sbi/client.c:767)
08/13 15:11:00.806: [sbi] WARNING: ogs_sbi_client_handler() failed [-1] (../lib/sbi/path.c:62)
08/13 15:11:11.746: [sbi] WARNING: [a2c0328a-9719-41f1-bc1d-7b76e258d70f] Retry registration with NRF (../lib/sbi/nf-sm.c:279)
08/13 15:11:11.811: [sbi] WARNING: Couldn't resolve host name (6): Could not resolve host: scp (../lib/sbi/client.c:767)
08/13 15:11:11.811: [sbi] WARNING: ogs_sbi_client_handler() failed [-1] (../lib/sbi/path.c:62)
08/13 15:11:22.757: [sbi] WARNING: [a2c0328a-9719-41f1-bc1d-7b76e258d70f] Retry registration with NRF (../lib/sbi/nf-sm.c:279)
08/13 15:11:22.824: [sbi] WARNING: Couldn't resolve host name (6): Could not resolve host: scp (../lib/sbi/client.c:767)
08/13 15:11:22.824: [sbi] WARNING: ogs_sbi_client_handler() failed [-1] (../lib/sbi/path.c:62)
08/13 15:11:33.763: [sbi] WARNING: [a2c0328a-9719-41f1-bc1d-7b76e258d70f] Retry registration with NRF (../lib/sbi/nf-sm.c:279)
08/13 15:11:33.828: [sbi] WARNING: Couldn't resolve host name (6): Could not resolve host: scp (../lib/sbi/client.c:767)
08/13 15:11:33.828: [sbi] WARNING: ogs_sbi_client_handler() failed [-1] (../lib/sbi/path.c:62)
08/13 15:11:44.774: [sbi] WARNING: [a2c0328a-9719-41f1-bc1d-7b76e258d70f] Retry registration with NRF (../lib/sbi/nf-sm.c:279)
08/13 15:11:44.838: [sbi] WARNING: Couldn't resolve host name (6): Could not resolve host: scp (../lib/sbi/client.c:767)
08/13 15:11:44.838: [sbi] WARNING: ogs_sbi_client_handler() failed [-1] (../lib/sbi/path.c:62)
08/13 15:11:55.778: [sbi] WARNING: [a2c0328a-9719-41f1-bc1d-7b76e258d70f] Retry registration with NRF (../lib/sbi/nf-sm.c:279)
08/13 15:11:55.845: [sbi] WARNING: Couldn't resolve host name (6): Could not resolve host: scp (../lib/sbi/client.c:767)
08/13 15:11:55.845: [sbi] WARNING: ogs_sbi_client_handler() failed [-1] (../lib/sbi/path.c:62)
08/13 15:12:06.782: [sbi] WARNING: [a2c0328a-9719-41f1-bc1d-7b76e258d70f] Retry registration with NRF (../lib/sbi/nf-sm.c:279)
08/13 15:12:06.848: [sbi] WARNING: Couldn't resolve host name (6): Could not resolve host: scp (../lib/sbi/client.c:767)
08/13 15:12:06.848: [sbi] WARNING: ogs_sbi_client_handler() failed [-1] (../lib/sbi/path.c:62)
08/13 15:12:17.791: [sbi] WARNING: [a2c0328a-9719-41f1-bc1d-7b76e258d70f] Retry registration with NRF (../lib/sbi/nf-sm.c:279)
08/13 15:12:17.857: [sbi] WARNING: Couldn't resolve host name (6): Could not resolve host: scp (../lib/sbi/client.c:767)
08/13 15:12:17.857: [sbi] WARNING: ogs_sbi_client_handler() failed [-1] (../lib/sbi/path.c:62)
08/13 15:12:28.800: [sbi] WARNING: [a2c0328a-9719-41f1-bc1d-7b76e258d70f] Retry registration with NRF (../lib/sbi/nf-sm.c:279)
08/13 15:12:28.866: [sbi] WARNING: Couldn't resolve host name (6): Could not resolve host: scp (../lib/sbi/client.c:767)
08/13 15:12:28.866: [sbi] WARNING: ogs_sbi_client_handler() failed [-1] (../lib/sbi/path.c:62)
08/13 15:12:39.803: [sbi] WARNING: [a2c0328a-9719-41f1-bc1d-7b76e258d70f] Retry registration with NRF (../lib/sbi/nf-sm.c:279)
08/13 15:12:39.869: [sbi] WARNING: Couldn't resolve host name (6): Could not resolve host: scp (../lib/sbi/client.c:767)
08/13 15:12:39.869: [sbi] WARNING: ogs_sbi_client_handler() failed [-1] (../lib/sbi/path.c:62)
08/13 15:12:50.814: [sbi] WARNING: [a2c0328a-9719-41f1-bc1d-7b76e258d70f] Retry registration with NRF (../lib/sbi/nf-sm.c:279)
08/13 15:12:50.880: [sbi] WARNING: Couldn't resolve host name (6): Could not resolve host: scp (../lib/sbi/client.c:767)
08/13 15:12:50.880: [sbi] WARNING: ogs_sbi_client_handler() failed [-1] (../lib/sbi/path.c:62)
08/13 15:13:01.826: [sbi] WARNING: [a2c0328a-9719-41f1-bc1d-7b76e258d70f] Retry registration with NRF (../lib/sbi/nf-sm.c:279)
08/13 15:13:01.892: [sbi] WARNING: Couldn't resolve host name (6): Could not resolve host: scp (../lib/sbi/client.c:767)
08/13 15:13:01.892: [sbi] WARNING: ogs_sbi_client_handler() failed [-1] (../lib/sbi/path.c:62)
08/13 15:13:12.831: [sbi] WARNING: [a2c0328a-9719-41f1-bc1d-7b76e258d70f] Retry registration with NRF (../lib/sbi/nf-sm.c:279)
08/13 15:13:12.895: [sbi] WARNING: Couldn't resolve host name (6): Could not resolve host: scp (../lib/sbi/client.c:767)
08/13 15:13:12.895: [sbi] WARNING: ogs_sbi_client_handler() failed [-1] (../lib/sbi/path.c:62)
08/13 15:13:23.838: [sbi] WARNING: [a2c0328a-9719-41f1-bc1d-7b76e258d70f] Retry registration with NRF (../lib/sbi/nf-sm.c:279)
08/13 15:13:23.903: [sbi] WARNING: Couldn't resolve host name (6): Could not resolve host: scp (../lib/sbi/client.c:767)
08/13 15:13:23.903: [sbi] WARNING: ogs_sbi_client_handler() failed [-1] (../lib/sbi/path.c:62)
08/13 15:13:34.841: [sbi] WARNING: [a2c0328a-9719-41f1-bc1d-7b76e258d70f] Retry registration with NRF (../lib/sbi/nf-sm.c:279)
08/13 15:13:34.906: [sbi] WARNING: Couldn't resolve host name (6): Could not resolve host: scp (../lib/sbi/client.c:767)
08/13 15:13:34.907: [sbi] WARNING: ogs_sbi_client_handler() failed [-1] (../lib/sbi/path.c:62)
08/13 15:13:45.844: [sbi] WARNING: [a2c0328a-9719-41f1-bc1d-7b76e258d70f] Retry registration with NRF (../lib/sbi/nf-sm.c:279)
08/13 15:13:45.908: [sbi] WARNING: Couldn't resolve host name (6): Could not resolve host: scp (../lib/sbi/client.c:767)
08/13 15:13:45.909: [sbi] WARNING: ogs_sbi_client_handler() failed [-1] (../lib/sbi/path.c:62)
08/13 15:13:56.847: [sbi] WARNING: [a2c0328a-9719-41f1-bc1d-7b76e258d70f] Retry registration with NRF (../lib/sbi/nf-sm.c:279)
08/13 15:13:56.912: [sbi] WARNING: Couldn't resolve host name (6): Could not resolve host: scp (../lib/sbi/client.c:767)
08/13 15:13:56.913: [sbi] WARNING: ogs_sbi_client_handler() failed [-1] (../lib/sbi/path.c:62)
08/13 15:14:07.856: [sbi] WARNING: [a2c0328a-9719-41f1-bc1d-7b76e258d70f] Retry registration with NRF (../lib/sbi/nf-sm.c:279)
08/13 15:14:07.919: [sbi] WARNING: Couldn't resolve host name (6): Could not resolve host: scp (../lib/sbi/client.c:767)
08/13 15:14:07.920: [sbi] WARNING: ogs_sbi_client_handler() failed [-1] (../lib/sbi/path.c:62)
08/13 15:14:18.867: [sbi] WARNING: [a2c0328a-9719-41f1-bc1d-7b76e258d70f] Retry registration with NRF (../lib/sbi/nf-sm.c:279)
08/13 15:14:18.933: [sbi] WARNING: Couldn't resolve host name (6): Could not resolve host: scp (../lib/sbi/client.c:767)
08/13 15:14:18.933: [sbi] WARNING: ogs_sbi_client_handler() failed [-1] (../lib/sbi/path.c:62)
08/13 15:14:29.872: [sbi] WARNING: [a2c0328a-9719-41f1-bc1d-7b76e258d70f] Retry registration with NRF (../lib/sbi/nf-sm.c:279)
08/13 15:14:29.938: [sbi] WARNING: Couldn't resolve host name (6): Could not resolve host: scp (../lib/sbi/client.c:767)
08/13 15:14:29.938: [sbi] WARNING: ogs_sbi_client_handler() failed [-1] (../lib/sbi/path.c:62)
08/13 15:14:40.882: [sbi] WARNING: [a2c0328a-9719-41f1-bc1d-7b76e258d70f] Retry registration with NRF (../lib/sbi/nf-sm.c:279)
08/13 15:14:40.945: [sbi] WARNING: Couldn't resolve host name (6): Could not resolve host: scp (../lib/sbi/client.c:767)
08/13 15:14:40.945: [sbi] WARNING: ogs_sbi_client_handler() failed [-1] (../lib/sbi/path.c:62)
08/13 15:14:51.891: [sbi] WARNING: [a2c0328a-9719-41f1-bc1d-7b76e258d70f] Retry registration with NRF (../lib/sbi/nf-sm.c:279)
08/13 15:14:51.956: [sbi] WARNING: Couldn't resolve host name (6): Could not resolve host: scp (../lib/sbi/client.c:767)
08/13 15:14:51.956: [sbi] WARNING: ogs_sbi_client_handler() failed [-1] (../lib/sbi/path.c:62)
08/13 15:15:02.903: [sbi] WARNING: [a2c0328a-9719-41f1-bc1d-7b76e258d70f] Retry registration with NRF (../lib/sbi/nf-sm.c:279)
08/13 15:15:02.967: [sbi] WARNING: Couldn't resolve host name (6): Could not resolve host: scp (../lib/sbi/client.c:767)
08/13 15:15:02.967: [sbi] WARNING: ogs_sbi_client_handler() failed [-1] (../lib/sbi/path.c:62)
08/13 15:15:13.912: [sbi] WARNING: [a2c0328a-9719-41f1-bc1d-7b76e258d70f] Retry registration with NRF (../lib/sbi/nf-sm.c:279)
08/13 15:15:13.977: [sbi] WARNING: Couldn't resolve host name (6): Could not resolve host: scp (../lib/sbi/client.c:767)
08/13 15:15:13.977: [sbi] WARNING: ogs_sbi_client_handler() failed [-1] (../lib/sbi/path.c:62)
08/13 15:15:24.924: [sbi] WARNING: [a2c0328a-9719-41f1-bc1d-7b76e258d70f] Retry registration with NRF (../lib/sbi/nf-sm.c:279)
08/13 15:15:24.988: [sbi] WARNING: Couldn't resolve host name (6): Could not resolve host: scp (../lib/sbi/client.c:767)
08/13 15:15:24.989: [sbi] WARNING: ogs_sbi_client_handler() failed [-1] (../lib/sbi/path.c:62)
08/13 15:15:35.934: [sbi] WARNING: [a2c0328a-9719-41f1-bc1d-7b76e258d70f] Retry registration with NRF (../lib/sbi/nf-sm.c:279)
08/13 15:15:35.998: [sbi] WARNING: Couldn't resolve host name (6): Could not resolve host: scp (../lib/sbi/client.c:767)
08/13 15:15:35.998: [sbi] WARNING: ogs_sbi_client_handler() failed [-1] (../lib/sbi/path.c:62)
08/13 15:15:46.940: [sbi] WARNING: [a2c0328a-9719-41f1-bc1d-7b76e258d70f] Retry registration with NRF (../lib/sbi/nf-sm.c:279)
08/13 15:15:47.005: [sbi] WARNING: Couldn't resolve host name (6): Could not resolve host: scp (../lib/sbi/client.c:767)
08/13 15:15:47.005: [sbi] WARNING: ogs_sbi_client_handler() failed [-1] (../lib/sbi/path.c:62)
08/13 15:15:57.951: [sbi] WARNING: [a2c0328a-9719-41f1-bc1d-7b76e258d70f] Retry registration with NRF (../lib/sbi/nf-sm.c:279)
08/13 15:15:58.017: [sbi] WARNING: Couldn't resolve host name (6): Could not resolve host: scp (../lib/sbi/client.c:767)
08/13 15:15:58.017: [sbi] WARNING: ogs_sbi_client_handler() failed [-1] (../lib/sbi/path.c:62)
08/13 15:16:08.963: [sbi] WARNING: [a2c0328a-9719-41f1-bc1d-7b76e258d70f] Retry registration with NRF (../lib/sbi/nf-sm.c:279)
08/13 15:16:09.027: [sbi] WARNING: Couldn't resolve host name (6): Could not resolve host: scp (../lib/sbi/client.c:767)
08/13 15:16:09.027: [sbi] WARNING: ogs_sbi_client_handler() failed [-1] (../lib/sbi/path.c:62)
08/13 15:16:19.972: [sbi] WARNING: [a2c0328a-9719-41f1-bc1d-7b76e258d70f] Retry registration with NRF (../lib/sbi/nf-sm.c:279)
08/13 15:16:20.038: [sbi] WARNING: Couldn't resolve host name (6): Could not resolve host: scp (../lib/sbi/client.c:767)
08/13 15:16:20.038: [sbi] WARNING: ogs_sbi_client_handler() failed [-1] (../lib/sbi/path.c:62)
08/13 15:16:30.983: [sbi] WARNING: [a2c0328a-9719-41f1-bc1d-7b76e258d70f] Retry registration with NRF (../lib/sbi/nf-sm.c:279)
08/13 15:16:31.052: [sbi] WARNING: Couldn't resolve host name (6): Could not resolve host: scp (../lib/sbi/client.c:767)
08/13 15:16:31.052: [sbi] WARNING: ogs_sbi_client_handler() failed [-1] (../lib/sbi/path.c:62)
08/13 15:16:41.994: [sbi] WARNING: [a2c0328a-9719-41f1-bc1d-7b76e258d70f] Retry registration with NRF (../lib/sbi/nf-sm.c:279)
08/13 15:16:42.059: [sbi] WARNING: Couldn't resolve host name (6): Could not resolve host: scp (../lib/sbi/client.c:767)
08/13 15:16:42.059: [sbi] WARNING: ogs_sbi_client_handler() failed [-1] (../lib/sbi/path.c:62)
08/13 15:16:53.002: [sbi] WARNING: [a2c0328a-9719-41f1-bc1d-7b76e258d70f] Retry registration with NRF (../lib/sbi/nf-sm.c:279)
08/13 15:16:53.066: [sbi] WARNING: Couldn't resolve host name (6): Could not resolve host: scp (../lib/sbi/client.c:767)
08/13 15:16:53.066: [sbi] WARNING: ogs_sbi_client_handler() failed [-1] (../lib/sbi/path.c:62)
08/13 15:17:04.012: [sbi] WARNING: [a2c0328a-9719-41f1-bc1d-7b76e258d70f] Retry registration with NRF (../lib/sbi/nf-sm.c:279)
08/13 15:17:04.077: [sbi] WARNING: Couldn't resolve host name (6): Could not resolve host: scp (../lib/sbi/client.c:767)
08/13 15:17:04.077: [sbi] WARNING: ogs_sbi_client_handler() failed [-1] (../lib/sbi/path.c:62)
08/13 15:17:15.020: [sbi] WARNING: [a2c0328a-9719-41f1-bc1d-7b76e258d70f] Retry registration with NRF (../lib/sbi/nf-sm.c:279)
08/13 15:17:15.085: [sbi] WARNING: Couldn't resolve host name (6): Could not resolve host: scp (../lib/sbi/client.c:767)
08/13 15:17:15.085: [sbi] WARNING: ogs_sbi_client_handler() failed [-1] (../lib/sbi/path.c:62)
08/13 15:17:26.021: [sbi] WARNING: [a2c0328a-9719-41f1-bc1d-7b76e258d70f] Retry registration with NRF (../lib/sbi/nf-sm.c:279)
08/13 15:17:26.086: [sbi] WARNING: Couldn't resolve host name (6): Could not resolve host: scp (../lib/sbi/client.c:767)
08/13 15:17:26.086: [sbi] WARNING: ogs_sbi_client_handler() failed [-1] (../lib/sbi/path.c:62)
08/13 15:17:37.033: [sbi] WARNING: [a2c0328a-9719-41f1-bc1d-7b76e258d70f] Retry registration with NRF (../lib/sbi/nf-sm.c:279)
08/13 15:17:37.096: [sbi] WARNING: Couldn't resolve host name (6): Could not resolve host: scp (../lib/sbi/client.c:767)
08/13 15:17:37.097: [sbi] WARNING: ogs_sbi_client_handler() failed [-1] (../lib/sbi/path.c:62)
08/13 15:17:48.043: [sbi] WARNING: [a2c0328a-9719-41f1-bc1d-7b76e258d70f] Retry registration with NRF (../lib/sbi/nf-sm.c:279)
08/13 15:17:48.107: [sbi] WARNING: Couldn't resolve host name (6): Could not resolve host: scp (../lib/sbi/client.c:767)
08/13 15:17:48.107: [sbi] WARNING: ogs_sbi_client_handler() failed [-1] (../lib/sbi/path.c:62)
08/13 15:17:59.045: [sbi] WARNING: [a2c0328a-9719-41f1-bc1d-7b76e258d70f] Retry registration with NRF (../lib/sbi/nf-sm.c:279)
08/13 15:17:59.111: [sbi] WARNING: Couldn't resolve host name (6): Could not resolve host: scp (../lib/sbi/client.c:767)
08/13 15:17:59.111: [sbi] WARNING: ogs_sbi_client_handler() failed [-1] (../lib/sbi/path.c:62)
08/13 15:18:10.052: [sbi] WARNING: [a2c0328a-9719-41f1-bc1d-7b76e258d70f] Retry registration with NRF (../lib/sbi/nf-sm.c:279)
08/13 15:18:10.116: [sbi] WARNING: Couldn't resolve host name (6): Could not resolve host: scp (../lib/sbi/client.c:767)
08/13 15:18:10.116: [sbi] WARNING: ogs_sbi_client_handler() failed [-1] (../lib/sbi/path.c:62)
08/13 15:18:21.063: [sbi] WARNING: [a2c0328a-9719-41f1-bc1d-7b76e258d70f] Retry registration with NRF (../lib/sbi/nf-sm.c:279)
08/13 15:18:21.129: [sbi] WARNING: Couldn't resolve host name (6): Could not resolve host: scp (../lib/sbi/client.c:767)
08/13 15:18:21.129: [sbi] WARNING: ogs_sbi_client_handler() failed [-1] (../lib/sbi/path.c:62)
08/13 15:18:32.074: [sbi] WARNING: [a2c0328a-9719-41f1-bc1d-7b76e258d70f] Retry registration with NRF (../lib/sbi/nf-sm.c:279)
08/13 15:18:32.139: [sbi] WARNING: Couldn't resolve host name (6): Could not resolve host: scp (../lib/sbi/client.c:767)
08/13 15:18:32.139: [sbi] WARNING: ogs_sbi_client_handler() failed [-1] (../lib/sbi/path.c:62)
08/13 15:18:43.086: [sbi] WARNING: [a2c0328a-9719-41f1-bc1d-7b76e258d70f] Retry registration with NRF (../lib/sbi/nf-sm.c:279)
08/13 15:18:43.151: [sbi] WARNING: Couldn't resolve host name (6): Could not resolve host: scp (../lib/sbi/client.c:767)
08/13 15:18:43.151: [sbi] WARNING: ogs_sbi_client_handler() failed [-1] (../lib/sbi/path.c:62)
08/13 15:18:54.095: [sbi] WARNING: [a2c0328a-9719-41f1-bc1d-7b76e258d70f] Retry registration with NRF (../lib/sbi/nf-sm.c:279)
08/13 15:18:54.161: [sbi] WARNING: Couldn't resolve host name (6): Could not resolve host: scp (../lib/sbi/client.c:767)
08/13 15:18:54.161: [sbi] WARNING: ogs_sbi_client_handler() failed [-1] (../lib/sbi/path.c:62)
08/13 15:19:05.101: [sbi] WARNING: [a2c0328a-9719-41f1-bc1d-7b76e258d70f] Retry registration with NRF (../lib/sbi/nf-sm.c:279)
08/13 15:19:05.176: [sbi] WARNING: Couldn't resolve host name (6): Could not resolve host: scp (../lib/sbi/client.c:767)
08/13 15:19:05.176: [sbi] WARNING: ogs_sbi_client_handler() failed [-1] (../lib/sbi/path.c:62)
08/13 15:19:16.103: [sbi] WARNING: [a2c0328a-9719-41f1-bc1d-7b76e258d70f] Retry registration with NRF (../lib/sbi/nf-sm.c:279)
08/13 15:19:16.169: [sbi] WARNING: Couldn't resolve host name (6): Could not resolve host: scp (../lib/sbi/client.c:767)
08/13 15:19:16.169: [sbi] WARNING: ogs_sbi_client_handler() failed [-1] (../lib/sbi/path.c:62)
08/13 15:19:27.115: [sbi] WARNING: [a2c0328a-9719-41f1-bc1d-7b76e258d70f] Retry registration with NRF (../lib/sbi/nf-sm.c:279)
08/13 15:19:27.180: [sbi] WARNING: Couldn't resolve host name (6): Could not resolve host: scp (../lib/sbi/client.c:767)
08/13 15:19:27.180: [sbi] WARNING: ogs_sbi_client_handler() failed [-1] (../lib/sbi/path.c:62)
08/13 15:19:38.126: [sbi] WARNING: [a2c0328a-9719-41f1-bc1d-7b76e258d70f] Retry registration with NRF (../lib/sbi/nf-sm.c:279)
08/13 15:19:38.193: [sbi] WARNING: Couldn't resolve host name (6): Could not resolve host: scp (../lib/sbi/client.c:767)
08/13 15:19:38.193: [sbi] WARNING: ogs_sbi_client_handler() failed [-1] (../lib/sbi/path.c:62)
08/13 15:19:49.127: [sbi] WARNING: [a2c0328a-9719-41f1-bc1d-7b76e258d70f] Retry registration with NRF (../lib/sbi/nf-sm.c:279)
08/13 15:19:49.192: [sbi] WARNING: Couldn't resolve host name (6): Could not resolve host: scp (../lib/sbi/client.c:767)
08/13 15:19:49.192: [sbi] WARNING: ogs_sbi_client_handler() failed [-1] (../lib/sbi/path.c:62)
08/13 15:20:00.135: [sbi] WARNING: [a2c0328a-9719-41f1-bc1d-7b76e258d70f] Retry registration with NRF (../lib/sbi/nf-sm.c:279)
08/13 15:20:00.201: [sbi] WARNING: Couldn't resolve host name (6): Could not resolve host: scp (../lib/sbi/client.c:767)
08/13 15:20:00.201: [sbi] WARNING: ogs_sbi_client_handler() failed [-1] (../lib/sbi/path.c:62)
08/13 15:20:11.142: [sbi] WARNING: [a2c0328a-9719-41f1-bc1d-7b76e258d70f] Retry registration with NRF (../lib/sbi/nf-sm.c:279)
08/13 15:20:11.211: [sbi] WARNING: Couldn't resolve host name (6): Could not resolve host: scp (../lib/sbi/client.c:767)
08/13 15:20:11.211: [sbi] WARNING: ogs_sbi_client_handler() failed [-1] (../lib/sbi/path.c:62)
08/13 15:20:22.149: [sbi] WARNING: [a2c0328a-9719-41f1-bc1d-7b76e258d70f] Retry registration with NRF (../lib/sbi/nf-sm.c:279)
08/13 15:20:22.215: [sbi] WARNING: Couldn't resolve host name (6): Could not resolve host: scp (../lib/sbi/client.c:767)
08/13 15:20:22.215: [sbi] WARNING: ogs_sbi_client_handler() failed [-1] (../lib/sbi/path.c:62)
08/13 15:20:33.160: [sbi] WARNING: [a2c0328a-9719-41f1-bc1d-7b76e258d70f] Retry registration with NRF (../lib/sbi/nf-sm.c:279)
08/13 15:20:33.228: [sbi] WARNING: Couldn't resolve host name (6): Could not resolve host: scp (../lib/sbi/client.c:767)
08/13 15:20:33.229: [sbi] WARNING: ogs_sbi_client_handler() failed [-1] (../lib/sbi/path.c:62)
08/13 15:20:44.171: [sbi] WARNING: [a2c0328a-9719-41f1-bc1d-7b76e258d70f] Retry registration with NRF (../lib/sbi/nf-sm.c:279)
08/13 15:20:44.238: [sbi] WARNING: Couldn't resolve host name (6): Could not resolve host: scp (../lib/sbi/client.c:767)
08/13 15:20:44.238: [sbi] WARNING: ogs_sbi_client_handler() failed [-1] (../lib/sbi/path.c:62)
08/13 15:20:55.181: [sbi] WARNING: [a2c0328a-9719-41f1-bc1d-7b76e258d70f] Retry registration with NRF (../lib/sbi/nf-sm.c:279)
08/13 15:20:55.246: [sbi] WARNING: Couldn't resolve host name (6): Could not resolve host: scp (../lib/sbi/client.c:767)
08/13 15:20:55.246: [sbi] WARNING: ogs_sbi_client_handler() failed [-1] (../lib/sbi/path.c:62)
08/13 15:21:06.190: [sbi] WARNING: [a2c0328a-9719-41f1-bc1d-7b76e258d70f] Retry registration with NRF (../lib/sbi/nf-sm.c:279)
08/13 15:21:06.257: [sbi] WARNING: Couldn't resolve host name (6): Could not resolve host: scp (../lib/sbi/client.c:767)
08/13 15:21:06.257: [sbi] WARNING: ogs_sbi_client_handler() failed [-1] (../lib/sbi/path.c:62)
08/13 15:21:17.202: [sbi] WARNING: [a2c0328a-9719-41f1-bc1d-7b76e258d70f] Retry registration with NRF (../lib/sbi/nf-sm.c:279)
08/13 15:21:17.267: [sbi] WARNING: Couldn't resolve host name (6): Could not resolve host: scp (../lib/sbi/client.c:767)
08/13 15:21:17.267: [sbi] WARNING: ogs_sbi_client_handler() failed [-1] (../lib/sbi/path.c:62)
08/13 15:21:28.211: [sbi] WARNING: [a2c0328a-9719-41f1-bc1d-7b76e258d70f] Retry registration with NRF (../lib/sbi/nf-sm.c:279)
08/13 15:21:28.277: [sbi] WARNING: Couldn't resolve host name (6): Could not resolve host: scp (../lib/sbi/client.c:767)
08/13 15:21:28.277: [sbi] WARNING: ogs_sbi_client_handler() failed [-1] (../lib/sbi/path.c:62)
08/13 15:21:39.220: [sbi] WARNING: [a2c0328a-9719-41f1-bc1d-7b76e258d70f] Retry registration with NRF (../lib/sbi/nf-sm.c:279)
08/13 15:21:39.285: [sbi] WARNING: Couldn't resolve host name (6): Could not resolve host: scp (../lib/sbi/client.c:767)
08/13 15:21:39.285: [sbi] WARNING: ogs_sbi_client_handler() failed [-1] (../lib/sbi/path.c:62)
08/13 15:21:50.231: [sbi] WARNING: [a2c0328a-9719-41f1-bc1d-7b76e258d70f] Retry registration with NRF (../lib/sbi/nf-sm.c:279)
08/13 15:21:50.297: [sbi] WARNING: Couldn't resolve host name (6): Could not resolve host: scp (../lib/sbi/client.c:767)
08/13 15:21:50.297: [sbi] WARNING: ogs_sbi_client_handler() failed [-1] (../lib/sbi/path.c:62)
08/13 15:22:01.232: [sbi] WARNING: [a2c0328a-9719-41f1-bc1d-7b76e258d70f] Retry registration with NRF (../lib/sbi/nf-sm.c:279)
08/13 15:22:01.297: [sbi] WARNING: Couldn't resolve host name (6): Could not resolve host: scp (../lib/sbi/client.c:767)
08/13 15:22:01.297: [sbi] WARNING: ogs_sbi_client_handler() failed [-1] (../lib/sbi/path.c:62)
08/13 15:22:12.237: [sbi] WARNING: [a2c0328a-9719-41f1-bc1d-7b76e258d70f] Retry registration with NRF (../lib/sbi/nf-sm.c:279)
08/13 15:22:12.305: [sbi] WARNING: Couldn't resolve host name (6): Could not resolve host: scp (../lib/sbi/client.c:767)
08/13 15:22:12.305: [sbi] WARNING: ogs_sbi_client_handler() failed [-1] (../lib/sbi/path.c:62)
08/13 15:22:23.249: [sbi] WARNING: [a2c0328a-9719-41f1-bc1d-7b76e258d70f] Retry registration with NRF (../lib/sbi/nf-sm.c:279)
08/13 15:22:23.314: [sbi] WARNING: Couldn't resolve host name (6): Could not resolve host: scp (../lib/sbi/client.c:767)
08/13 15:22:23.314: [sbi] WARNING: ogs_sbi_client_handler() failed [-1] (../lib/sbi/path.c:62)
08/13 15:22:34.261: [sbi] WARNING: [a2c0328a-9719-41f1-bc1d-7b76e258d70f] Retry registration with NRF (../lib/sbi/nf-sm.c:279)
08/13 15:22:34.325: [sbi] WARNING: Couldn't resolve host name (6): Could not resolve host: scp (../lib/sbi/client.c:767)
08/13 15:22:34.325: [sbi] WARNING: ogs_sbi_client_handler() failed [-1] (../lib/sbi/path.c:62)
08/13 15:22:45.271: [sbi] WARNING: [a2c0328a-9719-41f1-bc1d-7b76e258d70f] Retry registration with NRF (../lib/sbi/nf-sm.c:279)
08/13 15:22:45.337: [sbi] WARNING: Couldn't resolve host name (6): Could not resolve host: scp (../lib/sbi/client.c:767)
08/13 15:22:45.337: [sbi] WARNING: ogs_sbi_client_handler() failed [-1] (../lib/sbi/path.c:62)
08/13 15:22:56.274: [sbi] WARNING: [a2c0328a-9719-41f1-bc1d-7b76e258d70f] Retry registration with NRF (../lib/sbi/nf-sm.c:279)
08/13 15:22:56.339: [sbi] WARNING: Couldn't resolve host name (6): Could not resolve host: scp (../lib/sbi/client.c:767)
08/13 15:22:56.339: [sbi] WARNING: ogs_sbi_client_handler() failed [-1] (../lib/sbi/path.c:62)
08/13 15:23:07.285: [sbi] WARNING: [a2c0328a-9719-41f1-bc1d-7b76e258d70f] Retry registration with NRF (../lib/sbi/nf-sm.c:279)
08/13 15:23:07.349: [sbi] WARNING: Couldn't resolve host name (6): Could not resolve host: scp (../lib/sbi/client.c:767)
08/13 15:23:07.349: [sbi] WARNING: ogs_sbi_client_handler() failed [-1] (../lib/sbi/path.c:62)
08/13 15:23:18.295: [sbi] WARNING: [a2c0328a-9719-41f1-bc1d-7b76e258d70f] Retry registration with NRF (../lib/sbi/nf-sm.c:279)
08/13 15:23:18.360: [sbi] WARNING: Couldn't resolve host name (6): Could not resolve host: scp (../lib/sbi/client.c:767)
08/13 15:23:18.360: [sbi] WARNING: ogs_sbi_client_handler() failed [-1] (../lib/sbi/path.c:62)
08/13 15:23:29.303: [sbi] WARNING: [a2c0328a-9719-41f1-bc1d-7b76e258d70f] Retry registration with NRF (../lib/sbi/nf-sm.c:279)
08/13 15:23:29.367: [sbi] WARNING: Couldn't resolve host name (6): Could not resolve host: scp (../lib/sbi/client.c:767)
08/13 15:23:29.367: [sbi] WARNING: ogs_sbi_client_handler() failed [-1] (../lib/sbi/path.c:62)
08/13 15:23:40.311: [sbi] WARNING: [a2c0328a-9719-41f1-bc1d-7b76e258d70f] Retry registration with NRF (../lib/sbi/nf-sm.c:279)
08/13 15:23:40.376: [sbi] WARNING: Couldn't resolve host name (6): Could not resolve host: scp (../lib/sbi/client.c:767)
08/13 15:23:40.376: [sbi] WARNING: ogs_sbi_client_handler() failed [-1] (../lib/sbi/path.c:62)
08/13 15:23:51.323: [sbi] WARNING: [a2c0328a-9719-41f1-bc1d-7b76e258d70f] Retry registration with NRF (../lib/sbi/nf-sm.c:279)
08/13 15:23:51.388: [sbi] WARNING: Couldn't resolve host name (6): Could not resolve host: scp (../lib/sbi/client.c:767)
08/13 15:23:51.388: [sbi] WARNING: ogs_sbi_client_handler() failed [-1] (../lib/sbi/path.c:62)
08/13 15:24:02.334: [sbi] WARNING: [a2c0328a-9719-41f1-bc1d-7b76e258d70f] Retry registration with NRF (../lib/sbi/nf-sm.c:279)
08/13 15:24:02.401: [sbi] WARNING: Couldn't resolve host name (6): Could not resolve host: scp (../lib/sbi/client.c:767)
08/13 15:24:02.401: [sbi] WARNING: ogs_sbi_client_handler() failed [-1] (../lib/sbi/path.c:62)
08/13 15:24:13.346: [sbi] WARNING: [a2c0328a-9719-41f1-bc1d-7b76e258d70f] Retry registration with NRF (../lib/sbi/nf-sm.c:279)
08/13 15:24:13.411: [sbi] WARNING: Couldn't resolve host name (6): Could not resolve host: scp (../lib/sbi/client.c:767)
08/13 15:24:13.411: [sbi] WARNING: ogs_sbi_client_handler() failed [-1] (../lib/sbi/path.c:62)
08/13 15:24:24.348: [sbi] WARNING: [a2c0328a-9719-41f1-bc1d-7b76e258d70f] Retry registration with NRF (../lib/sbi/nf-sm.c:279)
08/13 15:24:24.414: [sbi] WARNING: Couldn't resolve host name (6): Could not resolve host: scp (../lib/sbi/client.c:767)
08/13 15:24:24.414: [sbi] WARNING: ogs_sbi_client_handler() failed [-1] (../lib/sbi/path.c:62)
08/13 15:24:35.352: [sbi] WARNING: [a2c0328a-9719-41f1-bc1d-7b76e258d70f] Retry registration with NRF (../lib/sbi/nf-sm.c:279)
08/13 15:24:35.419: [sbi] WARNING: Couldn't resolve host name (6): Could not resolve host: scp (../lib/sbi/client.c:767)
08/13 15:24:35.419: [sbi] WARNING: ogs_sbi_client_handler() failed [-1] (../lib/sbi/path.c:62)
08/13 15:24:46.362: [sbi] WARNING: [a2c0328a-9719-41f1-bc1d-7b76e258d70f] Retry registration with NRF (../lib/sbi/nf-sm.c:279)
08/13 15:24:46.427: [sbi] WARNING: Couldn't resolve host name (6): Could not resolve host: scp (../lib/sbi/client.c:767)
08/13 15:24:46.427: [sbi] WARNING: ogs_sbi_client_handler() failed [-1] (../lib/sbi/path.c:62)
08/13 15:24:57.368: [sbi] WARNING: [a2c0328a-9719-41f1-bc1d-7b76e258d70f] Retry registration with NRF (../lib/sbi/nf-sm.c:279)
08/13 15:24:57.434: [sbi] WARNING: Couldn't resolve host name (6): Could not resolve host: scp (../lib/sbi/client.c:767)
08/13 15:24:57.434: [sbi] WARNING: ogs_sbi_client_handler() failed [-1] (../lib/sbi/path.c:62)
08/13 15:25:08.375: [sbi] WARNING: [a2c0328a-9719-41f1-bc1d-7b76e258d70f] Retry registration with NRF (../lib/sbi/nf-sm.c:279)
08/13 15:25:08.453: [sbi] WARNING: Couldn't resolve host name (6): Could not resolve host: scp (../lib/sbi/client.c:767)
08/13 15:25:08.453: [sbi] WARNING: ogs_sbi_client_handler() failed [-1] (../lib/sbi/path.c:62)
08/13 15:25:19.387: [sbi] WARNING: [a2c0328a-9719-41f1-bc1d-7b76e258d70f] Retry registration with NRF (../lib/sbi/nf-sm.c:279)
08/13 15:25:19.451: [sbi] WARNING: Couldn't resolve host name (6): Could not resolve host: scp (../lib/sbi/client.c:767)
08/13 15:25:19.451: [sbi] WARNING: ogs_sbi_client_handler() failed [-1] (../lib/sbi/path.c:62)
08/13 15:25:30.395: [sbi] WARNING: [a2c0328a-9719-41f1-bc1d-7b76e258d70f] Retry registration with NRF (../lib/sbi/nf-sm.c:279)
08/13 15:25:30.461: [sbi] WARNING: Couldn't resolve host name (6): Could not resolve host: scp (../lib/sbi/client.c:767)
08/13 15:25:30.461: [sbi] WARNING: ogs_sbi_client_handler() failed [-1] (../lib/sbi/path.c:62)
08/13 15:25:41.397: [sbi] WARNING: [a2c0328a-9719-41f1-bc1d-7b76e258d70f] Retry registration with NRF (../lib/sbi/nf-sm.c:279)
08/13 15:25:41.462: [sbi] WARNING: Couldn't resolve host name (6): Could not resolve host: scp (../lib/sbi/client.c:767)
08/13 15:25:41.462: [sbi] WARNING: ogs_sbi_client_handler() failed [-1] (../lib/sbi/path.c:62)
08/13 15:25:52.408: [sbi] WARNING: [a2c0328a-9719-41f1-bc1d-7b76e258d70f] Retry registration with NRF (../lib/sbi/nf-sm.c:279)
08/13 15:25:52.475: [sbi] WARNING: Couldn't resolve host name (6): Could not resolve host: scp (../lib/sbi/client.c:767)
08/13 15:25:52.475: [sbi] WARNING: ogs_sbi_client_handler() failed [-1] (../lib/sbi/path.c:62)
08/13 15:26:03.410: [sbi] WARNING: [a2c0328a-9719-41f1-bc1d-7b76e258d70f] Retry registration with NRF (../lib/sbi/nf-sm.c:279)
08/13 15:26:03.474: [sbi] WARNING: Couldn't resolve host name (6): Could not resolve host: scp (../lib/sbi/client.c:767)
08/13 15:26:03.474: [sbi] WARNING: ogs_sbi_client_handler() failed [-1] (../lib/sbi/path.c:62)
08/13 15:26:14.417: [sbi] WARNING: [a2c0328a-9719-41f1-bc1d-7b76e258d70f] Retry registration with NRF (../lib/sbi/nf-sm.c:279)
08/13 15:26:14.486: [sbi] WARNING: Couldn't resolve host name (6): Could not resolve host: scp (../lib/sbi/client.c:767)
08/13 15:26:14.487: [sbi] WARNING: ogs_sbi_client_handler() failed [-1] (../lib/sbi/path.c:62)
08/13 15:26:25.429: [sbi] WARNING: [a2c0328a-9719-41f1-bc1d-7b76e258d70f] Retry registration with NRF (../lib/sbi/nf-sm.c:279)
08/13 15:26:25.494: [sbi] WARNING: Couldn't resolve host name (6): Could not resolve host: scp (../lib/sbi/client.c:767)
08/13 15:26:25.494: [sbi] WARNING: ogs_sbi_client_handler() failed [-1] (../lib/sbi/path.c:62)
08/13 15:26:36.436: [sbi] WARNING: [a2c0328a-9719-41f1-bc1d-7b76e258d70f] Retry registration with NRF (../lib/sbi/nf-sm.c:279)
08/13 15:26:36.500: [sbi] WARNING: Couldn't resolve host name (6): Could not resolve host: scp (../lib/sbi/client.c:767)
08/13 15:26:36.500: [sbi] WARNING: ogs_sbi_client_handler() failed [-1] (../lib/sbi/path.c:62)
08/13 15:26:47.442: [sbi] WARNING: [a2c0328a-9719-41f1-bc1d-7b76e258d70f] Retry registration with NRF (../lib/sbi/nf-sm.c:279)
08/13 15:26:47.507: [sbi] WARNING: Couldn't resolve host name (6): Could not resolve host: scp (../lib/sbi/client.c:767)
08/13 15:26:47.507: [sbi] WARNING: ogs_sbi_client_handler() failed [-1] (../lib/sbi/path.c:62)
08/13 15:26:58.452: [sbi] WARNING: [a2c0328a-9719-41f1-bc1d-7b76e258d70f] Retry registration with NRF (../lib/sbi/nf-sm.c:279)
08/13 15:26:58.517: [sbi] WARNING: Couldn't resolve host name (6): Could not resolve host: scp (../lib/sbi/client.c:767)
08/13 15:26:58.517: [sbi] WARNING: ogs_sbi_client_handler() failed [-1] (../lib/sbi/path.c:62)
08/13 15:27:09.463: [sbi] WARNING: [a2c0328a-9719-41f1-bc1d-7b76e258d70f] Retry registration with NRF (../lib/sbi/nf-sm.c:279)
08/13 15:27:09.527: [sbi] WARNING: Couldn't resolve host name (6): Could not resolve host: scp (../lib/sbi/client.c:767)
08/13 15:27:09.528: [sbi] WARNING: ogs_sbi_client_handler() failed [-1] (../lib/sbi/path.c:62)
08/13 15:27:20.464: [sbi] WARNING: [a2c0328a-9719-41f1-bc1d-7b76e258d70f] Retry registration with NRF (../lib/sbi/nf-sm.c:279)
08/13 15:27:20.529: [sbi] WARNING: Couldn't resolve host name (6): Could not resolve host: scp (../lib/sbi/client.c:767)
08/13 15:27:20.529: [sbi] WARNING: ogs_sbi_client_handler() failed [-1] (../lib/sbi/path.c:62)
08/13 15:27:31.475: [sbi] WARNING: [a2c0328a-9719-41f1-bc1d-7b76e258d70f] Retry registration with NRF (../lib/sbi/nf-sm.c:279)
08/13 15:27:31.540: [sbi] WARNING: Couldn't resolve host name (6): Could not resolve host: scp (../lib/sbi/client.c:767)
08/13 15:27:31.540: [sbi] WARNING: ogs_sbi_client_handler() failed [-1] (../lib/sbi/path.c:62)
08/13 15:27:42.482: [sbi] WARNING: [a2c0328a-9719-41f1-bc1d-7b76e258d70f] Retry registration with NRF (../lib/sbi/nf-sm.c:279)
08/13 15:27:42.549: [sbi] WARNING: Couldn't resolve host name (6): Could not resolve host: scp (../lib/sbi/client.c:767)
08/13 15:27:42.549: [sbi] WARNING: ogs_sbi_client_handler() failed [-1] (../lib/sbi/path.c:62)
08/13 15:27:53.487: [sbi] WARNING: [a2c0328a-9719-41f1-bc1d-7b76e258d70f] Retry registration with NRF (../lib/sbi/nf-sm.c:279)
08/13 15:27:53.552: [sbi] WARNING: Couldn't resolve host name (6): Could not resolve host: scp (../lib/sbi/client.c:767)
08/13 15:27:53.552: [sbi] WARNING: ogs_sbi_client_handler() failed [-1] (../lib/sbi/path.c:62)
08/13 15:28:04.490: [sbi] WARNING: [a2c0328a-9719-41f1-bc1d-7b76e258d70f] Retry registration with NRF (../lib/sbi/nf-sm.c:279)
08/13 15:28:04.554: [sbi] WARNING: Couldn't resolve host name (6): Could not resolve host: scp (../lib/sbi/client.c:767)
08/13 15:28:04.554: [sbi] WARNING: ogs_sbi_client_handler() failed [-1] (../lib/sbi/path.c:62)
08/13 15:28:15.495: [sbi] WARNING: [a2c0328a-9719-41f1-bc1d-7b76e258d70f] Retry registration with NRF (../lib/sbi/nf-sm.c:279)
08/13 15:28:15.561: [sbi] WARNING: Couldn't resolve host name (6): Could not resolve host: scp (../lib/sbi/client.c:767)
08/13 15:28:15.561: [sbi] WARNING: ogs_sbi_client_handler() failed [-1] (../lib/sbi/path.c:62)
08/13 15:28:26.499: [sbi] WARNING: [a2c0328a-9719-41f1-bc1d-7b76e258d70f] Retry registration with NRF (../lib/sbi/nf-sm.c:279)
08/13 15:28:26.563: [sbi] WARNING: Couldn't resolve host name (6): Could not resolve host: scp (../lib/sbi/client.c:767)
08/13 15:28:26.563: [sbi] WARNING: ogs_sbi_client_handler() failed [-1] (../lib/sbi/path.c:62)
08/13 15:28:37.502: [sbi] WARNING: [a2c0328a-9719-41f1-bc1d-7b76e258d70f] Retry registration with NRF (../lib/sbi/nf-sm.c:279)
08/13 15:28:37.567: [sbi] WARNING: Couldn't resolve host name (6): Could not resolve host: scp (../lib/sbi/client.c:767)
08/13 15:28:37.567: [sbi] WARNING: ogs_sbi_client_handler() failed [-1] (../lib/sbi/path.c:62)
08/13 15:28:48.505: [sbi] WARNING: [a2c0328a-9719-41f1-bc1d-7b76e258d70f] Retry registration with NRF (../lib/sbi/nf-sm.c:279)
08/13 15:28:48.570: [sbi] WARNING: Couldn't resolve host name (6): Could not resolve host: scp (../lib/sbi/client.c:767)
08/13 15:28:48.570: [sbi] WARNING: ogs_sbi_client_handler() failed [-1] (../lib/sbi/path.c:62)
08/13 15:28:59.517: [sbi] WARNING: [a2c0328a-9719-41f1-bc1d-7b76e258d70f] Retry registration with NRF (../lib/sbi/nf-sm.c:279)
08/13 15:28:59.582: [sbi] WARNING: Couldn't resolve host name (6): Could not resolve host: scp (../lib/sbi/client.c:767)
08/13 15:28:59.582: [sbi] WARNING: ogs_sbi_client_handler() failed [-1] (../lib/sbi/path.c:62)
08/13 15:29:10.522: [sbi] WARNING: [a2c0328a-9719-41f1-bc1d-7b76e258d70f] Retry registration with NRF (../lib/sbi/nf-sm.c:279)
08/13 15:29:10.589: [sbi] WARNING: Couldn't resolve host name (6): Could not resolve host: scp (../lib/sbi/client.c:767)
08/13 15:29:10.589: [sbi] WARNING: ogs_sbi_client_handler() failed [-1] (../lib/sbi/path.c:62)
08/13 15:29:21.534: [sbi] WARNING: [a2c0328a-9719-41f1-bc1d-7b76e258d70f] Retry registration with NRF (../lib/sbi/nf-sm.c:279)
08/13 15:29:21.599: [sbi] WARNING: Couldn't resolve host name (6): Could not resolve host: scp (../lib/sbi/client.c:767)
08/13 15:29:21.599: [sbi] WARNING: ogs_sbi_client_handler() failed [-1] (../lib/sbi/path.c:62)
08/13 15:29:32.544: [sbi] WARNING: [a2c0328a-9719-41f1-bc1d-7b76e258d70f] Retry registration with NRF (../lib/sbi/nf-sm.c:279)
08/13 15:29:32.610: [sbi] WARNING: Couldn't resolve host name (6): Could not resolve host: scp (../lib/sbi/client.c:767)
08/13 15:29:32.610: [sbi] WARNING: ogs_sbi_client_handler() failed [-1] (../lib/sbi/path.c:62)
08/13 15:29:43.547: [sbi] WARNING: [a2c0328a-9719-41f1-bc1d-7b76e258d70f] Retry registration with NRF (../lib/sbi/nf-sm.c:279)
08/13 15:29:43.612: [sbi] WARNING: Couldn't resolve host name (6): Could not resolve host: scp (../lib/sbi/client.c:767)
08/13 15:29:43.612: [sbi] WARNING: ogs_sbi_client_handler() failed [-1] (../lib/sbi/path.c:62)
08/13 15:29:54.552: [sbi] WARNING: [a2c0328a-9719-41f1-bc1d-7b76e258d70f] Retry registration with NRF (../lib/sbi/nf-sm.c:279)
08/13 15:29:54.616: [sbi] WARNING: Couldn't resolve host name (6): Could not resolve host: scp (../lib/sbi/client.c:767)
08/13 15:29:54.617: [sbi] WARNING: ogs_sbi_client_handler() failed [-1] (../lib/sbi/path.c:62)
08/13 15:30:05.562: [sbi] WARNING: [a2c0328a-9719-41f1-bc1d-7b76e258d70f] Retry registration with NRF (../lib/sbi/nf-sm.c:279)
08/13 15:30:05.627: [sbi] WARNING: Couldn't resolve host name (6): Could not resolve host: scp (../lib/sbi/client.c:767)
08/13 15:30:05.627: [sbi] WARNING: ogs_sbi_client_handler() failed [-1] (../lib/sbi/path.c:62)
08/13 15:30:16.567: [sbi] WARNING: [a2c0328a-9719-41f1-bc1d-7b76e258d70f] Retry registration with NRF (../lib/sbi/nf-sm.c:279)
08/13 15:30:16.632: [sbi] WARNING: Couldn't resolve host name (6): Could not resolve host: scp (../lib/sbi/client.c:767)
08/13 15:30:16.632: [sbi] WARNING: ogs_sbi_client_handler() failed [-1] (../lib/sbi/path.c:62)
08/13 15:30:27.578: [sbi] WARNING: [a2c0328a-9719-41f1-bc1d-7b76e258d70f] Retry registration with NRF (../lib/sbi/nf-sm.c:279)
08/13 15:30:27.643: [sbi] WARNING: Couldn't resolve host name (6): Could not resolve host: scp (../lib/sbi/client.c:767)
08/13 15:30:27.643: [sbi] WARNING: ogs_sbi_client_handler() failed [-1] (../lib/sbi/path.c:62)
08/13 15:30:38.580: [sbi] WARNING: [a2c0328a-9719-41f1-bc1d-7b76e258d70f] Retry registration with NRF (../lib/sbi/nf-sm.c:279)
08/13 15:30:38.647: [sbi] WARNING: Couldn't resolve host name (6): Could not resolve host: scp (../lib/sbi/client.c:767)
08/13 15:30:38.647: [sbi] WARNING: ogs_sbi_client_handler() failed [-1] (../lib/sbi/path.c:62)
08/13 15:30:49.589: [sbi] WARNING: [a2c0328a-9719-41f1-bc1d-7b76e258d70f] Retry registration with NRF (../lib/sbi/nf-sm.c:279)
08/13 15:30:49.665: [sbi] WARNING: Couldn't resolve host name (6): Could not resolve host: scp (../lib/sbi/client.c:767)
08/13 15:30:49.665: [sbi] WARNING: ogs_sbi_client_handler() failed [-1] (../lib/sbi/path.c:62)
08/13 15:31:00.601: [sbi] WARNING: [a2c0328a-9719-41f1-bc1d-7b76e258d70f] Retry registration with NRF (../lib/sbi/nf-sm.c:279)
08/13 15:31:00.666: [sbi] WARNING: Couldn't resolve host name (6): Could not resolve host: scp (../lib/sbi/client.c:767)
08/13 15:31:00.666: [sbi] WARNING: ogs_sbi_client_handler() failed [-1] (../lib/sbi/path.c:62)
08/13 15:31:11.613: [sbi] WARNING: [a2c0328a-9719-41f1-bc1d-7b76e258d70f] Retry registration with NRF (../lib/sbi/nf-sm.c:279)
08/13 15:31:11.678: [sbi] WARNING: Couldn't resolve host name (6): Could not resolve host: scp (../lib/sbi/client.c:767)
08/13 15:31:11.678: [sbi] WARNING: ogs_sbi_client_handler() failed [-1] (../lib/sbi/path.c:62)
08/13 15:31:22.622: [sbi] WARNING: [a2c0328a-9719-41f1-bc1d-7b76e258d70f] Retry registration with NRF (../lib/sbi/nf-sm.c:279)
08/13 15:31:22.686: [sbi] WARNING: Couldn't resolve host name (6): Could not resolve host: scp (../lib/sbi/client.c:767)
08/13 15:31:22.686: [sbi] WARNING: ogs_sbi_client_handler() failed [-1] (../lib/sbi/path.c:62)
08/13 15:31:33.629: [sbi] WARNING: [a2c0328a-9719-41f1-bc1d-7b76e258d70f] Retry registration with NRF (../lib/sbi/nf-sm.c:279)
08/13 15:31:33.695: [sbi] WARNING: Couldn't resolve host name (6): Could not resolve host: scp (../lib/sbi/client.c:767)
08/13 15:31:33.695: [sbi] WARNING: ogs_sbi_client_handler() failed [-1] (../lib/sbi/path.c:62)
08/13 15:31:44.638: [sbi] WARNING: [a2c0328a-9719-41f1-bc1d-7b76e258d70f] Retry registration with NRF (../lib/sbi/nf-sm.c:279)
08/13 15:31:44.704: [sbi] WARNING: Couldn't resolve host name (6): Could not resolve host: scp (../lib/sbi/client.c:767)
08/13 15:31:44.704: [sbi] WARNING: ogs_sbi_client_handler() failed [-1] (../lib/sbi/path.c:62)
08/13 15:31:55.642: [sbi] WARNING: [a2c0328a-9719-41f1-bc1d-7b76e258d70f] Retry registration with NRF (../lib/sbi/nf-sm.c:279)
08/13 15:31:55.706: [sbi] WARNING: Couldn't resolve host name (6): Could not resolve host: scp (../lib/sbi/client.c:767)
08/13 15:31:55.706: [sbi] WARNING: ogs_sbi_client_handler() failed [-1] (../lib/sbi/path.c:62)
08/13 15:32:06.653: [sbi] WARNING: [a2c0328a-9719-41f1-bc1d-7b76e258d70f] Retry registration with NRF (../lib/sbi/nf-sm.c:279)
08/13 15:32:06.720: [sbi] WARNING: Couldn't resolve host name (6): Could not resolve host: scp (../lib/sbi/client.c:767)
08/13 15:32:06.720: [sbi] WARNING: ogs_sbi_client_handler() failed [-1] (../lib/sbi/path.c:62)
08/13 15:32:17.661: [sbi] WARNING: [a2c0328a-9719-41f1-bc1d-7b76e258d70f] Retry registration with NRF (../lib/sbi/nf-sm.c:279)
08/13 15:32:17.725: [sbi] WARNING: Couldn't resolve host name (6): Could not resolve host: scp (../lib/sbi/client.c:767)
08/13 15:32:17.726: [sbi] WARNING: ogs_sbi_client_handler() failed [-1] (../lib/sbi/path.c:62)
08/13 15:32:28.668: [sbi] WARNING: [a2c0328a-9719-41f1-bc1d-7b76e258d70f] Retry registration with NRF (../lib/sbi/nf-sm.c:279)
08/13 15:32:28.734: [sbi] WARNING: Couldn't resolve host name (6): Could not resolve host: scp (../lib/sbi/client.c:767)
08/13 15:32:28.734: [sbi] WARNING: ogs_sbi_client_handler() failed [-1] (../lib/sbi/path.c:62)
08/13 15:32:39.675: [sbi] WARNING: [a2c0328a-9719-41f1-bc1d-7b76e258d70f] Retry registration with NRF (../lib/sbi/nf-sm.c:279)
08/13 15:32:39.739: [sbi] WARNING: Couldn't resolve host name (6): Could not resolve host: scp (../lib/sbi/client.c:767)
08/13 15:32:39.739: [sbi] WARNING: ogs_sbi_client_handler() failed [-1] (../lib/sbi/path.c:62)
08/13 15:32:50.685: [sbi] WARNING: [a2c0328a-9719-41f1-bc1d-7b76e258d70f] Retry registration with NRF (../lib/sbi/nf-sm.c:279)
08/13 15:32:50.751: [sbi] WARNING: Couldn't resolve host name (6): Could not resolve host: scp (../lib/sbi/client.c:767)
08/13 15:32:50.751: [sbi] WARNING: ogs_sbi_client_handler() failed [-1] (../lib/sbi/path.c:62)
08/13 15:33:01.693: [sbi] WARNING: [a2c0328a-9719-41f1-bc1d-7b76e258d70f] Retry registration with NRF (../lib/sbi/nf-sm.c:279)
08/13 15:33:01.758: [sbi] WARNING: Couldn't resolve host name (6): Could not resolve host: scp (../lib/sbi/client.c:767)
08/13 15:33:01.758: [sbi] WARNING: ogs_sbi_client_handler() failed [-1] (../lib/sbi/path.c:62)
08/13 15:33:12.702: [sbi] WARNING: [a2c0328a-9719-41f1-bc1d-7b76e258d70f] Retry registration with NRF (../lib/sbi/nf-sm.c:279)
08/13 15:33:12.766: [sbi] WARNING: Couldn't resolve host name (6): Could not resolve host: scp (../lib/sbi/client.c:767)
08/13 15:33:12.766: [sbi] WARNING: ogs_sbi_client_handler() failed [-1] (../lib/sbi/path.c:62)
08/13 15:33:23.713: [sbi] WARNING: [a2c0328a-9719-41f1-bc1d-7b76e258d70f] Retry registration with NRF (../lib/sbi/nf-sm.c:279)
08/13 15:33:23.778: [sbi] WARNING: Couldn't resolve host name (6): Could not resolve host: scp (../lib/sbi/client.c:767)
08/13 15:33:23.778: [sbi] WARNING: ogs_sbi_client_handler() failed [-1] (../lib/sbi/path.c:62)
08/13 15:33:34.725: [sbi] WARNING: [a2c0328a-9719-41f1-bc1d-7b76e258d70f] Retry registration with NRF (../lib/sbi/nf-sm.c:279)
08/13 15:33:34.792: [sbi] WARNING: Couldn't resolve host name (6): Could not resolve host: scp (../lib/sbi/client.c:767)
08/13 15:33:34.792: [sbi] WARNING: ogs_sbi_client_handler() failed [-1] (../lib/sbi/path.c:62)
08/13 15:33:45.731: [sbi] WARNING: [a2c0328a-9719-41f1-bc1d-7b76e258d70f] Retry registration with NRF (../lib/sbi/nf-sm.c:279)
08/13 15:33:45.797: [sbi] WARNING: Couldn't resolve host name (6): Could not resolve host: scp (../lib/sbi/client.c:767)
08/13 15:33:45.797: [sbi] WARNING: ogs_sbi_client_handler() failed [-1] (../lib/sbi/path.c:62)
08/13 15:33:56.743: [sbi] WARNING: [a2c0328a-9719-41f1-bc1d-7b76e258d70f] Retry registration with NRF (../lib/sbi/nf-sm.c:279)
08/13 15:33:56.808: [sbi] WARNING: Couldn't resolve host name (6): Could not resolve host: scp (../lib/sbi/client.c:767)
08/13 15:33:56.808: [sbi] WARNING: ogs_sbi_client_handler() failed [-1] (../lib/sbi/path.c:62)
08/13 15:34:07.755: [sbi] WARNING: [a2c0328a-9719-41f1-bc1d-7b76e258d70f] Retry registration with NRF (../lib/sbi/nf-sm.c:279)
08/13 15:34:07.821: [sbi] WARNING: Couldn't resolve host name (6): Could not resolve host: scp (../lib/sbi/client.c:767)
08/13 15:34:07.821: [sbi] WARNING: ogs_sbi_client_handler() failed [-1] (../lib/sbi/path.c:62)
08/13 15:34:18.762: [sbi] WARNING: [a2c0328a-9719-41f1-bc1d-7b76e258d70f] Retry registration with NRF (../lib/sbi/nf-sm.c:279)
08/13 15:34:18.827: [sbi] WARNING: Couldn't resolve host name (6): Could not resolve host: scp (../lib/sbi/client.c:767)
08/13 15:34:18.827: [sbi] WARNING: ogs_sbi_client_handler() failed [-1] (../lib/sbi/path.c:62)
08/13 15:34:29.771: [sbi] WARNING: [a2c0328a-9719-41f1-bc1d-7b76e258d70f] Retry registration with NRF (../lib/sbi/nf-sm.c:279)
08/13 15:34:29.836: [sbi] WARNING: Couldn't resolve host name (6): Could not resolve host: scp (../lib/sbi/client.c:767)
08/13 15:34:29.836: [sbi] WARNING: ogs_sbi_client_handler() failed [-1] (../lib/sbi/path.c:62)
08/13 15:34:40.776: [sbi] WARNING: [a2c0328a-9719-41f1-bc1d-7b76e258d70f] Retry registration with NRF (../lib/sbi/nf-sm.c:279)
08/13 15:34:40.842: [sbi] WARNING: Couldn't resolve host name (6): Could not resolve host: scp (../lib/sbi/client.c:767)
08/13 15:34:40.842: [sbi] WARNING: ogs_sbi_client_handler() failed [-1] (../lib/sbi/path.c:62)
08/13 15:34:51.788: [sbi] WARNING: [a2c0328a-9719-41f1-bc1d-7b76e258d70f] Retry registration with NRF (../lib/sbi/nf-sm.c:279)
08/13 15:34:51.854: [sbi] WARNING: Couldn't resolve host name (6): Could not resolve host: scp (../lib/sbi/client.c:767)
08/13 15:34:51.854: [sbi] WARNING: ogs_sbi_client_handler() failed [-1] (../lib/sbi/path.c:62)
08/13 15:35:02.797: [sbi] WARNING: [a2c0328a-9719-41f1-bc1d-7b76e258d70f] Retry registration with NRF (../lib/sbi/nf-sm.c:279)
08/13 15:35:02.861: [sbi] WARNING: Couldn't resolve host name (6): Could not resolve host: scp (../lib/sbi/client.c:767)
08/13 15:35:02.861: [sbi] WARNING: ogs_sbi_client_handler() failed [-1] (../lib/sbi/path.c:62)
08/13 15:35:13.809: [sbi] WARNING: [a2c0328a-9719-41f1-bc1d-7b76e258d70f] Retry registration with NRF (../lib/sbi/nf-sm.c:279)
08/13 15:35:13.887: [sbi] WARNING: Couldn't resolve host name (6): Could not resolve host: scp (../lib/sbi/client.c:767)
08/13 15:35:13.887: [sbi] WARNING: ogs_sbi_client_handler() failed [-1] (../lib/sbi/path.c:62)
08/13 15:35:24.819: [sbi] WARNING: [a2c0328a-9719-41f1-bc1d-7b76e258d70f] Retry registration with NRF (../lib/sbi/nf-sm.c:279)
08/13 15:35:24.883: [sbi] WARNING: Couldn't resolve host name (6): Could not resolve host: scp (../lib/sbi/client.c:767)
08/13 15:35:24.883: [sbi] WARNING: ogs_sbi_client_handler() failed [-1] (../lib/sbi/path.c:62)
08/13 15:35:35.828: [sbi] WARNING: [a2c0328a-9719-41f1-bc1d-7b76e258d70f] Retry registration with NRF (../lib/sbi/nf-sm.c:279)
08/13 15:35:35.893: [sbi] WARNING: Couldn't resolve host name (6): Could not resolve host: scp (../lib/sbi/client.c:767)
08/13 15:35:35.893: [sbi] WARNING: ogs_sbi_client_handler() failed [-1] (../lib/sbi/path.c:62)
08/13 15:35:46.836: [sbi] WARNING: [a2c0328a-9719-41f1-bc1d-7b76e258d70f] Retry registration with NRF (../lib/sbi/nf-sm.c:279)
08/13 15:35:46.902: [sbi] WARNING: Couldn't resolve host name (6): Could not resolve host: scp (../lib/sbi/client.c:767)
08/13 15:35:46.902: [sbi] WARNING: ogs_sbi_client_handler() failed [-1] (../lib/sbi/path.c:62)
08/13 15:35:57.838: [sbi] WARNING: [a2c0328a-9719-41f1-bc1d-7b76e258d70f] Retry registration with NRF (../lib/sbi/nf-sm.c:279)
08/13 15:35:57.904: [sbi] WARNING: Couldn't resolve host name (6): Could not resolve host: scp (../lib/sbi/client.c:767)
08/13 15:35:57.904: [sbi] WARNING: ogs_sbi_client_handler() failed [-1] (../lib/sbi/path.c:62)
08/13 15:36:08.849: [sbi] WARNING: [a2c0328a-9719-41f1-bc1d-7b76e258d70f] Retry registration with NRF (../lib/sbi/nf-sm.c:279)
08/13 15:36:08.914: [sbi] WARNING: Couldn't resolve host name (6): Could not resolve host: scp (../lib/sbi/client.c:767)
08/13 15:36:08.914: [sbi] WARNING: ogs_sbi_client_handler() failed [-1] (../lib/sbi/path.c:62)
08/13 15:36:19.852: [sbi] WARNING: [a2c0328a-9719-41f1-bc1d-7b76e258d70f] Retry registration with NRF (../lib/sbi/nf-sm.c:279)
08/13 15:36:19.918: [sbi] WARNING: Couldn't resolve host name (6): Could not resolve host: scp (../lib/sbi/client.c:767)
08/13 15:36:19.918: [sbi] WARNING: ogs_sbi_client_handler() failed [-1] (../lib/sbi/path.c:62)
08/13 15:36:30.854: [sbi] WARNING: [a2c0328a-9719-41f1-bc1d-7b76e258d70f] Retry registration with NRF (../lib/sbi/nf-sm.c:279)
08/13 15:36:30.923: [sbi] WARNING: Couldn't resolve host name (6): Could not resolve host: scp (../lib/sbi/client.c:767)
08/13 15:36:30.923: [sbi] WARNING: ogs_sbi_client_handler() failed [-1] (../lib/sbi/path.c:62)
08/13 15:36:41.865: [sbi] WARNING: [a2c0328a-9719-41f1-bc1d-7b76e258d70f] Retry registration with NRF (../lib/sbi/nf-sm.c:279)
08/13 15:36:41.929: [sbi] WARNING: Couldn't resolve host name (6): Could not resolve host: scp (../lib/sbi/client.c:767)
08/13 15:36:41.929: [sbi] WARNING: ogs_sbi_client_handler() failed [-1] (../lib/sbi/path.c:62)
08/13 15:36:52.873: [sbi] WARNING: [a2c0328a-9719-41f1-bc1d-7b76e258d70f] Retry registration with NRF (../lib/sbi/nf-sm.c:279)
08/13 15:36:52.960: [sbi] WARNING: Couldn't resolve host name (6): Could not resolve host: scp (../lib/sbi/client.c:767)
08/13 15:36:52.960: [sbi] WARNING: ogs_sbi_client_handler() failed [-1] (../lib/sbi/path.c:62)
08/13 15:37:03.885: [sbi] WARNING: [a2c0328a-9719-41f1-bc1d-7b76e258d70f] Retry registration with NRF (../lib/sbi/nf-sm.c:279)
08/13 15:37:03.949: [sbi] WARNING: Couldn't resolve host name (6): Could not resolve host: scp (../lib/sbi/client.c:767)
08/13 15:37:03.949: [sbi] WARNING: ogs_sbi_client_handler() failed [-1] (../lib/sbi/path.c:62)
08/13 15:37:14.894: [sbi] WARNING: [a2c0328a-9719-41f1-bc1d-7b76e258d70f] Retry registration with NRF (../lib/sbi/nf-sm.c:279)
08/13 15:37:14.960: [sbi] WARNING: Couldn't resolve host name (6): Could not resolve host: scp (../lib/sbi/client.c:767)
08/13 15:37:14.960: [sbi] WARNING: ogs_sbi_client_handler() failed [-1] (../lib/sbi/path.c:62)
08/13 15:37:25.897: [sbi] WARNING: [a2c0328a-9719-41f1-bc1d-7b76e258d70f] Retry registration with NRF (../lib/sbi/nf-sm.c:279)
08/13 15:37:25.962: [sbi] WARNING: Couldn't resolve host name (6): Could not resolve host: scp (../lib/sbi/client.c:767)
08/13 15:37:25.962: [sbi] WARNING: ogs_sbi_client_handler() failed [-1] (../lib/sbi/path.c:62)
08/13 15:37:36.907: [sbi] WARNING: [a2c0328a-9719-41f1-bc1d-7b76e258d70f] Retry registration with NRF (../lib/sbi/nf-sm.c:279)
08/13 15:37:36.973: [sbi] WARNING: Couldn't resolve host name (6): Could not resolve host: scp (../lib/sbi/client.c:767)
08/13 15:37:36.973: [sbi] WARNING: ogs_sbi_client_handler() failed [-1] (../lib/sbi/path.c:62)
08/13 15:37:47.912: [sbi] WARNING: [a2c0328a-9719-41f1-bc1d-7b76e258d70f] Retry registration with NRF (../lib/sbi/nf-sm.c:279)
08/13 15:37:47.977: [sbi] WARNING: Couldn't resolve host name (6): Could not resolve host: scp (../lib/sbi/client.c:767)
08/13 15:37:47.977: [sbi] WARNING: ogs_sbi_client_handler() failed [-1] (../lib/sbi/path.c:62)
08/13 15:37:58.916: [sbi] WARNING: [a2c0328a-9719-41f1-bc1d-7b76e258d70f] Retry registration with NRF (../lib/sbi/nf-sm.c:279)
08/13 15:37:58.981: [sbi] WARNING: Couldn't resolve host name (6): Could not resolve host: scp (../lib/sbi/client.c:767)
08/13 15:37:58.981: [sbi] WARNING: ogs_sbi_client_handler() failed [-1] (../lib/sbi/path.c:62)
08/13 15:38:09.922: [sbi] WARNING: [a2c0328a-9719-41f1-bc1d-7b76e258d70f] Retry registration with NRF (../lib/sbi/nf-sm.c:279)
08/13 15:38:09.987: [sbi] WARNING: Couldn't resolve host name (6): Could not resolve host: scp (../lib/sbi/client.c:767)
08/13 15:38:09.987: [sbi] WARNING: ogs_sbi_client_handler() failed [-1] (../lib/sbi/path.c:62)
08/13 15:38:20.933: [sbi] WARNING: [a2c0328a-9719-41f1-bc1d-7b76e258d70f] Retry registration with NRF (../lib/sbi/nf-sm.c:279)
08/13 15:38:20.998: [sbi] WARNING: Couldn't resolve host name (6): Could not resolve host: scp (../lib/sbi/client.c:767)
08/13 15:38:20.998: [sbi] WARNING: ogs_sbi_client_handler() failed [-1] (../lib/sbi/path.c:62)
08/13 15:38:31.945: [sbi] WARNING: [a2c0328a-9719-41f1-bc1d-7b76e258d70f] Retry registration with NRF (../lib/sbi/nf-sm.c:279)
08/13 15:38:32.011: [sbi] WARNING: Couldn't resolve host name (6): Could not resolve host: scp (../lib/sbi/client.c:767)
08/13 15:38:32.011: [sbi] WARNING: ogs_sbi_client_handler() failed [-1] (../lib/sbi/path.c:62)
08/13 15:38:42.953: [sbi] WARNING: [a2c0328a-9719-41f1-bc1d-7b76e258d70f] Retry registration with NRF (../lib/sbi/nf-sm.c:279)
08/13 15:38:43.018: [sbi] WARNING: Couldn't resolve host name (6): Could not resolve host: scp (../lib/sbi/client.c:767)
08/13 15:38:43.018: [sbi] WARNING: ogs_sbi_client_handler() failed [-1] (../lib/sbi/path.c:62)
08/13 15:38:53.961: [sbi] WARNING: [a2c0328a-9719-41f1-bc1d-7b76e258d70f] Retry registration with NRF (../lib/sbi/nf-sm.c:279)
08/13 15:38:54.027: [sbi] WARNING: Couldn't resolve host name (6): Could not resolve host: scp (../lib/sbi/client.c:767)
08/13 15:38:54.027: [sbi] WARNING: ogs_sbi_client_handler() failed [-1] (../lib/sbi/path.c:62)
08/13 15:39:04.964: [sbi] WARNING: [a2c0328a-9719-41f1-bc1d-7b76e258d70f] Retry registration with NRF (../lib/sbi/nf-sm.c:279)
08/13 15:39:05.029: [sbi] WARNING: Couldn't resolve host name (6): Could not resolve host: scp (../lib/sbi/client.c:767)
08/13 15:39:05.029: [sbi] WARNING: ogs_sbi_client_handler() failed [-1] (../lib/sbi/path.c:62)
08/13 15:39:15.973: [sbi] WARNING: [a2c0328a-9719-41f1-bc1d-7b76e258d70f] Retry registration with NRF (../lib/sbi/nf-sm.c:279)
08/13 15:39:16.039: [sbi] WARNING: Couldn't resolve host name (6): Could not resolve host: scp (../lib/sbi/client.c:767)
08/13 15:39:16.039: [sbi] WARNING: ogs_sbi_client_handler() failed [-1] (../lib/sbi/path.c:62)
08/13 15:39:26.982: [sbi] WARNING: [a2c0328a-9719-41f1-bc1d-7b76e258d70f] Retry registration with NRF (../lib/sbi/nf-sm.c:279)
08/13 15:39:27.047: [sbi] WARNING: Couldn't resolve host name (6): Could not resolve host: scp (../lib/sbi/client.c:767)
08/13 15:39:27.047: [sbi] WARNING: ogs_sbi_client_handler() failed [-1] (../lib/sbi/path.c:62)
08/13 15:39:37.983: [sbi] WARNING: [a2c0328a-9719-41f1-bc1d-7b76e258d70f] Retry registration with NRF (../lib/sbi/nf-sm.c:279)
08/13 15:39:38.049: [sbi] WARNING: Couldn't resolve host name (6): Could not resolve host: scp (../lib/sbi/client.c:767)
08/13 15:39:38.049: [sbi] WARNING: ogs_sbi_client_handler() failed [-1] (../lib/sbi/path.c:62)
08/13 15:39:48.994: [sbi] WARNING: [a2c0328a-9719-41f1-bc1d-7b76e258d70f] Retry registration with NRF (../lib/sbi/nf-sm.c:279)
08/13 15:39:49.058: [sbi] WARNING: Couldn't resolve host name (6): Could not resolve host: scp (../lib/sbi/client.c:767)
08/13 15:39:49.058: [sbi] WARNING: ogs_sbi_client_handler() failed [-1] (../lib/sbi/path.c:62)
08/13 15:40:00.002: [sbi] WARNING: [a2c0328a-9719-41f1-bc1d-7b76e258d70f] Retry registration with NRF (../lib/sbi/nf-sm.c:279)
08/13 15:40:00.067: [sbi] WARNING: Couldn't resolve host name (6): Could not resolve host: scp (../lib/sbi/client.c:767)
08/13 15:40:00.067: [sbi] WARNING: ogs_sbi_client_handler() failed [-1] (../lib/sbi/path.c:62)
08/13 15:40:11.011: [sbi] WARNING: [a2c0328a-9719-41f1-bc1d-7b76e258d70f] Retry registration with NRF (../lib/sbi/nf-sm.c:279)
08/13 15:40:11.077: [sbi] WARNING: Couldn't resolve host name (6): Could not resolve host: scp (../lib/sbi/client.c:767)
08/13 15:40:11.077: [sbi] WARNING: ogs_sbi_client_handler() failed [-1] (../lib/sbi/path.c:62)
08/13 15:40:22.014: [sbi] WARNING: [a2c0328a-9719-41f1-bc1d-7b76e258d70f] Retry registration with NRF (../lib/sbi/nf-sm.c:279)
08/13 15:40:22.080: [sbi] WARNING: Couldn't resolve host name (6): Could not resolve host: scp (../lib/sbi/client.c:767)
08/13 15:40:22.080: [sbi] WARNING: ogs_sbi_client_handler() failed [-1] (../lib/sbi/path.c:62)
08/13 15:40:33.024: [sbi] WARNING: [a2c0328a-9719-41f1-bc1d-7b76e258d70f] Retry registration with NRF (../lib/sbi/nf-sm.c:279)
08/13 15:40:33.089: [sbi] WARNING: Couldn't resolve host name (6): Could not resolve host: scp (../lib/sbi/client.c:767)
08/13 15:40:33.089: [sbi] WARNING: ogs_sbi_client_handler() failed [-1] (../lib/sbi/path.c:62)
08/13 15:40:44.036: [sbi] WARNING: [a2c0328a-9719-41f1-bc1d-7b76e258d70f] Retry registration with NRF (../lib/sbi/nf-sm.c:279)
08/13 15:40:44.101: [sbi] WARNING: Couldn't resolve host name (6): Could not resolve host: scp (../lib/sbi/client.c:767)
08/13 15:40:44.101: [sbi] WARNING: ogs_sbi_client_handler() failed [-1] (../lib/sbi/path.c:62)
08/13 15:40:55.042: [sbi] WARNING: [a2c0328a-9719-41f1-bc1d-7b76e258d70f] Retry registration with NRF (../lib/sbi/nf-sm.c:279)
08/13 15:40:55.107: [sbi] WARNING: Couldn't resolve host name (6): Could not resolve host: scp (../lib/sbi/client.c:767)
08/13 15:40:55.107: [sbi] WARNING: ogs_sbi_client_handler() failed [-1] (../lib/sbi/path.c:62)
08/13 15:41:06.048: [sbi] WARNING: [a2c0328a-9719-41f1-bc1d-7b76e258d70f] Retry registration with NRF (../lib/sbi/nf-sm.c:279)
08/13 15:41:06.113: [sbi] WARNING: Couldn't resolve host name (6): Could not resolve host: scp (../lib/sbi/client.c:767)
08/13 15:41:06.113: [sbi] WARNING: ogs_sbi_client_handler() failed [-1] (../lib/sbi/path.c:62)
08/13 15:41:17.060: [sbi] WARNING: [a2c0328a-9719-41f1-bc1d-7b76e258d70f] Retry registration with NRF (../lib/sbi/nf-sm.c:279)
08/13 15:41:17.123: [sbi] WARNING: Couldn't resolve host name (6): Could not resolve host: scp (../lib/sbi/client.c:767)
08/13 15:41:17.123: [sbi] WARNING: ogs_sbi_client_handler() failed [-1] (../lib/sbi/path.c:62)
08/13 15:41:28.071: [sbi] WARNING: [a2c0328a-9719-41f1-bc1d-7b76e258d70f] Retry registration with NRF (../lib/sbi/nf-sm.c:279)
08/13 15:41:28.136: [sbi] WARNING: Couldn't resolve host name (6): Could not resolve host: scp (../lib/sbi/client.c:767)
08/13 15:41:28.136: [sbi] WARNING: ogs_sbi_client_handler() failed [-1] (../lib/sbi/path.c:62)
08/13 15:41:39.083: [sbi] WARNING: [a2c0328a-9719-41f1-bc1d-7b76e258d70f] Retry registration with NRF (../lib/sbi/nf-sm.c:279)
08/13 15:41:39.150: [sbi] WARNING: Couldn't resolve host name (6): Could not resolve host: scp (../lib/sbi/client.c:767)
08/13 15:41:39.151: [sbi] WARNING: ogs_sbi_client_handler() failed [-1] (../lib/sbi/path.c:62)
08/13 15:41:50.087: [sbi] WARNING: [a2c0328a-9719-41f1-bc1d-7b76e258d70f] Retry registration with NRF (../lib/sbi/nf-sm.c:279)
08/13 15:41:50.151: [sbi] WARNING: Couldn't resolve host name (6): Could not resolve host: scp (../lib/sbi/client.c:767)
08/13 15:41:50.151: [sbi] WARNING: ogs_sbi_client_handler() failed [-1] (../lib/sbi/path.c:62)
08/13 15:42:01.095: [sbi] WARNING: [a2c0328a-9719-41f1-bc1d-7b76e258d70f] Retry registration with NRF (../lib/sbi/nf-sm.c:279)
08/13 15:42:01.160: [sbi] WARNING: Couldn't resolve host name (6): Could not resolve host: scp (../lib/sbi/client.c:767)
08/13 15:42:01.160: [sbi] WARNING: ogs_sbi_client_handler() failed [-1] (../lib/sbi/path.c:62)
08/13 15:42:12.103: [sbi] WARNING: [a2c0328a-9719-41f1-bc1d-7b76e258d70f] Retry registration with NRF (../lib/sbi/nf-sm.c:279)
08/13 15:42:12.168: [sbi] WARNING: Couldn't resolve host name (6): Could not resolve host: scp (../lib/sbi/client.c:767)
08/13 15:42:12.168: [sbi] WARNING: ogs_sbi_client_handler() failed [-1] (../lib/sbi/path.c:62)
08/13 15:42:23.111: [sbi] WARNING: [a2c0328a-9719-41f1-bc1d-7b76e258d70f] Retry registration with NRF (../lib/sbi/nf-sm.c:279)
08/13 15:42:23.178: [sbi] WARNING: Couldn't resolve host name (6): Could not resolve host: scp (../lib/sbi/client.c:767)
08/13 15:42:23.178: [sbi] WARNING: ogs_sbi_client_handler() failed [-1] (../lib/sbi/path.c:62)
08/13 15:42:34.115: [sbi] WARNING: [a2c0328a-9719-41f1-bc1d-7b76e258d70f] Retry registration with NRF (../lib/sbi/nf-sm.c:279)
08/13 15:42:34.178: [sbi] WARNING: Couldn't resolve host name (6): Could not resolve host: scp (../lib/sbi/client.c:767)
08/13 15:42:34.178: [sbi] WARNING: ogs_sbi_client_handler() failed [-1] (../lib/sbi/path.c:62)
08/13 15:42:45.118: [sbi] WARNING: [a2c0328a-9719-41f1-bc1d-7b76e258d70f] Retry registration with NRF (../lib/sbi/nf-sm.c:279)
08/13 15:42:45.184: [sbi] WARNING: Couldn't resolve host name (6): Could not resolve host: scp (../lib/sbi/client.c:767)
08/13 15:42:45.184: [sbi] WARNING: ogs_sbi_client_handler() failed [-1] (../lib/sbi/path.c:62)
08/13 15:42:56.130: [sbi] WARNING: [a2c0328a-9719-41f1-bc1d-7b76e258d70f] Retry registration with NRF (../lib/sbi/nf-sm.c:279)
08/13 15:42:56.195: [sbi] WARNING: Couldn't resolve host name (6): Could not resolve host: scp (../lib/sbi/client.c:767)
08/13 15:42:56.195: [sbi] WARNING: ogs_sbi_client_handler() failed [-1] (../lib/sbi/path.c:62)
08/13 15:43:07.139: [sbi] WARNING: [a2c0328a-9719-41f1-bc1d-7b76e258d70f] Retry registration with NRF (../lib/sbi/nf-sm.c:279)
08/13 15:43:07.205: [sbi] WARNING: Couldn't resolve host name (6): Could not resolve host: scp (../lib/sbi/client.c:767)
08/13 15:43:07.205: [sbi] WARNING: ogs_sbi_client_handler() failed [-1] (../lib/sbi/path.c:62)
08/13 15:43:18.149: [sbi] WARNING: [a2c0328a-9719-41f1-bc1d-7b76e258d70f] Retry registration with NRF (../lib/sbi/nf-sm.c:279)
08/13 15:43:18.214: [sbi] WARNING: Couldn't resolve host name (6): Could not resolve host: scp (../lib/sbi/client.c:767)
08/13 15:43:18.214: [sbi] WARNING: ogs_sbi_client_handler() failed [-1] (../lib/sbi/path.c:62)
08/13 15:43:29.160: [sbi] WARNING: [a2c0328a-9719-41f1-bc1d-7b76e258d70f] Retry registration with NRF (../lib/sbi/nf-sm.c:279)
08/13 15:43:29.227: [sbi] WARNING: Couldn't resolve host name (6): Could not resolve host: scp (../lib/sbi/client.c:767)
08/13 15:43:29.228: [sbi] WARNING: ogs_sbi_client_handler() failed [-1] (../lib/sbi/path.c:62)
08/13 15:43:40.171: [sbi] WARNING: [a2c0328a-9719-41f1-bc1d-7b76e258d70f] Retry registration with NRF (../lib/sbi/nf-sm.c:279)
08/13 15:43:40.235: [sbi] WARNING: Couldn't resolve host name (6): Could not resolve host: scp (../lib/sbi/client.c:767)
08/13 15:43:40.235: [sbi] WARNING: ogs_sbi_client_handler() failed [-1] (../lib/sbi/path.c:62)
08/13 15:43:51.182: [sbi] WARNING: [a2c0328a-9719-41f1-bc1d-7b76e258d70f] Retry registration with NRF (../lib/sbi/nf-sm.c:279)
08/13 15:43:51.246: [sbi] WARNING: Couldn't resolve host name (6): Could not resolve host: scp (../lib/sbi/client.c:767)
08/13 15:43:51.246: [sbi] WARNING: ogs_sbi_client_handler() failed [-1] (../lib/sbi/path.c:62)
08/13 15:44:02.194: [sbi] WARNING: [a2c0328a-9719-41f1-bc1d-7b76e258d70f] Retry registration with NRF (../lib/sbi/nf-sm.c:279)
08/13 15:44:02.258: [sbi] WARNING: Couldn't resolve host name (6): Could not resolve host: scp (../lib/sbi/client.c:767)
08/13 15:44:02.259: [sbi] WARNING: ogs_sbi_client_handler() failed [-1] (../lib/sbi/path.c:62)
08/13 15:44:13.204: [sbi] WARNING: [a2c0328a-9719-41f1-bc1d-7b76e258d70f] Retry registration with NRF (../lib/sbi/nf-sm.c:279)
08/13 15:44:13.268: [sbi] WARNING: Couldn't resolve host name (6): Could not resolve host: scp (../lib/sbi/client.c:767)
08/13 15:44:13.268: [sbi] WARNING: ogs_sbi_client_handler() failed [-1] (../lib/sbi/path.c:62)
Open5GS daemon v2.7.7-74-gdbe060f

08/13 19:23:44.674: [app] INFO: Configuration: '/open5gs/install/etc/open5gs/amf.yaml' (../lib/app/ogs-init.c:144)
08/13 19:23:44.674: [app] INFO: File Logging: '/open5gs/install/var/log/open5gs/amf3.log' (../lib/app/ogs-init.c:147)
08/13 19:23:44.677: [sbi] INFO: Setup NF EndPoint(fqdn) [nrf:7777] (../lib/sbi/context.c:451)
08/13 19:23:44.677: [sbi] INFO: Setup NF EndPoint(fqdn) [scp:7777] (../lib/sbi/context.c:499)
08/13 19:23:44.678: [metrics] INFO: metrics_server() [http://172.22.0.47]:9091 (../lib/metrics/prometheus/context.c:392)
08/13 19:23:44.678: [sbi] INFO: NF Service [namf-comm] (../lib/sbi/context.c:2011)
08/13 19:23:44.678: [sbi] INFO: nghttp2_server() [http://172.22.0.47]:7777 (../lib/sbi/nghttp2-server.c:454)
08/13 19:23:44.678: [amf] INFO: ngap_server() [172.22.0.47]:38412 (../src/amf/ngap-sctp.c:61)
08/13 19:23:44.678: [sctp] INFO: AMF initialize...done (../src/amf/app.c:33)
08/13 19:23:44.682: [sbi] INFO: [800be18e-974c-41f1-b5c5-b356b82ad84f] NF registered [Heartbeat:10s] (../lib/sbi/nf-sm.c:364)
08/13 19:23:44.683: [sbi] INFO: Setup NF EndPoint(addr) [172.22.0.12:7777] (../lib/sbi/nnrf-handler.c:1113)
08/13 19:23:44.683: [sbi] INFO: [800cd896-974c-41f1-973c-a9931dc861bf] Subscription created until 2026-08-14T19:23:44.683063+00:00 [duration:86400000000,validity:86400.000000,patch:43200.000000] (../lib/sbi/nnrf-handler.c:1032)
08/13 19:23:44.683: [sbi] INFO: Setup NF EndPoint(addr) [172.22.0.12:7777] (../lib/sbi/nnrf-handler.c:1113)
08/13 19:23:44.683: [sbi] INFO: [800cdfe4-974c-41f1-973c-a9931dc861bf] Subscription created until 2026-08-14T19:23:44.683226+00:00 [duration:86400000000,validity:86400.000000,patch:43200.000000] (../lib/sbi/nnrf-handler.c:1032)
08/13 19:23:44.684: [sbi] INFO: Setup NF EndPoint(addr) [172.22.0.12:7777] (../lib/sbi/nnrf-handler.c:1113)
08/13 19:23:44.684: [sbi] INFO: [800ce3d6-974c-41f1-973c-a9931dc861bf] Subscription created until 2026-08-14T19:23:44.683325+00:00 [duration:86400000000,validity:86400.000000,patch:43200.000000] (../lib/sbi/nnrf-handler.c:1032)
08/13 19:23:44.684: [sbi] INFO: Setup NF EndPoint(addr) [172.22.0.12:7777] (../lib/sbi/nnrf-handler.c:1113)
08/13 19:23:44.684: [sbi] INFO: [800ce57a-974c-41f1-973c-a9931dc861bf] Subscription created until 2026-08-14T19:23:44.683364+00:00 [duration:86400000000,validity:86400.000000,patch:43200.000000] (../lib/sbi/nnrf-handler.c:1032)
08/13 19:23:44.684: [sbi] INFO: Setup NF EndPoint(addr) [172.22.0.12:7777] (../lib/sbi/nnrf-handler.c:1113)
08/13 19:23:44.684: [sbi] INFO: [800cead4-974c-41f1-973c-a9931dc861bf] Subscription created until 2026-08-14T19:23:44.683502+00:00 [duration:86400000000,validity:86400.000000,patch:43200.000000] (../lib/sbi/nnrf-handler.c:1032)
08/13 19:23:44.684: [sbi] INFO: Setup NF EndPoint(addr) [172.22.0.12:7777] (../lib/sbi/nnrf-handler.c:1113)
08/13 19:23:44.684: [sbi] INFO: [800cec50-974c-41f1-973c-a9931dc861bf] Subscription created until 2026-08-14T19:23:44.683539+00:00 [duration:86400000000,validity:86400.000000,patch:43200.000000] (../lib/sbi/nnrf-handler.c:1032)
08/13 19:23:44.684: [sbi] INFO: Setup NF EndPoint(addr) [172.22.0.12:7777] (../lib/sbi/nnrf-handler.c:1113)
08/13 19:23:44.684: [sbi] INFO: [800ceffc-974c-41f1-973c-a9931dc861bf] Subscription created until 2026-08-14T19:23:44.683634+00:00 [duration:86400000000,validity:86400.000000,patch:43200.000000] (../lib/sbi/nnrf-handler.c:1032)
08/13 19:23:44.686: [sbi] INFO: [8fb2eeee-974b-41f1-a6a0-7dcc23e2adbb] (NRF-profile-get) NF registered (../lib/sbi/nf-sm.c:104)
08/13 19:23:44.686: [sbi] INFO: [NSSF] NFInstance associated [8fb2eeee-974b-41f1-a6a0-7dcc23e2adbb] (../lib/sbi/context.c:2495)
08/13 19:23:44.686: [sbi] INFO: Setup NF EndPoint(addr) [172.22.0.28:80] (../lib/sbi/context.c:2500)
08/13 19:23:44.686: [sbi] INFO: [nnssf-nsselection] NFService associated [8fb2f81c-974b-41f1-a6a0-7dcc23e2adbb] (../lib/sbi/context.c:2135)
08/13 19:23:44.686: [sbi] INFO: Setup NF EndPoint(addr) [172.22.0.28:7777] (../lib/sbi/context.c:2137)
08/13 19:23:44.686: [sbi] INFO: [8fb48506-974b-41f1-91b8-cdf3b585ce38] (NRF-profile-get) NF registered (../lib/sbi/nf-sm.c:104)
08/13 19:23:44.686: [sbi] INFO: [UDM] NFInstance associated [8fb48506-974b-41f1-91b8-cdf3b585ce38] (../lib/sbi/context.c:2495)
08/13 19:23:44.686: [sbi] INFO: Setup NF EndPoint(addr) [172.22.0.13:80] (../lib/sbi/context.c:2500)
08/13 19:23:44.686: [sbi] INFO: [nudm-ueau] NFService associated [8fb492bc-974b-41f1-91b8-cdf3b585ce38] (../lib/sbi/context.c:2135)
08/13 19:23:44.686: [sbi] INFO: Setup NF EndPoint(addr) [172.22.0.13:7777] (../lib/sbi/context.c:2137)
08/13 19:23:44.686: [sbi] INFO: [nudm-uecm] NFService associated [8fb492f8-974b-41f1-91b8-cdf3b585ce38] (../lib/sbi/context.c:2135)
08/13 19:23:44.686: [sbi] INFO: Setup NF EndPoint(addr) [172.22.0.13:7777] (../lib/sbi/context.c:2137)
08/13 19:23:44.686: [sbi] INFO: [nudm-sdm] NFService associated [8fb4932a-974b-41f1-91b8-cdf3b585ce38] (../lib/sbi/context.c:2135)
08/13 19:23:44.686: [sbi] INFO: Setup NF EndPoint(addr) [172.22.0.13:7777] (../lib/sbi/context.c:2137)
08/13 19:23:44.686: [sbi] INFO: [8fbc44a8-974b-41f1-bb85-3300f3f57e10] (NRF-profile-get) NF registered (../lib/sbi/nf-sm.c:104)
08/13 19:23:44.686: [sbi] INFO: [AUSF] NFInstance associated [8fbc44a8-974b-41f1-bb85-3300f3f57e10] (../lib/sbi/context.c:2495)
08/13 19:23:44.686: [sbi] INFO: Setup NF EndPoint(addr) [172.22.0.11:80] (../lib/sbi/context.c:2500)
08/13 19:23:44.686: [sbi] INFO: [nausf-auth] NFService associated [8fbc4ff2-974b-41f1-bb85-3300f3f57e10] (../lib/sbi/context.c:2135)
08/13 19:23:44.686: [sbi] INFO: Setup NF EndPoint(addr) [172.22.0.11:7777] (../lib/sbi/context.c:2137)
08/13 19:23:44.686: [sbi] INFO: [901f19b6-974b-41f1-935f-8b308974cea5] (NRF-profile-get) NF registered (../lib/sbi/nf-sm.c:104)
08/13 19:23:44.686: [sbi] INFO: [SMF] NFInstance associated [901f19b6-974b-41f1-935f-8b308974cea5] (../lib/sbi/context.c:2495)
08/13 19:23:44.686: [sbi] INFO: Setup NF EndPoint(addr) [172.22.0.7:80] (../lib/sbi/context.c:2500)
08/13 19:23:44.686: [sbi] INFO: [nsmf-pdusession] NFService associated [9026bca2-974b-41f1-935f-8b308974cea5] (../lib/sbi/context.c:2135)
08/13 19:23:44.686: [sbi] INFO: Setup NF EndPoint(addr) [172.22.0.7:7777] (../lib/sbi/context.c:2137)
08/13 19:23:44.687: [sbi] INFO: [95af7592-974b-41f1-aaa4-6dea453d5671] (NRF-profile-get) NF registered (../lib/sbi/nf-sm.c:104)
08/13 19:23:44.687: [sbi] INFO: [PCF] NFInstance associated [95af7592-974b-41f1-aaa4-6dea453d5671] (../lib/sbi/context.c:2495)
08/13 19:23:44.687: [sbi] INFO: Setup NF EndPoint(addr) [172.22.0.27:80] (../lib/sbi/context.c:2500)
08/13 19:23:44.687: [sbi] INFO: [npcf-am-policy-control] NFService associated [95aff508-974b-41f1-aaa4-6dea453d5671] (../lib/sbi/context.c:2135)
08/13 19:23:44.687: [sbi] INFO: Setup NF EndPoint(addr) [172.22.0.27:7777] (../lib/sbi/context.c:2137)
08/13 19:23:44.687: [sbi] INFO: [npcf-smpolicycontrol] NFService associated [95aff5a8-974b-41f1-aaa4-6dea453d5671] (../lib/sbi/context.c:2135)
08/13 19:23:44.687: [sbi] INFO: Setup NF EndPoint(addr) [172.22.0.27:7777] (../lib/sbi/context.c:2137)
08/13 19:23:44.687: [sbi] INFO: [npcf-policyauthorization] NFService associated [95aff60c-974b-41f1-aaa4-6dea453d5671] (../lib/sbi/context.c:2135)
08/13 19:23:44.687: [sbi] INFO: Setup NF EndPoint(addr) [172.22.0.27:7777] (../lib/sbi/context.c:2137)
08/13 19:23:47.196: [amf] INFO: gNB-N2 accepted[172.22.0.43]:37058 in ng-path module (../src/amf/ngap-sctp.c:113)
08/13 19:23:47.196: [amf] INFO: gNB-N2 accepted[172.22.0.43] in master_sm module (../src/amf/amf-sm.c:813)
08/13 19:23:47.203: [amf] INFO: [Added] Number of gNBs is now 1 (../src/amf/context.c:1277)
08/13 19:23:47.203: [amf] INFO: gNB-N2[172.22.0.43] max_num_of_ostreams : 30 (../src/amf/amf-sm.c:860)
08/13 19:23:51.206: [amf] INFO: InitialUEMessage (../src/amf/ngap-handler.c:612)
08/13 19:23:51.206: [amf] INFO: [Added] Number of gNB-UEs is now 1 (../src/amf/context.c:2932)
08/13 19:23:51.206: [amf] INFO:     RAN_UE_NGAP_ID[1] AMF_UE_NGAP_ID[1] TAC[9] CellID[0x9] (../src/amf/ngap-handler.c:815)
08/13 19:23:51.206: [amf] INFO: [suci-0-001-01-0000-0-0-0000000017] Unknown UE by SUCI (../src/amf/context.c:1934)
08/13 19:23:51.206: [amf] INFO: [Added] Number of AMF-UEs is now 1 (../src/amf/context.c:1699)
08/13 19:23:51.206: [gmm] INFO: Registration request (../src/amf/gmm-sm.c:1670)
08/13 19:23:51.206: [gmm] INFO: [suci-0-001-01-0000-0-0-0000000017]    SUCI (../src/amf/gmm-handler.c:186)
08/13 19:23:51.207: [sbi] INFO: [8fbc44a8-974b-41f1-bb85-3300f3f57e10] Setup NF Instance [type:AUSF] (../lib/sbi/path.c:349)
08/13 19:23:51.210: [amf] INFO: Setup NF EndPoint(addr) [172.22.0.11:7777] (../src/amf/nausf-handler.c:130)
08/13 19:23:51.211: [gmm] WARNING: [suci-0-001-01-0000-0-0-0000000017] Authentication failure [21] (../src/amf/gmm-sm.c:2143)
08/13 19:23:51.211: [gmm] WARNING: [suci-0-001-01-0000-0-0-0000000017] Authentication failure(Synch failure[count=0]) (../src/amf/gmm-sm.c:2172)
08/13 19:23:51.214: [amf] WARNING: UnRef NF EndPoint(addr) [172.22.0.11:7777] (../src/amf/nausf-handler.c:130)
08/13 19:23:51.214: [amf] INFO: Setup NF EndPoint(addr) [172.22.0.11:7777] (../src/amf/nausf-handler.c:130)
08/13 19:23:51.219: [sbi] INFO: [8fb48506-974b-41f1-91b8-cdf3b585ce38] Setup NF Instance [type:UDM] (../lib/sbi/path.c:349)
08/13 19:23:51.221: [sbi] INFO: [8fb48506-974b-41f1-91b8-cdf3b585ce38] Setup NF Instance [type:UDM] (../lib/sbi/path.c:349)
08/13 19:23:51.224: [amf] INFO: Setup NF EndPoint(addr) [172.22.0.13:7777] (../src/amf/nudm-handler.c:422)
08/13 19:23:51.224: [sbi] INFO: [95af7592-974b-41f1-aaa4-6dea453d5671] Setup NF Instance [type:PCF] (../lib/sbi/path.c:349)
08/13 19:23:51.226: [amf] INFO: Setup NF EndPoint(addr) [172.22.0.27:7777] (../src/amf/npcf-handler.c:143)
08/13 19:23:51.431: [gmm] INFO: [imsi-001010000000017] Registration complete (../src/amf/gmm-sm.c:3146)
08/13 19:23:51.431: [amf] INFO: [imsi-001010000000017] Configuration update command (../src/amf/nas-path.c:609)
08/13 19:23:51.431: [gmm] INFO:     UTC [2026-08-13T19:23:51] Timezone[0]/DST[0] (../src/amf/gmm-build.c:551)
08/13 19:23:51.431: [gmm] INFO:     LOCAL [2026-08-13T19:23:51] Timezone[0]/DST[0] (../src/amf/gmm-build.c:556)
08/13 19:23:51.432: [amf] INFO: [Added] Number of AMF-Sessions is now 1 (../src/amf/context.c:2953)
08/13 19:23:51.432: [gmm] INFO: UE SUPI[imsi-001010000000017] DNN[internet] LBO[0] S_NSSAI[SST:1 SD:0xffffff] smContextRef[NULL] smContextResourceURI[NULL] (../src/amf/gmm-handler.c:1430)
08/13 19:23:51.432: [gmm] INFO: V-SMF Instance [901f19b6-974b-41f1-935f-8b308974cea5](LIST) (../src/amf/gmm-handler.c:1507)
08/13 19:23:51.432: [gmm] INFO: [901f19b6-974b-41f1-935f-8b308974cea5] Setup NF Instance [type:SMF] (../src/amf/gmm-handler.c:1509)
08/13 19:23:51.432: [gmm] INFO: V-SMF Instance [901f19b6-974b-41f1-935f-8b308974cea5] (../src/amf/gmm-handler.c:1519)
08/13 19:23:51.432: [gmm] INFO: V-SMF discovered in Non-Roaming or LBO-Roaming[0] (../src/amf/gmm-handler.c:1588)
08/13 19:23:51.432: [gmm] INFO: nsmf_pdusession [1:0x5a13e9c64688:(nil)] (../src/amf/gmm-handler.c:1628)
08/13 19:23:51.439: [amf] INFO: Setup NF EndPoint(addr) [172.22.0.7:7777] (../src/amf/nsmf-handler.c:140)
08/13 19:23:51.649: [amf] INFO: [imsi-001010000000017:1:11][0:0:NULL] /nsmf-pdusession/v1/sm-contexts/{smContextRef}/modify (../src/amf/nsmf-handler.c:983)
08/13 19:23:53.248: [amf] INFO: InitialUEMessage (../src/amf/ngap-handler.c:612)
08/13 19:23:53.248: [amf] INFO: [Added] Number of gNB-UEs is now 2 (../src/amf/context.c:2932)
08/13 19:23:53.248: [amf] INFO:     RAN_UE_NGAP_ID[2] AMF_UE_NGAP_ID[2] TAC[9] CellID[0x9] (../src/amf/ngap-handler.c:815)
08/13 19:23:53.248: [amf] INFO: [suci-0-001-01-0000-0-0-0000000018] Unknown UE by SUCI (../src/amf/context.c:1934)
08/13 19:23:53.248: [amf] INFO: [Added] Number of AMF-UEs is now 2 (../src/amf/context.c:1699)
08/13 19:23:53.248: [gmm] INFO: Registration request (../src/amf/gmm-sm.c:1670)
08/13 19:23:53.248: [gmm] INFO: [suci-0-001-01-0000-0-0-0000000018]    SUCI (../src/amf/gmm-handler.c:186)
08/13 19:23:53.248: [sbi] INFO: [8fbc44a8-974b-41f1-bb85-3300f3f57e10] Setup NF Instance [type:AUSF] (../lib/sbi/path.c:349)
08/13 19:23:53.252: [amf] INFO: Setup NF EndPoint(addr) [172.22.0.11:7777] (../src/amf/nausf-handler.c:130)
08/13 19:23:53.254: [gmm] WARNING: [suci-0-001-01-0000-0-0-0000000018] Authentication failure [21] (../src/amf/gmm-sm.c:2143)
08/13 19:23:53.254: [gmm] WARNING: [suci-0-001-01-0000-0-0-0000000018] Authentication failure(Synch failure[count=0]) (../src/amf/gmm-sm.c:2172)
08/13 19:23:53.257: [amf] WARNING: UnRef NF EndPoint(addr) [172.22.0.11:7777] (../src/amf/nausf-handler.c:130)
08/13 19:23:53.257: [amf] INFO: Setup NF EndPoint(addr) [172.22.0.11:7777] (../src/amf/nausf-handler.c:130)
08/13 19:23:53.263: [sbi] INFO: [8fb48506-974b-41f1-91b8-cdf3b585ce38] Setup NF Instance [type:UDM] (../lib/sbi/path.c:349)
08/13 19:23:53.265: [sbi] INFO: [8fb48506-974b-41f1-91b8-cdf3b585ce38] Setup NF Instance [type:UDM] (../lib/sbi/path.c:349)
08/13 19:23:53.269: [amf] INFO: Setup NF EndPoint(addr) [172.22.0.13:7777] (../src/amf/nudm-handler.c:422)
08/13 19:23:53.269: [sbi] INFO: [95af7592-974b-41f1-aaa4-6dea453d5671] Setup NF Instance [type:PCF] (../lib/sbi/path.c:349)
08/13 19:23:53.275: [amf] INFO: Setup NF EndPoint(addr) [172.22.0.27:7777] (../src/amf/npcf-handler.c:143)
08/13 19:23:53.479: [gmm] INFO: [imsi-001010000000018] Registration complete (../src/amf/gmm-sm.c:3146)
08/13 19:23:53.479: [amf] INFO: [imsi-001010000000018] Configuration update command (../src/amf/nas-path.c:609)
08/13 19:23:53.479: [gmm] INFO:     UTC [2026-08-13T19:23:53] Timezone[0]/DST[0] (../src/amf/gmm-build.c:551)
08/13 19:23:53.479: [gmm] INFO:     LOCAL [2026-08-13T19:23:53] Timezone[0]/DST[0] (../src/amf/gmm-build.c:556)
08/13 19:23:53.480: [amf] INFO: [Added] Number of AMF-Sessions is now 2 (../src/amf/context.c:2953)
08/13 19:23:53.480: [gmm] INFO: UE SUPI[imsi-001010000000018] DNN[internet] LBO[0] S_NSSAI[SST:1 SD:0xffffff] smContextRef[NULL] smContextResourceURI[NULL] (../src/amf/gmm-handler.c:1430)
08/13 19:23:53.480: [gmm] INFO: V-SMF Instance [901f19b6-974b-41f1-935f-8b308974cea5](LIST) (../src/amf/gmm-handler.c:1507)
08/13 19:23:53.480: [gmm] INFO: [901f19b6-974b-41f1-935f-8b308974cea5] Setup NF Instance [type:SMF] (../src/amf/gmm-handler.c:1509)
08/13 19:23:53.480: [gmm] INFO: V-SMF Instance [901f19b6-974b-41f1-935f-8b308974cea5] (../src/amf/gmm-handler.c:1519)
08/13 19:23:53.480: [gmm] INFO: V-SMF discovered in Non-Roaming or LBO-Roaming[0] (../src/amf/gmm-handler.c:1588)
08/13 19:23:53.480: [gmm] INFO: nsmf_pdusession [1:0x5a13e9c64688:(nil)] (../src/amf/gmm-handler.c:1628)
08/13 19:23:53.486: [amf] INFO: Setup NF EndPoint(addr) [172.22.0.7:7777] (../src/amf/nsmf-handler.c:140)
08/13 19:23:53.694: [amf] INFO: [imsi-001010000000018:1:11][0:0:NULL] /nsmf-pdusession/v1/sm-contexts/{smContextRef}/modify (../src/amf/nsmf-handler.c:983)
08/13 19:23:54.263: [amf] INFO: gNB-N2 accepted[172.22.0.43]:34025 in ng-path module (../src/amf/ngap-sctp.c:113)
08/13 19:23:54.263: [amf] INFO: gNB-N2 accepted[172.22.0.43] in master_sm module (../src/amf/amf-sm.c:813)
08/13 19:23:54.270: [amf] INFO: [Added] Number of gNBs is now 2 (../src/amf/context.c:1277)
08/13 19:23:54.270: [amf] INFO: gNB-N2[172.22.0.43] max_num_of_ostreams : 30 (../src/amf/amf-sm.c:860)
08/13 19:23:58.207: [amf] INFO: InitialUEMessage (../src/amf/ngap-handler.c:612)
08/13 19:23:58.207: [amf] INFO: [Added] Number of gNB-UEs is now 3 (../src/amf/context.c:2932)
08/13 19:23:58.207: [amf] INFO:     RAN_UE_NGAP_ID[1] AMF_UE_NGAP_ID[3] TAC[10] CellID[0xa] (../src/amf/ngap-handler.c:815)
08/13 19:23:58.207: [amf] INFO: [suci-0-001-01-0000-0-0-0000000019] Unknown UE by SUCI (../src/amf/context.c:1934)
08/13 19:23:58.207: [amf] INFO: [Added] Number of AMF-UEs is now 3 (../src/amf/context.c:1699)
08/13 19:23:58.207: [gmm] INFO: Registration request (../src/amf/gmm-sm.c:1670)
08/13 19:23:58.207: [gmm] INFO: [suci-0-001-01-0000-0-0-0000000019]    SUCI (../src/amf/gmm-handler.c:186)
08/13 19:23:58.207: [sbi] INFO: [8fbc44a8-974b-41f1-bb85-3300f3f57e10] Setup NF Instance [type:AUSF] (../lib/sbi/path.c:349)
08/13 19:23:58.211: [amf] INFO: Setup NF EndPoint(addr) [172.22.0.11:7777] (../src/amf/nausf-handler.c:130)
08/13 19:23:58.212: [gmm] WARNING: [suci-0-001-01-0000-0-0-0000000019] Authentication failure [21] (../src/amf/gmm-sm.c:2143)
08/13 19:23:58.212: [gmm] WARNING: [suci-0-001-01-0000-0-0-0000000019] Authentication failure(Synch failure[count=0]) (../src/amf/gmm-sm.c:2172)
08/13 19:23:58.215: [amf] WARNING: UnRef NF EndPoint(addr) [172.22.0.11:7777] (../src/amf/nausf-handler.c:130)
08/13 19:23:58.215: [amf] INFO: Setup NF EndPoint(addr) [172.22.0.11:7777] (../src/amf/nausf-handler.c:130)
08/13 19:23:58.222: [sbi] INFO: [8fb48506-974b-41f1-91b8-cdf3b585ce38] Setup NF Instance [type:UDM] (../lib/sbi/path.c:349)
08/13 19:23:58.223: [sbi] INFO: [8fb48506-974b-41f1-91b8-cdf3b585ce38] Setup NF Instance [type:UDM] (../lib/sbi/path.c:349)
08/13 19:23:58.226: [amf] INFO: Setup NF EndPoint(addr) [172.22.0.13:7777] (../src/amf/nudm-handler.c:422)
08/13 19:23:58.226: [sbi] INFO: [95af7592-974b-41f1-aaa4-6dea453d5671] Setup NF Instance [type:PCF] (../lib/sbi/path.c:349)
08/13 19:23:58.229: [amf] INFO: Setup NF EndPoint(addr) [172.22.0.27:7777] (../src/amf/npcf-handler.c:143)
08/13 19:23:58.431: [gmm] INFO: [imsi-001010000000019] Registration complete (../src/amf/gmm-sm.c:3146)
08/13 19:23:58.431: [amf] INFO: [imsi-001010000000019] Configuration update command (../src/amf/nas-path.c:609)
08/13 19:23:58.431: [gmm] INFO:     UTC [2026-08-13T19:23:58] Timezone[0]/DST[0] (../src/amf/gmm-build.c:551)
08/13 19:23:58.431: [gmm] INFO:     LOCAL [2026-08-13T19:23:58] Timezone[0]/DST[0] (../src/amf/gmm-build.c:556)
08/13 19:23:58.431: [amf] INFO: [Added] Number of AMF-Sessions is now 3 (../src/amf/context.c:2953)
08/13 19:23:58.431: [gmm] INFO: UE SUPI[imsi-001010000000019] DNN[internet] LBO[0] S_NSSAI[SST:1 SD:0xffffff] smContextRef[NULL] smContextResourceURI[NULL] (../src/amf/gmm-handler.c:1430)
08/13 19:23:58.431: [gmm] INFO: V-SMF Instance [901f19b6-974b-41f1-935f-8b308974cea5](LIST) (../src/amf/gmm-handler.c:1507)
08/13 19:23:58.431: [gmm] INFO: [901f19b6-974b-41f1-935f-8b308974cea5] Setup NF Instance [type:SMF] (../src/amf/gmm-handler.c:1509)
08/13 19:23:58.431: [gmm] INFO: V-SMF Instance [901f19b6-974b-41f1-935f-8b308974cea5] (../src/amf/gmm-handler.c:1519)
08/13 19:23:58.432: [gmm] INFO: V-SMF discovered in Non-Roaming or LBO-Roaming[0] (../src/amf/gmm-handler.c:1588)
08/13 19:23:58.432: [gmm] INFO: nsmf_pdusession [1:0x5a13e9c64688:(nil)] (../src/amf/gmm-handler.c:1628)
08/13 19:23:58.438: [amf] INFO: Setup NF EndPoint(addr) [172.22.0.7:7777] (../src/amf/nsmf-handler.c:140)
08/13 19:23:58.648: [amf] INFO: [imsi-001010000000019:1:11][0:0:NULL] /nsmf-pdusession/v1/sm-contexts/{smContextRef}/modify (../src/amf/nsmf-handler.c:983)
08/13 19:24:00.212: [amf] INFO: InitialUEMessage (../src/amf/ngap-handler.c:612)
08/13 19:24:00.213: [amf] INFO: [Added] Number of gNB-UEs is now 4 (../src/amf/context.c:2932)
08/13 19:24:00.213: [amf] INFO:     RAN_UE_NGAP_ID[2] AMF_UE_NGAP_ID[4] TAC[10] CellID[0xa] (../src/amf/ngap-handler.c:815)
08/13 19:24:00.213: [amf] INFO: [suci-0-001-01-0000-0-0-0000000020] Unknown UE by SUCI (../src/amf/context.c:1934)
08/13 19:24:00.213: [amf] INFO: [Added] Number of AMF-UEs is now 4 (../src/amf/context.c:1699)
08/13 19:24:00.213: [gmm] INFO: Registration request (../src/amf/gmm-sm.c:1670)
08/13 19:24:00.213: [gmm] INFO: [suci-0-001-01-0000-0-0-0000000020]    SUCI (../src/amf/gmm-handler.c:186)
08/13 19:24:00.213: [sbi] INFO: [8fbc44a8-974b-41f1-bb85-3300f3f57e10] Setup NF Instance [type:AUSF] (../lib/sbi/path.c:349)
08/13 19:24:00.216: [amf] INFO: Setup NF EndPoint(addr) [172.22.0.11:7777] (../src/amf/nausf-handler.c:130)
08/13 19:24:00.217: [gmm] WARNING: [suci-0-001-01-0000-0-0-0000000020] Authentication failure [21] (../src/amf/gmm-sm.c:2143)
08/13 19:24:00.217: [gmm] WARNING: [suci-0-001-01-0000-0-0-0000000020] Authentication failure(Synch failure[count=0]) (../src/amf/gmm-sm.c:2172)
08/13 19:24:00.220: [amf] WARNING: UnRef NF EndPoint(addr) [172.22.0.11:7777] (../src/amf/nausf-handler.c:130)
08/13 19:24:00.220: [amf] INFO: Setup NF EndPoint(addr) [172.22.0.11:7777] (../src/amf/nausf-handler.c:130)
08/13 19:24:00.227: [sbi] INFO: [8fb48506-974b-41f1-91b8-cdf3b585ce38] Setup NF Instance [type:UDM] (../lib/sbi/path.c:349)
08/13 19:24:00.230: [sbi] INFO: [8fb48506-974b-41f1-91b8-cdf3b585ce38] Setup NF Instance [type:UDM] (../lib/sbi/path.c:349)
08/13 19:24:00.234: [amf] INFO: Setup NF EndPoint(addr) [172.22.0.13:7777] (../src/amf/nudm-handler.c:422)
08/13 19:24:00.234: [sbi] INFO: [95af7592-974b-41f1-aaa4-6dea453d5671] Setup NF Instance [type:PCF] (../lib/sbi/path.c:349)
08/13 19:24:00.237: [amf] INFO: Setup NF EndPoint(addr) [172.22.0.27:7777] (../src/amf/npcf-handler.c:143)
08/13 19:24:00.439: [gmm] INFO: [imsi-001010000000020] Registration complete (../src/amf/gmm-sm.c:3146)
08/13 19:24:00.439: [amf] INFO: [imsi-001010000000020] Configuration update command (../src/amf/nas-path.c:609)
08/13 19:24:00.439: [gmm] INFO:     UTC [2026-08-13T19:24:00] Timezone[0]/DST[0] (../src/amf/gmm-build.c:551)
08/13 19:24:00.439: [gmm] INFO:     LOCAL [2026-08-13T19:24:00] Timezone[0]/DST[0] (../src/amf/gmm-build.c:556)
08/13 19:24:00.439: [amf] INFO: [Added] Number of AMF-Sessions is now 4 (../src/amf/context.c:2953)
08/13 19:24:00.439: [gmm] INFO: UE SUPI[imsi-001010000000020] DNN[internet] LBO[0] S_NSSAI[SST:1 SD:0xffffff] smContextRef[NULL] smContextResourceURI[NULL] (../src/amf/gmm-handler.c:1430)
08/13 19:24:00.439: [gmm] INFO: V-SMF Instance [901f19b6-974b-41f1-935f-8b308974cea5](LIST) (../src/amf/gmm-handler.c:1507)
08/13 19:24:00.439: [gmm] INFO: [901f19b6-974b-41f1-935f-8b308974cea5] Setup NF Instance [type:SMF] (../src/amf/gmm-handler.c:1509)
08/13 19:24:00.439: [gmm] INFO: V-SMF Instance [901f19b6-974b-41f1-935f-8b308974cea5] (../src/amf/gmm-handler.c:1519)
08/13 19:24:00.439: [gmm] INFO: V-SMF discovered in Non-Roaming or LBO-Roaming[0] (../src/amf/gmm-handler.c:1588)
08/13 19:24:00.439: [gmm] INFO: nsmf_pdusession [1:0x5a13e9c64688:(nil)] (../src/amf/gmm-handler.c:1628)
08/13 19:24:00.446: [amf] INFO: Setup NF EndPoint(addr) [172.22.0.7:7777] (../src/amf/nsmf-handler.c:140)
08/13 19:24:00.653: [amf] INFO: [imsi-001010000000020:1:11][0:0:NULL] /nsmf-pdusession/v1/sm-contexts/{smContextRef}/modify (../src/amf/nsmf-handler.c:983)
Open5GS daemon v2.7.7-74-gdbe060f

08/14 05:45:00.681: [app] INFO: Configuration: '/open5gs/install/etc/open5gs/amf.yaml' (../lib/app/ogs-init.c:144)
08/14 05:45:00.681: [app] INFO: File Logging: '/open5gs/install/var/log/open5gs/amf3.log' (../lib/app/ogs-init.c:147)
08/14 05:45:00.685: [sbi] INFO: Setup NF EndPoint(fqdn) [nrf:7777] (../lib/sbi/context.c:451)
08/14 05:45:00.685: [sbi] INFO: Setup NF EndPoint(fqdn) [scp:7777] (../lib/sbi/context.c:499)
08/14 05:45:00.685: [metrics] INFO: metrics_server() [http://172.22.0.47]:9091 (../lib/metrics/prometheus/context.c:392)
08/14 05:45:00.685: [sbi] INFO: NF Service [namf-comm] (../lib/sbi/context.c:2011)
08/14 05:45:00.685: [sbi] INFO: nghttp2_server() [http://172.22.0.47]:7777 (../lib/sbi/nghttp2-server.c:454)
08/14 05:45:00.685: [amf] INFO: ngap_server() [172.22.0.47]:38412 (../src/amf/ngap-sctp.c:61)
08/14 05:45:00.685: [sctp] INFO: AMF initialize...done (../src/amf/app.c:33)
08/14 05:45:00.689: [sbi] INFO: [4a472a70-97a3-41f1-800c-f197521f04f3] NF registered [Heartbeat:10s] (../lib/sbi/nf-sm.c:364)
08/14 05:45:00.690: [sbi] INFO: Setup NF EndPoint(addr) [172.22.0.12:7777] (../lib/sbi/nnrf-handler.c:1113)
08/14 05:45:00.690: [sbi] INFO: [4a481818-97a3-41f1-b7ad-09b75c8f05cf] Subscription created until 2026-08-15T05:45:00.689860+00:00 [duration:86400000000,validity:86400.000000,patch:43200.000000] (../lib/sbi/nnrf-handler.c:1032)
08/14 05:45:00.690: [sbi] INFO: Setup NF EndPoint(addr) [172.22.0.12:7777] (../lib/sbi/nnrf-handler.c:1113)
08/14 05:45:00.690: [sbi] INFO: [4a481de0-97a3-41f1-b7ad-09b75c8f05cf] Subscription created until 2026-08-15T05:45:00.689984+00:00 [duration:86400000000,validity:86400.000000,patch:43200.000000] (../lib/sbi/nnrf-handler.c:1032)
08/14 05:45:00.690: [sbi] INFO: Setup NF EndPoint(addr) [172.22.0.12:7777] (../lib/sbi/nnrf-handler.c:1113)
08/14 05:45:00.690: [sbi] INFO: [4a4822e0-97a3-41f1-b7ad-09b75c8f05cf] Subscription created until 2026-08-15T05:45:00.690109+00:00 [duration:86400000000,validity:86400.000000,patch:43200.000000] (../lib/sbi/nnrf-handler.c:1032)
08/14 05:45:00.690: [sbi] INFO: Setup NF EndPoint(addr) [172.22.0.12:7777] (../lib/sbi/nnrf-handler.c:1113)
08/14 05:45:00.691: [sbi] INFO: [4a4828da-97a3-41f1-b7ad-09b75c8f05cf] Subscription created until 2026-08-15T05:45:00.690260+00:00 [duration:86400000000,validity:86400.000000,patch:43200.000000] (../lib/sbi/nnrf-handler.c:1032)
08/14 05:45:00.691: [sbi] INFO: Setup NF EndPoint(addr) [172.22.0.12:7777] (../lib/sbi/nnrf-handler.c:1113)
08/14 05:45:00.691: [sbi] INFO: [4a482ca4-97a3-41f1-b7ad-09b75c8f05cf] Subscription created until 2026-08-15T05:45:00.690356+00:00 [duration:86400000000,validity:86400.000000,patch:43200.000000] (../lib/sbi/nnrf-handler.c:1032)
08/14 05:45:00.691: [sbi] INFO: Setup NF EndPoint(addr) [172.22.0.12:7777] (../lib/sbi/nnrf-handler.c:1113)
08/14 05:45:00.691: [sbi] INFO: [4a482e02-97a3-41f1-b7ad-09b75c8f05cf] Subscription created until 2026-08-15T05:45:00.690391+00:00 [duration:86400000000,validity:86400.000000,patch:43200.000000] (../lib/sbi/nnrf-handler.c:1032)
08/14 05:45:00.691: [sbi] INFO: Setup NF EndPoint(addr) [172.22.0.12:7777] (../lib/sbi/nnrf-handler.c:1113)
08/14 05:45:00.691: [sbi] INFO: [4a4834e2-97a3-41f1-b7ad-09b75c8f05cf] Subscription created until 2026-08-15T05:45:00.690567+00:00 [duration:86400000000,validity:86400.000000,patch:43200.000000] (../lib/sbi/nnrf-handler.c:1032)
08/14 05:45:00.692: [sbi] INFO: [b79d2e0a-97a1-41f1-89b9-0f6c8deabd66] (NRF-profile-get) NF registered (../lib/sbi/nf-sm.c:104)
08/14 05:45:00.692: [sbi] INFO: [UDM] NFInstance associated [b79d2e0a-97a1-41f1-89b9-0f6c8deabd66] (../lib/sbi/context.c:2495)
08/14 05:45:00.692: [sbi] INFO: Setup NF EndPoint(addr) [172.22.0.13:80] (../lib/sbi/context.c:2500)
08/14 05:45:00.692: [sbi] INFO: [nudm-ueau] NFService associated [b79d3f4e-97a1-41f1-89b9-0f6c8deabd66] (../lib/sbi/context.c:2135)
08/14 05:45:00.692: [sbi] INFO: Setup NF EndPoint(addr) [172.22.0.13:7777] (../lib/sbi/context.c:2137)
08/14 05:45:00.692: [sbi] INFO: [nudm-uecm] NFService associated [b79d3fd0-97a1-41f1-89b9-0f6c8deabd66] (../lib/sbi/context.c:2135)
08/14 05:45:00.692: [sbi] INFO: Setup NF EndPoint(addr) [172.22.0.13:7777] (../lib/sbi/context.c:2137)
08/14 05:45:00.692: [sbi] INFO: [nudm-sdm] NFService associated [b79d4002-97a1-41f1-89b9-0f6c8deabd66] (../lib/sbi/context.c:2135)
08/14 05:45:00.692: [sbi] INFO: Setup NF EndPoint(addr) [172.22.0.13:7777] (../lib/sbi/context.c:2137)
08/14 05:45:00.692: [sbi] INFO: [b7a75e0c-97a1-41f1-a6c2-b11807a4739e] (NRF-profile-get) NF registered (../lib/sbi/nf-sm.c:104)
08/14 05:45:00.692: [sbi] INFO: [NSSF] NFInstance associated [b7a75e0c-97a1-41f1-a6c2-b11807a4739e] (../lib/sbi/context.c:2495)
08/14 05:45:00.692: [sbi] INFO: Setup NF EndPoint(addr) [172.22.0.28:80] (../lib/sbi/context.c:2500)
08/14 05:45:00.692: [sbi] INFO: [nnssf-nsselection] NFService associated [b7a76852-97a1-41f1-a6c2-b11807a4739e] (../lib/sbi/context.c:2135)
08/14 05:45:00.692: [sbi] INFO: Setup NF EndPoint(addr) [172.22.0.28:7777] (../lib/sbi/context.c:2137)
08/14 05:45:00.692: [sbi] INFO: [b7a839e4-97a1-41f1-bc9e-3ff299b46bbc] (NRF-profile-get) NF registered (../lib/sbi/nf-sm.c:104)
08/14 05:45:00.692: [sbi] INFO: [AUSF] NFInstance associated [b7a839e4-97a1-41f1-bc9e-3ff299b46bbc] (../lib/sbi/context.c:2495)
08/14 05:45:00.692: [sbi] INFO: Setup NF EndPoint(addr) [172.22.0.11:80] (../lib/sbi/context.c:2500)
08/14 05:45:00.693: [sbi] INFO: [nausf-auth] NFService associated [b7a84150-97a1-41f1-bc9e-3ff299b46bbc] (../lib/sbi/context.c:2135)
08/14 05:45:00.693: [sbi] INFO: Setup NF EndPoint(addr) [172.22.0.11:7777] (../lib/sbi/context.c:2137)
08/14 05:45:00.693: [sbi] INFO: [b8086698-97a1-41f1-a6c6-5903d0d86efa] (NRF-profile-get) NF registered (../lib/sbi/nf-sm.c:104)
08/14 05:45:00.693: [sbi] INFO: [SMF] NFInstance associated [b8086698-97a1-41f1-a6c6-5903d0d86efa] (../lib/sbi/context.c:2495)
08/14 05:45:00.693: [sbi] INFO: Setup NF EndPoint(addr) [172.22.0.7:80] (../lib/sbi/context.c:2500)
08/14 05:45:00.693: [sbi] INFO: [nsmf-pdusession] NFService associated [b8106816-97a1-41f1-a6c6-5903d0d86efa] (../lib/sbi/context.c:2135)
08/14 05:45:00.693: [sbi] INFO: Setup NF EndPoint(addr) [172.22.0.7:7777] (../lib/sbi/context.c:2137)
08/14 05:45:00.693: [sbi] INFO: [bd996422-97a1-41f1-bf87-c51d92f840a0] (NRF-profile-get) NF registered (../lib/sbi/nf-sm.c:104)
08/14 05:45:00.693: [sbi] INFO: [PCF] NFInstance associated [bd996422-97a1-41f1-bf87-c51d92f840a0] (../lib/sbi/context.c:2495)
08/14 05:45:00.693: [sbi] INFO: Setup NF EndPoint(addr) [172.22.0.27:80] (../lib/sbi/context.c:2500)
08/14 05:45:00.693: [sbi] INFO: [npcf-am-policy-control] NFService associated [bd99c4b2-97a1-41f1-bf87-c51d92f840a0] (../lib/sbi/context.c:2135)
08/14 05:45:00.693: [sbi] INFO: Setup NF EndPoint(addr) [172.22.0.27:7777] (../lib/sbi/context.c:2137)
08/14 05:45:00.693: [sbi] INFO: [npcf-smpolicycontrol] NFService associated [bd99c548-97a1-41f1-bf87-c51d92f840a0] (../lib/sbi/context.c:2135)
08/14 05:45:00.693: [sbi] INFO: Setup NF EndPoint(addr) [172.22.0.27:7777] (../lib/sbi/context.c:2137)
08/14 05:45:00.693: [sbi] INFO: [npcf-policyauthorization] NFService associated [bd99c58e-97a1-41f1-bf87-c51d92f840a0] (../lib/sbi/context.c:2135)
08/14 05:45:00.693: [sbi] INFO: Setup NF EndPoint(addr) [172.22.0.27:7777] (../lib/sbi/context.c:2137)
Open5GS daemon v2.7.7-74-gdbe060f

08/14 07:00:22.993: [app] INFO: Configuration: '/open5gs/install/etc/open5gs/amf.yaml' (../lib/app/ogs-init.c:144)
08/14 07:00:22.993: [app] INFO: File Logging: '/open5gs/install/var/log/open5gs/amf3.log' (../lib/app/ogs-init.c:147)
08/14 07:00:22.996: [sbi] INFO: Setup NF EndPoint(fqdn) [nrf:7777] (../lib/sbi/context.c:451)
08/14 07:00:22.996: [sbi] INFO: Setup NF EndPoint(fqdn) [scp:7777] (../lib/sbi/context.c:499)
08/14 07:00:22.996: [metrics] INFO: metrics_server() [http://172.22.0.47]:9091 (../lib/metrics/prometheus/context.c:392)
08/14 07:00:22.996: [sbi] INFO: NF Service [namf-comm] (../lib/sbi/context.c:2011)
08/14 07:00:22.997: [sbi] INFO: nghttp2_server() [http://172.22.0.47]:7777 (../lib/sbi/nghttp2-server.c:454)
08/14 07:00:22.997: [amf] INFO: ngap_server() [172.22.0.47]:38412 (../src/amf/ngap-sctp.c:61)
08/14 07:00:22.997: [sctp] INFO: AMF initialize...done (../src/amf/app.c:33)
08/14 07:00:23.000: [sbi] INFO: [d1c927f0-97ad-41f1-a0fe-fb9c531938a1] NF registered [Heartbeat:10s] (../lib/sbi/nf-sm.c:364)
08/14 07:00:23.002: [sbi] INFO: Setup NF EndPoint(addr) [172.22.0.12:7777] (../lib/sbi/nnrf-handler.c:1113)
08/14 07:00:23.002: [sbi] INFO: [d1ca189a-97ad-41f1-874c-356677349658] Subscription created until 2026-08-15T07:00:23.001557+00:00 [duration:86400000000,validity:86400.000000,patch:43200.000000] (../lib/sbi/nnrf-handler.c:1032)
08/14 07:00:23.002: [sbi] INFO: Setup NF EndPoint(addr) [172.22.0.12:7777] (../lib/sbi/nnrf-handler.c:1113)
08/14 07:00:23.002: [sbi] INFO: [d1ca1c96-97ad-41f1-874c-356677349658] Subscription created until 2026-08-15T07:00:23.001631+00:00 [duration:86400000000,validity:86400.000000,patch:43200.000000] (../lib/sbi/nnrf-handler.c:1032)
08/14 07:00:23.002: [sbi] INFO: Setup NF EndPoint(addr) [172.22.0.12:7777] (../lib/sbi/nnrf-handler.c:1113)
08/14 07:00:23.002: [sbi] INFO: [d1ca1e6c-97ad-41f1-874c-356677349658] Subscription created until 2026-08-15T07:00:23.001673+00:00 [duration:86400000000,validity:86400.000000,patch:43200.000000] (../lib/sbi/nnrf-handler.c:1032)
08/14 07:00:23.003: [sbi] INFO: Setup NF EndPoint(addr) [172.22.0.12:7777] (../lib/sbi/nnrf-handler.c:1113)
08/14 07:00:23.003: [sbi] INFO: [d1ca2006-97ad-41f1-874c-356677349658] Subscription created until 2026-08-15T07:00:23.001713+00:00 [duration:86400000000,validity:86400.000000,patch:43200.000000] (../lib/sbi/nnrf-handler.c:1032)
08/14 07:00:23.003: [sbi] INFO: Setup NF EndPoint(addr) [172.22.0.12:7777] (../lib/sbi/nnrf-handler.c:1113)
08/14 07:00:23.003: [sbi] INFO: [d1ca2182-97ad-41f1-874c-356677349658] Subscription created until 2026-08-15T07:00:23.001751+00:00 [duration:86400000000,validity:86400.000000,patch:43200.000000] (../lib/sbi/nnrf-handler.c:1032)
08/14 07:00:23.003: [sbi] INFO: Setup NF EndPoint(addr) [172.22.0.12:7777] (../lib/sbi/nnrf-handler.c:1113)
08/14 07:00:23.003: [sbi] INFO: [d1ca24fc-97ad-41f1-874c-356677349658] Subscription created until 2026-08-15T07:00:23.001854+00:00 [duration:86400000000,validity:86400.000000,patch:43200.000000] (../lib/sbi/nnrf-handler.c:1032)
08/14 07:00:23.003: [sbi] INFO: Setup NF EndPoint(addr) [172.22.0.12:7777] (../lib/sbi/nnrf-handler.c:1113)
08/14 07:00:23.003: [sbi] INFO: [d1ca26f0-97ad-41f1-874c-356677349658] Subscription created until 2026-08-15T07:00:23.001889+00:00 [duration:86400000000,validity:86400.000000,patch:43200.000000] (../lib/sbi/nnrf-handler.c:1032)
08/14 07:00:23.004: [sbi] INFO: [af4a6568-97ad-41f1-949c-ab0dd1d549e3] (NRF-profile-get) NF registered (../lib/sbi/nf-sm.c:104)
08/14 07:00:23.004: [sbi] INFO: [AUSF] NFInstance associated [af4a6568-97ad-41f1-949c-ab0dd1d549e3] (../lib/sbi/context.c:2495)
08/14 07:00:23.004: [sbi] INFO: Setup NF EndPoint(addr) [172.22.0.11:80] (../lib/sbi/context.c:2500)
08/14 07:00:23.004: [sbi] INFO: [nausf-auth] NFService associated [af4a6f40-97ad-41f1-949c-ab0dd1d549e3] (../lib/sbi/context.c:2135)
08/14 07:00:23.004: [sbi] INFO: Setup NF EndPoint(addr) [172.22.0.11:7777] (../lib/sbi/context.c:2137)
08/14 07:00:23.005: [sbi] INFO: [af4aab0e-97ad-41f1-965f-55cdb216ae77] (NRF-profile-get) NF registered (../lib/sbi/nf-sm.c:104)
08/14 07:00:23.005: [sbi] INFO: [NSSF] NFInstance associated [af4aab0e-97ad-41f1-965f-55cdb216ae77] (../lib/sbi/context.c:2495)
08/14 07:00:23.005: [sbi] INFO: Setup NF EndPoint(addr) [172.22.0.28:80] (../lib/sbi/context.c:2500)
08/14 07:00:23.005: [sbi] INFO: [nnssf-nsselection] NFService associated [af4ab338-97ad-41f1-965f-55cdb216ae77] (../lib/sbi/context.c:2135)
08/14 07:00:23.005: [sbi] INFO: Setup NF EndPoint(addr) [172.22.0.28:7777] (../lib/sbi/context.c:2137)
08/14 07:00:23.005: [sbi] INFO: [af52fd9a-97ad-41f1-bd0d-79f7aa78c92b] (NRF-profile-get) NF registered (../lib/sbi/nf-sm.c:104)
08/14 07:00:23.005: [sbi] INFO: [UDM] NFInstance associated [af52fd9a-97ad-41f1-bd0d-79f7aa78c92b] (../lib/sbi/context.c:2495)
08/14 07:00:23.005: [sbi] INFO: Setup NF EndPoint(addr) [172.22.0.13:80] (../lib/sbi/context.c:2500)
08/14 07:00:23.005: [sbi] INFO: [nudm-ueau] NFService associated [af530d62-97ad-41f1-bd0d-79f7aa78c92b] (../lib/sbi/context.c:2135)
08/14 07:00:23.005: [sbi] INFO: Setup NF EndPoint(addr) [172.22.0.13:7777] (../lib/sbi/context.c:2137)
08/14 07:00:23.005: [sbi] INFO: [nudm-uecm] NFService associated [af530dc6-97ad-41f1-bd0d-79f7aa78c92b] (../lib/sbi/context.c:2135)
08/14 07:00:23.005: [sbi] INFO: Setup NF EndPoint(addr) [172.22.0.13:7777] (../lib/sbi/context.c:2137)
08/14 07:00:23.005: [sbi] INFO: [nudm-sdm] NFService associated [af530e3e-97ad-41f1-bd0d-79f7aa78c92b] (../lib/sbi/context.c:2135)
08/14 07:00:23.005: [sbi] INFO: Setup NF EndPoint(addr) [172.22.0.13:7777] (../lib/sbi/context.c:2137)
08/14 07:00:23.005: [sbi] INFO: [afc0fffc-97ad-41f1-a685-bdd2fc6cad4d] (NRF-profile-get) NF registered (../lib/sbi/nf-sm.c:104)
08/14 07:00:23.005: [sbi] INFO: [SMF] NFInstance associated [afc0fffc-97ad-41f1-a685-bdd2fc6cad4d] (../lib/sbi/context.c:2495)
08/14 07:00:23.005: [sbi] INFO: Setup NF EndPoint(addr) [172.22.0.7:80] (../lib/sbi/context.c:2500)
08/14 07:00:23.005: [sbi] INFO: [nsmf-pdusession] NFService associated [afca9666-97ad-41f1-a685-bdd2fc6cad4d] (../lib/sbi/context.c:2135)
08/14 07:00:23.005: [sbi] INFO: Setup NF EndPoint(addr) [172.22.0.7:7777] (../lib/sbi/context.c:2137)
08/14 07:00:23.006: [sbi] INFO: [b54866ae-97ad-41f1-8a23-cdd0b95e8b93] (NRF-profile-get) NF registered (../lib/sbi/nf-sm.c:104)
08/14 07:00:23.006: [sbi] INFO: [PCF] NFInstance associated [b54866ae-97ad-41f1-8a23-cdd0b95e8b93] (../lib/sbi/context.c:2495)
08/14 07:00:23.006: [sbi] INFO: Setup NF EndPoint(addr) [172.22.0.27:80] (../lib/sbi/context.c:2500)
08/14 07:00:23.006: [sbi] INFO: [npcf-am-policy-control] NFService associated [b548a4e8-97ad-41f1-8a23-cdd0b95e8b93] (../lib/sbi/context.c:2135)
08/14 07:00:23.006: [sbi] INFO: Setup NF EndPoint(addr) [172.22.0.27:7777] (../lib/sbi/context.c:2137)
08/14 07:00:23.006: [sbi] INFO: [npcf-smpolicycontrol] NFService associated [b548a556-97ad-41f1-8a23-cdd0b95e8b93] (../lib/sbi/context.c:2135)
08/14 07:00:23.006: [sbi] INFO: Setup NF EndPoint(addr) [172.22.0.27:7777] (../lib/sbi/context.c:2137)
08/14 07:00:23.006: [sbi] INFO: [npcf-policyauthorization] NFService associated [b548a59c-97ad-41f1-8a23-cdd0b95e8b93] (../lib/sbi/context.c:2135)
08/14 07:00:23.006: [sbi] INFO: Setup NF EndPoint(addr) [172.22.0.27:7777] (../lib/sbi/context.c:2137)
08/14 07:00:25.532: [amf] INFO: gNB-N2 accepted[172.22.0.43]:52431 in ng-path module (../src/amf/ngap-sctp.c:113)
08/14 07:00:25.532: [amf] INFO: gNB-N2 accepted[172.22.0.43] in master_sm module (../src/amf/amf-sm.c:813)
08/14 07:00:25.538: [amf] INFO: [Added] Number of gNBs is now 1 (../src/amf/context.c:1277)
08/14 07:00:25.538: [amf] INFO: gNB-N2[172.22.0.43] max_num_of_ostreams : 30 (../src/amf/amf-sm.c:860)
08/14 07:00:29.482: [amf] INFO: InitialUEMessage (../src/amf/ngap-handler.c:612)
08/14 07:00:29.482: [amf] INFO: [Added] Number of gNB-UEs is now 1 (../src/amf/context.c:2932)
08/14 07:00:29.482: [amf] INFO:     RAN_UE_NGAP_ID[1] AMF_UE_NGAP_ID[1] TAC[9] CellID[0x9] (../src/amf/ngap-handler.c:815)
08/14 07:00:29.482: [amf] INFO: [suci-0-001-01-0000-0-0-0000000017] Unknown UE by SUCI (../src/amf/context.c:1934)
08/14 07:00:29.482: [amf] INFO: [Added] Number of AMF-UEs is now 1 (../src/amf/context.c:1699)
08/14 07:00:29.482: [gmm] INFO: Registration request (../src/amf/gmm-sm.c:1670)
08/14 07:00:29.482: [gmm] INFO: [suci-0-001-01-0000-0-0-0000000017]    SUCI (../src/amf/gmm-handler.c:186)
08/14 07:00:29.482: [sbi] INFO: [af4a6568-97ad-41f1-949c-ab0dd1d549e3] Setup NF Instance [type:AUSF] (../lib/sbi/path.c:349)
08/14 07:00:29.485: [amf] INFO: Setup NF EndPoint(addr) [172.22.0.11:7777] (../src/amf/nausf-handler.c:130)
08/14 07:00:29.490: [sbi] INFO: [af52fd9a-97ad-41f1-bd0d-79f7aa78c92b] Setup NF Instance [type:UDM] (../lib/sbi/path.c:349)
08/14 07:00:29.491: [sbi] INFO: [af52fd9a-97ad-41f1-bd0d-79f7aa78c92b] Setup NF Instance [type:UDM] (../lib/sbi/path.c:349)
08/14 07:00:29.493: [amf] INFO: Setup NF EndPoint(addr) [172.22.0.13:7777] (../src/amf/nudm-handler.c:422)
08/14 07:00:29.494: [sbi] INFO: [b54866ae-97ad-41f1-8a23-cdd0b95e8b93] Setup NF Instance [type:PCF] (../lib/sbi/path.c:349)
08/14 07:00:29.496: [amf] INFO: Setup NF EndPoint(addr) [172.22.0.27:7777] (../src/amf/npcf-handler.c:143)
08/14 07:00:29.703: [gmm] INFO: [imsi-001010000000017] Registration complete (../src/amf/gmm-sm.c:3146)
08/14 07:00:29.703: [amf] INFO: [imsi-001010000000017] Configuration update command (../src/amf/nas-path.c:609)
08/14 07:00:29.703: [gmm] INFO:     UTC [2026-08-14T07:00:29] Timezone[0]/DST[0] (../src/amf/gmm-build.c:551)
08/14 07:00:29.703: [gmm] INFO:     LOCAL [2026-08-14T07:00:29] Timezone[0]/DST[0] (../src/amf/gmm-build.c:556)
08/14 07:00:29.703: [amf] INFO: [Added] Number of AMF-Sessions is now 1 (../src/amf/context.c:2953)
08/14 07:00:29.703: [gmm] INFO: UE SUPI[imsi-001010000000017] DNN[internet] LBO[0] S_NSSAI[SST:1 SD:0xffffff] smContextRef[NULL] smContextResourceURI[NULL] (../src/amf/gmm-handler.c:1430)
08/14 07:00:29.703: [gmm] INFO: V-SMF Instance [afc0fffc-97ad-41f1-a685-bdd2fc6cad4d](LIST) (../src/amf/gmm-handler.c:1507)
08/14 07:00:29.703: [gmm] INFO: [afc0fffc-97ad-41f1-a685-bdd2fc6cad4d] Setup NF Instance [type:SMF] (../src/amf/gmm-handler.c:1509)
08/14 07:00:29.703: [gmm] INFO: V-SMF Instance [afc0fffc-97ad-41f1-a685-bdd2fc6cad4d] (../src/amf/gmm-handler.c:1519)
08/14 07:00:29.703: [gmm] INFO: V-SMF discovered in Non-Roaming or LBO-Roaming[0] (../src/amf/gmm-handler.c:1588)
08/14 07:00:29.703: [gmm] INFO: nsmf_pdusession [1:0x5f4bc93e8688:(nil)] (../src/amf/gmm-handler.c:1628)
08/14 07:00:29.710: [amf] INFO: Setup NF EndPoint(addr) [172.22.0.7:7777] (../src/amf/nsmf-handler.c:140)
08/14 07:00:29.920: [amf] INFO: [imsi-001010000000017:1:11][0:0:NULL] /nsmf-pdusession/v1/sm-contexts/{smContextRef}/modify (../src/amf/nsmf-handler.c:983)
08/14 07:00:31.495: [amf] INFO: InitialUEMessage (../src/amf/ngap-handler.c:612)
08/14 07:00:31.495: [amf] INFO: [Added] Number of gNB-UEs is now 2 (../src/amf/context.c:2932)
08/14 07:00:31.495: [amf] INFO:     RAN_UE_NGAP_ID[2] AMF_UE_NGAP_ID[2] TAC[9] CellID[0x9] (../src/amf/ngap-handler.c:815)
08/14 07:00:31.495: [amf] INFO: [suci-0-001-01-0000-0-0-0000000018] Unknown UE by SUCI (../src/amf/context.c:1934)
08/14 07:00:31.495: [amf] INFO: [Added] Number of AMF-UEs is now 2 (../src/amf/context.c:1699)
08/14 07:00:31.495: [gmm] INFO: Registration request (../src/amf/gmm-sm.c:1670)
08/14 07:00:31.495: [gmm] INFO: [suci-0-001-01-0000-0-0-0000000018]    SUCI (../src/amf/gmm-handler.c:186)
08/14 07:00:31.495: [sbi] INFO: [af4a6568-97ad-41f1-949c-ab0dd1d549e3] Setup NF Instance [type:AUSF] (../lib/sbi/path.c:349)
08/14 07:00:31.499: [amf] INFO: Setup NF EndPoint(addr) [172.22.0.11:7777] (../src/amf/nausf-handler.c:130)
08/14 07:00:31.504: [sbi] INFO: [af52fd9a-97ad-41f1-bd0d-79f7aa78c92b] Setup NF Instance [type:UDM] (../lib/sbi/path.c:349)
08/14 07:00:31.505: [sbi] INFO: [af52fd9a-97ad-41f1-bd0d-79f7aa78c92b] Setup NF Instance [type:UDM] (../lib/sbi/path.c:349)
08/14 07:00:31.508: [amf] INFO: Setup NF EndPoint(addr) [172.22.0.13:7777] (../src/amf/nudm-handler.c:422)
08/14 07:00:31.508: [sbi] INFO: [b54866ae-97ad-41f1-8a23-cdd0b95e8b93] Setup NF Instance [type:PCF] (../lib/sbi/path.c:349)
08/14 07:00:31.511: [amf] INFO: Setup NF EndPoint(addr) [172.22.0.27:7777] (../src/amf/npcf-handler.c:143)
08/14 07:00:31.720: [gmm] INFO: [imsi-001010000000018] Registration complete (../src/amf/gmm-sm.c:3146)
08/14 07:00:31.720: [amf] INFO: [imsi-001010000000018] Configuration update command (../src/amf/nas-path.c:609)
08/14 07:00:31.720: [gmm] INFO:     UTC [2026-08-14T07:00:31] Timezone[0]/DST[0] (../src/amf/gmm-build.c:551)
08/14 07:00:31.720: [gmm] INFO:     LOCAL [2026-08-14T07:00:31] Timezone[0]/DST[0] (../src/amf/gmm-build.c:556)
08/14 07:00:31.720: [amf] INFO: [Added] Number of AMF-Sessions is now 2 (../src/amf/context.c:2953)
08/14 07:00:31.720: [gmm] INFO: UE SUPI[imsi-001010000000018] DNN[internet] LBO[0] S_NSSAI[SST:1 SD:0xffffff] smContextRef[NULL] smContextResourceURI[NULL] (../src/amf/gmm-handler.c:1430)
08/14 07:00:31.720: [gmm] INFO: V-SMF Instance [afc0fffc-97ad-41f1-a685-bdd2fc6cad4d](LIST) (../src/amf/gmm-handler.c:1507)
08/14 07:00:31.720: [gmm] INFO: [afc0fffc-97ad-41f1-a685-bdd2fc6cad4d] Setup NF Instance [type:SMF] (../src/amf/gmm-handler.c:1509)
08/14 07:00:31.720: [gmm] INFO: V-SMF Instance [afc0fffc-97ad-41f1-a685-bdd2fc6cad4d] (../src/amf/gmm-handler.c:1519)
08/14 07:00:31.720: [gmm] INFO: V-SMF discovered in Non-Roaming or LBO-Roaming[0] (../src/amf/gmm-handler.c:1588)
08/14 07:00:31.720: [gmm] INFO: nsmf_pdusession [1:0x5f4bc93e8688:(nil)] (../src/amf/gmm-handler.c:1628)
08/14 07:00:31.728: [amf] INFO: Setup NF EndPoint(addr) [172.22.0.7:7777] (../src/amf/nsmf-handler.c:140)
08/14 07:00:31.936: [amf] INFO: [imsi-001010000000018:1:11][0:0:NULL] /nsmf-pdusession/v1/sm-contexts/{smContextRef}/modify (../src/amf/nsmf-handler.c:983)
08/14 07:00:32.566: [amf] INFO: gNB-N2 accepted[172.22.0.43]:59466 in ng-path module (../src/amf/ngap-sctp.c:113)
08/14 07:00:32.566: [amf] INFO: gNB-N2 accepted[172.22.0.43] in master_sm module (../src/amf/amf-sm.c:813)
08/14 07:00:32.573: [amf] INFO: [Added] Number of gNBs is now 2 (../src/amf/context.c:1277)
08/14 07:00:32.573: [amf] INFO: gNB-N2[172.22.0.43] max_num_of_ostreams : 30 (../src/amf/amf-sm.c:860)
08/14 07:00:36.548: [amf] INFO: InitialUEMessage (../src/amf/ngap-handler.c:612)
08/14 07:00:36.548: [amf] INFO: [Added] Number of gNB-UEs is now 3 (../src/amf/context.c:2932)
08/14 07:00:36.548: [amf] INFO:     RAN_UE_NGAP_ID[1] AMF_UE_NGAP_ID[3] TAC[10] CellID[0xa] (../src/amf/ngap-handler.c:815)
08/14 07:00:36.548: [amf] INFO: [suci-0-001-01-0000-0-0-0000000019] Unknown UE by SUCI (../src/amf/context.c:1934)
08/14 07:00:36.548: [amf] INFO: [Added] Number of AMF-UEs is now 3 (../src/amf/context.c:1699)
08/14 07:00:36.548: [gmm] INFO: Registration request (../src/amf/gmm-sm.c:1670)
08/14 07:00:36.548: [gmm] INFO: [suci-0-001-01-0000-0-0-0000000019]    SUCI (../src/amf/gmm-handler.c:186)
08/14 07:00:36.548: [sbi] INFO: [af4a6568-97ad-41f1-949c-ab0dd1d549e3] Setup NF Instance [type:AUSF] (../lib/sbi/path.c:349)
08/14 07:00:36.552: [amf] INFO: Setup NF EndPoint(addr) [172.22.0.11:7777] (../src/amf/nausf-handler.c:130)
08/14 07:00:36.557: [sbi] INFO: [af52fd9a-97ad-41f1-bd0d-79f7aa78c92b] Setup NF Instance [type:UDM] (../lib/sbi/path.c:349)
08/14 07:00:36.559: [sbi] INFO: [af52fd9a-97ad-41f1-bd0d-79f7aa78c92b] Setup NF Instance [type:UDM] (../lib/sbi/path.c:349)
08/14 07:00:36.562: [amf] INFO: Setup NF EndPoint(addr) [172.22.0.13:7777] (../src/amf/nudm-handler.c:422)
08/14 07:00:36.562: [sbi] INFO: [b54866ae-97ad-41f1-8a23-cdd0b95e8b93] Setup NF Instance [type:PCF] (../lib/sbi/path.c:349)
08/14 07:00:36.565: [amf] INFO: Setup NF EndPoint(addr) [172.22.0.27:7777] (../src/amf/npcf-handler.c:143)
08/14 07:00:36.767: [gmm] INFO: [imsi-001010000000019] Registration complete (../src/amf/gmm-sm.c:3146)
08/14 07:00:36.767: [amf] INFO: [imsi-001010000000019] Configuration update command (../src/amf/nas-path.c:609)
08/14 07:00:36.767: [gmm] INFO:     UTC [2026-08-14T07:00:36] Timezone[0]/DST[0] (../src/amf/gmm-build.c:551)
08/14 07:00:36.768: [gmm] INFO:     LOCAL [2026-08-14T07:00:36] Timezone[0]/DST[0] (../src/amf/gmm-build.c:556)
08/14 07:00:36.768: [amf] INFO: [Added] Number of AMF-Sessions is now 3 (../src/amf/context.c:2953)
08/14 07:00:36.768: [gmm] INFO: UE SUPI[imsi-001010000000019] DNN[internet] LBO[0] S_NSSAI[SST:1 SD:0xffffff] smContextRef[NULL] smContextResourceURI[NULL] (../src/amf/gmm-handler.c:1430)
08/14 07:00:36.768: [gmm] INFO: V-SMF Instance [afc0fffc-97ad-41f1-a685-bdd2fc6cad4d](LIST) (../src/amf/gmm-handler.c:1507)
08/14 07:00:36.768: [gmm] INFO: [afc0fffc-97ad-41f1-a685-bdd2fc6cad4d] Setup NF Instance [type:SMF] (../src/amf/gmm-handler.c:1509)
08/14 07:00:36.768: [gmm] INFO: V-SMF Instance [afc0fffc-97ad-41f1-a685-bdd2fc6cad4d] (../src/amf/gmm-handler.c:1519)
08/14 07:00:36.768: [gmm] INFO: V-SMF discovered in Non-Roaming or LBO-Roaming[0] (../src/amf/gmm-handler.c:1588)
08/14 07:00:36.768: [gmm] INFO: nsmf_pdusession [1:0x5f4bc93e8688:(nil)] (../src/amf/gmm-handler.c:1628)
08/14 07:00:36.774: [amf] INFO: Setup NF EndPoint(addr) [172.22.0.7:7777] (../src/amf/nsmf-handler.c:140)
08/14 07:00:36.982: [amf] INFO: [imsi-001010000000019:1:11][0:0:NULL] /nsmf-pdusession/v1/sm-contexts/{smContextRef}/modify (../src/amf/nsmf-handler.c:983)
08/14 07:00:38.551: [amf] INFO: InitialUEMessage (../src/amf/ngap-handler.c:612)
08/14 07:00:38.551: [amf] INFO: [Added] Number of gNB-UEs is now 4 (../src/amf/context.c:2932)
08/14 07:00:38.551: [amf] INFO:     RAN_UE_NGAP_ID[2] AMF_UE_NGAP_ID[4] TAC[10] CellID[0xa] (../src/amf/ngap-handler.c:815)
08/14 07:00:38.551: [amf] INFO: [suci-0-001-01-0000-0-0-0000000020] Unknown UE by SUCI (../src/amf/context.c:1934)
08/14 07:00:38.552: [amf] INFO: [Added] Number of AMF-UEs is now 4 (../src/amf/context.c:1699)
08/14 07:00:38.552: [gmm] INFO: Registration request (../src/amf/gmm-sm.c:1670)
08/14 07:00:38.552: [gmm] INFO: [suci-0-001-01-0000-0-0-0000000020]    SUCI (../src/amf/gmm-handler.c:186)
08/14 07:00:38.552: [sbi] INFO: [af4a6568-97ad-41f1-949c-ab0dd1d549e3] Setup NF Instance [type:AUSF] (../lib/sbi/path.c:349)
08/14 07:00:38.555: [amf] INFO: Setup NF EndPoint(addr) [172.22.0.11:7777] (../src/amf/nausf-handler.c:130)
08/14 07:00:38.560: [sbi] INFO: [af52fd9a-97ad-41f1-bd0d-79f7aa78c92b] Setup NF Instance [type:UDM] (../lib/sbi/path.c:349)
08/14 07:00:38.561: [sbi] INFO: [af52fd9a-97ad-41f1-bd0d-79f7aa78c92b] Setup NF Instance [type:UDM] (../lib/sbi/path.c:349)
08/14 07:00:38.565: [amf] INFO: Setup NF EndPoint(addr) [172.22.0.13:7777] (../src/amf/nudm-handler.c:422)
08/14 07:00:38.565: [sbi] INFO: [b54866ae-97ad-41f1-8a23-cdd0b95e8b93] Setup NF Instance [type:PCF] (../lib/sbi/path.c:349)
08/14 07:00:38.567: [amf] INFO: Setup NF EndPoint(addr) [172.22.0.27:7777] (../src/amf/npcf-handler.c:143)
08/14 07:00:38.776: [gmm] INFO: [imsi-001010000000020] Registration complete (../src/amf/gmm-sm.c:3146)
08/14 07:00:38.776: [amf] INFO: [imsi-001010000000020] Configuration update command (../src/amf/nas-path.c:609)
08/14 07:00:38.776: [gmm] INFO:     UTC [2026-08-14T07:00:38] Timezone[0]/DST[0] (../src/amf/gmm-build.c:551)
08/14 07:00:38.776: [gmm] INFO:     LOCAL [2026-08-14T07:00:38] Timezone[0]/DST[0] (../src/amf/gmm-build.c:556)
08/14 07:00:38.776: [amf] INFO: [Added] Number of AMF-Sessions is now 4 (../src/amf/context.c:2953)
08/14 07:00:38.776: [gmm] INFO: UE SUPI[imsi-001010000000020] DNN[internet] LBO[0] S_NSSAI[SST:1 SD:0xffffff] smContextRef[NULL] smContextResourceURI[NULL] (../src/amf/gmm-handler.c:1430)
08/14 07:00:38.776: [gmm] INFO: V-SMF Instance [afc0fffc-97ad-41f1-a685-bdd2fc6cad4d](LIST) (../src/amf/gmm-handler.c:1507)
08/14 07:00:38.777: [gmm] INFO: [afc0fffc-97ad-41f1-a685-bdd2fc6cad4d] Setup NF Instance [type:SMF] (../src/amf/gmm-handler.c:1509)
08/14 07:00:38.777: [gmm] INFO: V-SMF Instance [afc0fffc-97ad-41f1-a685-bdd2fc6cad4d] (../src/amf/gmm-handler.c:1519)
08/14 07:00:38.777: [gmm] INFO: V-SMF discovered in Non-Roaming or LBO-Roaming[0] (../src/amf/gmm-handler.c:1588)
08/14 07:00:38.777: [gmm] INFO: nsmf_pdusession [1:0x5f4bc93e8688:(nil)] (../src/amf/gmm-handler.c:1628)
08/14 07:00:38.782: [amf] INFO: Setup NF EndPoint(addr) [172.22.0.7:7777] (../src/amf/nsmf-handler.c:140)
08/14 07:00:38.991: [amf] INFO: [imsi-001010000000020:1:11][0:0:NULL] /nsmf-pdusession/v1/sm-contexts/{smContextRef}/modify (../src/amf/nsmf-handler.c:983)
Open5GS daemon v2.7.7-74-gdbe060f

08/15 04:33:50.077: [app] INFO: Configuration: '/open5gs/install/etc/open5gs/amf.yaml' (../lib/app/ogs-init.c:144)
08/15 04:33:50.077: [app] INFO: File Logging: '/open5gs/install/var/log/open5gs/amf3.log' (../lib/app/ogs-init.c:147)
08/15 04:33:50.080: [sbi] INFO: Setup NF EndPoint(fqdn) [nrf:7777] (../lib/sbi/context.c:451)
08/15 04:33:50.080: [sbi] INFO: Setup NF EndPoint(fqdn) [scp:7777] (../lib/sbi/context.c:499)
08/15 04:33:50.080: [metrics] INFO: metrics_server() [http://172.22.0.47]:9091 (../lib/metrics/prometheus/context.c:392)
08/15 04:33:50.080: [sbi] INFO: NF Service [namf-comm] (../lib/sbi/context.c:2011)
08/15 04:33:50.081: [sbi] INFO: nghttp2_server() [http://172.22.0.47]:7777 (../lib/sbi/nghttp2-server.c:454)
08/15 04:33:50.081: [amf] INFO: ngap_server() [172.22.0.47]:38412 (../src/amf/ngap-sctp.c:61)
08/15 04:33:50.081: [sctp] INFO: AMF initialize...done (../src/amf/app.c:33)
08/15 04:33:50.085: [sbi] INFO: [83366a0c-9862-41f1-acbb-8f7285ebf600] NF registered [Heartbeat:10s] (../lib/sbi/nf-sm.c:364)
08/15 04:33:50.087: [sbi] INFO: Setup NF EndPoint(addr) [172.22.0.12:7777] (../lib/sbi/nnrf-handler.c:1113)
08/15 04:33:50.087: [sbi] INFO: [83375fb6-9862-41f1-80b4-f9381b7a96d1] Subscription created until 2026-08-16T04:33:50.085780+00:00 [duration:86400000000,validity:86400.000000,patch:43200.000000] (../lib/sbi/nnrf-handler.c:1032)
08/15 04:33:50.088: [sbi] INFO: Setup NF EndPoint(addr) [172.22.0.12:7777] (../lib/sbi/nnrf-handler.c:1113)
08/15 04:33:50.088: [sbi] INFO: [833776e0-9862-41f1-80b4-f9381b7a96d1] Subscription created until 2026-08-16T04:33:50.086366+00:00 [duration:86400000000,validity:86400.000000,patch:43200.000000] (../lib/sbi/nnrf-handler.c:1032)
08/15 04:33:50.088: [sbi] INFO: Setup NF EndPoint(addr) [172.22.0.12:7777] (../lib/sbi/nnrf-handler.c:1113)
08/15 04:33:50.088: [sbi] INFO: [83377b18-9862-41f1-80b4-f9381b7a96d1] Subscription created until 2026-08-16T04:33:50.086444+00:00 [duration:86400000000,validity:86400.000000,patch:43200.000000] (../lib/sbi/nnrf-handler.c:1032)
08/15 04:33:50.088: [sbi] INFO: Setup NF EndPoint(addr) [172.22.0.12:7777] (../lib/sbi/nnrf-handler.c:1113)
08/15 04:33:50.088: [sbi] INFO: [833784dc-9862-41f1-80b4-f9381b7a96d1] Subscription created until 2026-08-16T04:33:50.086701+00:00 [duration:86400000000,validity:86400.000000,patch:43200.000000] (../lib/sbi/nnrf-handler.c:1032)
08/15 04:33:50.088: [sbi] INFO: Setup NF EndPoint(addr) [172.22.0.12:7777] (../lib/sbi/nnrf-handler.c:1113)
08/15 04:33:50.088: [sbi] INFO: [83378720-9862-41f1-80b4-f9381b7a96d1] Subscription created until 2026-08-16T04:33:50.086749+00:00 [duration:86400000000,validity:86400.000000,patch:43200.000000] (../lib/sbi/nnrf-handler.c:1032)
08/15 04:33:50.088: [sbi] INFO: Setup NF EndPoint(addr) [172.22.0.12:7777] (../lib/sbi/nnrf-handler.c:1113)
08/15 04:33:50.088: [sbi] INFO: [833788e2-9862-41f1-80b4-f9381b7a96d1] Subscription created until 2026-08-16T04:33:50.086795+00:00 [duration:86400000000,validity:86400.000000,patch:43200.000000] (../lib/sbi/nnrf-handler.c:1032)
08/15 04:33:50.088: [sbi] INFO: Setup NF EndPoint(addr) [172.22.0.12:7777] (../lib/sbi/nnrf-handler.c:1113)
08/15 04:33:50.088: [sbi] INFO: [83378aae-9862-41f1-80b4-f9381b7a96d1] Subscription created until 2026-08-16T04:33:50.086872+00:00 [duration:86400000000,validity:86400.000000,patch:43200.000000] (../lib/sbi/nnrf-handler.c:1032)
08/15 04:33:50.090: [sbi] INFO: [699a8d76-9862-41f1-9419-d12b445bc7ee] (NRF-profile-get) NF registered (../lib/sbi/nf-sm.c:104)
08/15 04:33:50.090: [sbi] INFO: [UDM] NFInstance associated [699a8d76-9862-41f1-9419-d12b445bc7ee] (../lib/sbi/context.c:2495)
08/15 04:33:50.090: [sbi] INFO: Setup NF EndPoint(addr) [172.22.0.13:80] (../lib/sbi/context.c:2500)
08/15 04:33:50.090: [sbi] INFO: [nudm-ueau] NFService associated [699a9f82-9862-41f1-9419-d12b445bc7ee] (../lib/sbi/context.c:2135)
08/15 04:33:50.090: [sbi] INFO: Setup NF EndPoint(addr) [172.22.0.13:7777] (../lib/sbi/context.c:2137)
08/15 04:33:50.090: [sbi] INFO: [nudm-uecm] NFService associated [699aa022-9862-41f1-9419-d12b445bc7ee] (../lib/sbi/context.c:2135)
08/15 04:33:50.090: [sbi] INFO: Setup NF EndPoint(addr) [172.22.0.13:7777] (../lib/sbi/context.c:2137)
08/15 04:33:50.090: [sbi] INFO: [nudm-sdm] NFService associated [699aa05e-9862-41f1-9419-d12b445bc7ee] (../lib/sbi/context.c:2135)
08/15 04:33:50.090: [sbi] INFO: Setup NF EndPoint(addr) [172.22.0.13:7777] (../lib/sbi/context.c:2137)
08/15 04:33:50.090: [sbi] INFO: [699efa64-9862-41f1-825a-798f3f0ef231] (NRF-profile-get) NF registered (../lib/sbi/nf-sm.c:104)
08/15 04:33:50.090: [sbi] INFO: [AUSF] NFInstance associated [699efa64-9862-41f1-825a-798f3f0ef231] (../lib/sbi/context.c:2495)
08/15 04:33:50.090: [sbi] INFO: Setup NF EndPoint(addr) [172.22.0.11:80] (../lib/sbi/context.c:2500)
08/15 04:33:50.090: [sbi] INFO: [nausf-auth] NFService associated [699f0504-9862-41f1-825a-798f3f0ef231] (../lib/sbi/context.c:2135)
08/15 04:33:50.090: [sbi] INFO: Setup NF EndPoint(addr) [172.22.0.11:7777] (../lib/sbi/context.c:2137)
08/15 04:33:50.090: [sbi] INFO: [69a63676-9862-41f1-8987-dd286c71c463] (NRF-profile-get) NF registered (../lib/sbi/nf-sm.c:104)
08/15 04:33:50.090: [sbi] INFO: [NSSF] NFInstance associated [69a63676-9862-41f1-8987-dd286c71c463] (../lib/sbi/context.c:2495)
08/15 04:33:50.090: [sbi] INFO: Setup NF EndPoint(addr) [172.22.0.28:80] (../lib/sbi/context.c:2500)
08/15 04:33:50.090: [sbi] INFO: [nnssf-nsselection] NFService associated [69a64062-9862-41f1-8987-dd286c71c463] (../lib/sbi/context.c:2135)
08/15 04:33:50.090: [sbi] INFO: Setup NF EndPoint(addr) [172.22.0.28:7777] (../lib/sbi/context.c:2137)
08/15 04:33:50.090: [sbi] INFO: [6a08ff90-9862-41f1-95e9-4fa4ad18c57b] (NRF-profile-get) NF registered (../lib/sbi/nf-sm.c:104)
08/15 04:33:50.090: [sbi] INFO: [SMF] NFInstance associated [6a08ff90-9862-41f1-95e9-4fa4ad18c57b] (../lib/sbi/context.c:2495)
08/15 04:33:50.090: [sbi] INFO: Setup NF EndPoint(addr) [172.22.0.7:80] (../lib/sbi/context.c:2500)
08/15 04:33:50.090: [sbi] INFO: [nsmf-pdusession] NFService associated [6a0e4b62-9862-41f1-95e9-4fa4ad18c57b] (../lib/sbi/context.c:2135)
08/15 04:33:50.090: [sbi] INFO: Setup NF EndPoint(addr) [172.22.0.7:7777] (../lib/sbi/context.c:2137)
08/15 04:33:50.091: [sbi] INFO: [6f9c82ce-9862-41f1-84fc-f5246af71e31] (NRF-profile-get) NF registered (../lib/sbi/nf-sm.c:104)
08/15 04:33:50.091: [sbi] INFO: [PCF] NFInstance associated [6f9c82ce-9862-41f1-84fc-f5246af71e31] (../lib/sbi/context.c:2495)
08/15 04:33:50.091: [sbi] INFO: Setup NF EndPoint(addr) [172.22.0.27:80] (../lib/sbi/context.c:2500)
08/15 04:33:50.091: [sbi] INFO: [npcf-am-policy-control] NFService associated [6f9ccc16-9862-41f1-84fc-f5246af71e31] (../lib/sbi/context.c:2135)
08/15 04:33:50.091: [sbi] INFO: Setup NF EndPoint(addr) [172.22.0.27:7777] (../lib/sbi/context.c:2137)
08/15 04:33:50.091: [sbi] INFO: [npcf-smpolicycontrol] NFService associated [6f9ccce8-9862-41f1-84fc-f5246af71e31] (../lib/sbi/context.c:2135)
08/15 04:33:50.091: [sbi] INFO: Setup NF EndPoint(addr) [172.22.0.27:7777] (../lib/sbi/context.c:2137)
08/15 04:33:50.091: [sbi] INFO: [npcf-policyauthorization] NFService associated [6f9ccd2e-9862-41f1-84fc-f5246af71e31] (../lib/sbi/context.c:2135)
08/15 04:33:50.091: [sbi] INFO: Setup NF EndPoint(addr) [172.22.0.27:7777] (../lib/sbi/context.c:2137)
08/15 04:33:50.445: [amf] INFO: gNB-N2 accepted[172.22.0.43]:36773 in ng-path module (../src/amf/ngap-sctp.c:113)
08/15 04:33:50.445: [amf] INFO: gNB-N2 accepted[172.22.0.43] in master_sm module (../src/amf/amf-sm.c:813)
08/15 04:33:50.453: [amf] INFO: [Added] Number of gNBs is now 1 (../src/amf/context.c:1277)
08/15 04:33:50.453: [amf] INFO: gNB-N2[172.22.0.43] max_num_of_ostreams : 30 (../src/amf/amf-sm.c:860)
08/15 04:33:54.544: [amf] INFO: InitialUEMessage (../src/amf/ngap-handler.c:612)
08/15 04:33:54.544: [amf] INFO: [Added] Number of gNB-UEs is now 1 (../src/amf/context.c:2932)
08/15 04:33:54.544: [amf] INFO:     RAN_UE_NGAP_ID[1] AMF_UE_NGAP_ID[1] TAC[4] CellID[0x4] (../src/amf/ngap-handler.c:815)
08/15 04:33:54.544: [amf] INFO: [suci-0-001-01-0000-0-0-0000000016] Unknown UE by SUCI (../src/amf/context.c:1934)
08/15 04:33:54.544: [amf] INFO: [Added] Number of AMF-UEs is now 1 (../src/amf/context.c:1699)
08/15 04:33:54.544: [gmm] INFO: Registration request (../src/amf/gmm-sm.c:1670)
08/15 04:33:54.544: [gmm] INFO: [suci-0-001-01-0000-0-0-0000000016]    SUCI (../src/amf/gmm-handler.c:186)
08/15 04:33:54.544: [sbi] INFO: [699efa64-9862-41f1-825a-798f3f0ef231] Setup NF Instance [type:AUSF] (../lib/sbi/path.c:349)
08/15 04:33:54.548: [amf] INFO: Setup NF EndPoint(addr) [172.22.0.11:7777] (../src/amf/nausf-handler.c:130)
08/15 04:33:54.550: [gmm] WARNING: [suci-0-001-01-0000-0-0-0000000016] Authentication failure [21] (../src/amf/gmm-sm.c:2143)
08/15 04:33:54.550: [gmm] WARNING: [suci-0-001-01-0000-0-0-0000000016] Authentication failure(Synch failure[count=0]) (../src/amf/gmm-sm.c:2172)
08/15 04:33:54.555: [amf] WARNING: UnRef NF EndPoint(addr) [172.22.0.11:7777] (../src/amf/nausf-handler.c:130)
08/15 04:33:54.555: [amf] INFO: Setup NF EndPoint(addr) [172.22.0.11:7777] (../src/amf/nausf-handler.c:130)
08/15 04:33:54.562: [sbi] INFO: [699a8d76-9862-41f1-9419-d12b445bc7ee] Setup NF Instance [type:UDM] (../lib/sbi/path.c:349)
08/15 04:33:54.564: [sbi] INFO: [699a8d76-9862-41f1-9419-d12b445bc7ee] Setup NF Instance [type:UDM] (../lib/sbi/path.c:349)
08/15 04:33:54.570: [amf] INFO: Setup NF EndPoint(addr) [172.22.0.13:7777] (../src/amf/nudm-handler.c:422)
08/15 04:33:54.570: [sbi] INFO: [6f9c82ce-9862-41f1-84fc-f5246af71e31] Setup NF Instance [type:PCF] (../lib/sbi/path.c:349)
08/15 04:33:54.573: [amf] INFO: Setup NF EndPoint(addr) [172.22.0.27:7777] (../src/amf/npcf-handler.c:143)
08/15 04:33:54.776: [gmm] INFO: [imsi-001010000000016] Registration complete (../src/amf/gmm-sm.c:3146)
08/15 04:33:54.776: [amf] INFO: [imsi-001010000000016] Configuration update command (../src/amf/nas-path.c:609)
08/15 04:33:54.776: [gmm] INFO:     UTC [2026-08-15T04:33:54] Timezone[0]/DST[0] (../src/amf/gmm-build.c:551)
08/15 04:33:54.776: [gmm] INFO:     LOCAL [2026-08-15T04:33:54] Timezone[0]/DST[0] (../src/amf/gmm-build.c:556)
08/15 04:33:54.777: [amf] INFO: [Added] Number of AMF-Sessions is now 1 (../src/amf/context.c:2953)
08/15 04:33:54.777: [gmm] INFO: UE SUPI[imsi-001010000000016] DNN[internet] LBO[0] S_NSSAI[SST:1 SD:0xffffff] smContextRef[NULL] smContextResourceURI[NULL] (../src/amf/gmm-handler.c:1430)
08/15 04:33:54.777: [gmm] INFO: V-SMF Instance [6a08ff90-9862-41f1-95e9-4fa4ad18c57b](LIST) (../src/amf/gmm-handler.c:1507)
08/15 04:33:54.777: [gmm] INFO: [6a08ff90-9862-41f1-95e9-4fa4ad18c57b] Setup NF Instance [type:SMF] (../src/amf/gmm-handler.c:1509)
08/15 04:33:54.777: [gmm] INFO: V-SMF Instance [6a08ff90-9862-41f1-95e9-4fa4ad18c57b] (../src/amf/gmm-handler.c:1519)
08/15 04:33:54.777: [gmm] INFO: V-SMF discovered in Non-Roaming or LBO-Roaming[0] (../src/amf/gmm-handler.c:1588)
08/15 04:33:54.777: [gmm] INFO: nsmf_pdusession [1:0x57ff320a0688:(nil)] (../src/amf/gmm-handler.c:1628)
08/15 04:33:54.784: [amf] INFO: Setup NF EndPoint(addr) [172.22.0.7:7777] (../src/amf/nsmf-handler.c:140)
08/15 04:33:54.991: [amf] INFO: [imsi-001010000000016:1:11][0:0:NULL] /nsmf-pdusession/v1/sm-contexts/{smContextRef}/modify (../src/amf/nsmf-handler.c:983)
08/15 04:33:56.584: [amf] INFO: InitialUEMessage (../src/amf/ngap-handler.c:612)
08/15 04:33:56.584: [amf] INFO: [Added] Number of gNB-UEs is now 2 (../src/amf/context.c:2932)
08/15 04:33:56.584: [amf] INFO:     RAN_UE_NGAP_ID[2] AMF_UE_NGAP_ID[2] TAC[4] CellID[0x4] (../src/amf/ngap-handler.c:815)
08/15 04:33:56.584: [amf] INFO: [suci-0-001-01-0000-0-0-0000000017] Unknown UE by SUCI (../src/amf/context.c:1934)
08/15 04:33:56.584: [amf] INFO: [Added] Number of AMF-UEs is now 2 (../src/amf/context.c:1699)
08/15 04:33:56.584: [gmm] INFO: Registration request (../src/amf/gmm-sm.c:1670)
08/15 04:33:56.584: [gmm] INFO: [suci-0-001-01-0000-0-0-0000000017]    SUCI (../src/amf/gmm-handler.c:186)
08/15 04:33:56.584: [sbi] INFO: [699efa64-9862-41f1-825a-798f3f0ef231] Setup NF Instance [type:AUSF] (../lib/sbi/path.c:349)
08/15 04:33:56.588: [amf] INFO: Setup NF EndPoint(addr) [172.22.0.11:7777] (../src/amf/nausf-handler.c:130)
08/15 04:33:56.590: [gmm] WARNING: [suci-0-001-01-0000-0-0-0000000017] Authentication failure [21] (../src/amf/gmm-sm.c:2143)
08/15 04:33:56.590: [gmm] WARNING: [suci-0-001-01-0000-0-0-0000000017] Authentication failure(Synch failure[count=0]) (../src/amf/gmm-sm.c:2172)
08/15 04:33:56.593: [amf] WARNING: UnRef NF EndPoint(addr) [172.22.0.11:7777] (../src/amf/nausf-handler.c:130)
08/15 04:33:56.593: [amf] INFO: Setup NF EndPoint(addr) [172.22.0.11:7777] (../src/amf/nausf-handler.c:130)
08/15 04:33:56.598: [sbi] INFO: [699a8d76-9862-41f1-9419-d12b445bc7ee] Setup NF Instance [type:UDM] (../lib/sbi/path.c:349)
08/15 04:33:56.599: [sbi] INFO: [699a8d76-9862-41f1-9419-d12b445bc7ee] Setup NF Instance [type:UDM] (../lib/sbi/path.c:349)
08/15 04:33:56.602: [amf] INFO: Setup NF EndPoint(addr) [172.22.0.13:7777] (../src/amf/nudm-handler.c:422)
08/15 04:33:56.602: [sbi] INFO: [6f9c82ce-9862-41f1-84fc-f5246af71e31] Setup NF Instance [type:PCF] (../lib/sbi/path.c:349)
08/15 04:33:56.605: [amf] INFO: Setup NF EndPoint(addr) [172.22.0.27:7777] (../src/amf/npcf-handler.c:143)
08/15 04:33:56.808: [gmm] INFO: [imsi-001010000000017] Registration complete (../src/amf/gmm-sm.c:3146)
08/15 04:33:56.808: [amf] INFO: [imsi-001010000000017] Configuration update command (../src/amf/nas-path.c:609)
08/15 04:33:56.808: [gmm] INFO:     UTC [2026-08-15T04:33:56] Timezone[0]/DST[0] (../src/amf/gmm-build.c:551)
08/15 04:33:56.808: [gmm] INFO:     LOCAL [2026-08-15T04:33:56] Timezone[0]/DST[0] (../src/amf/gmm-build.c:556)
08/15 04:33:56.808: [amf] INFO: [Added] Number of AMF-Sessions is now 2 (../src/amf/context.c:2953)
08/15 04:33:56.808: [gmm] INFO: UE SUPI[imsi-001010000000017] DNN[internet] LBO[0] S_NSSAI[SST:1 SD:0xffffff] smContextRef[NULL] smContextResourceURI[NULL] (../src/amf/gmm-handler.c:1430)
08/15 04:33:56.808: [gmm] INFO: V-SMF Instance [6a08ff90-9862-41f1-95e9-4fa4ad18c57b](LIST) (../src/amf/gmm-handler.c:1507)
08/15 04:33:56.808: [gmm] INFO: [6a08ff90-9862-41f1-95e9-4fa4ad18c57b] Setup NF Instance [type:SMF] (../src/amf/gmm-handler.c:1509)
08/15 04:33:56.808: [gmm] INFO: V-SMF Instance [6a08ff90-9862-41f1-95e9-4fa4ad18c57b] (../src/amf/gmm-handler.c:1519)
08/15 04:33:56.808: [gmm] INFO: V-SMF discovered in Non-Roaming or LBO-Roaming[0] (../src/amf/gmm-handler.c:1588)
08/15 04:33:56.808: [gmm] INFO: nsmf_pdusession [1:0x57ff320a0688:(nil)] (../src/amf/gmm-handler.c:1628)
08/15 04:33:56.815: [amf] INFO: Setup NF EndPoint(addr) [172.22.0.7:7777] (../src/amf/nsmf-handler.c:140)
08/15 04:33:57.023: [amf] INFO: [imsi-001010000000017:1:11][0:0:NULL] /nsmf-pdusession/v1/sm-contexts/{smContextRef}/modify (../src/amf/nsmf-handler.c:983)
08/15 04:33:58.558: [amf] INFO: InitialUEMessage (../src/amf/ngap-handler.c:612)
08/15 04:33:58.559: [amf] INFO: [Added] Number of gNB-UEs is now 3 (../src/amf/context.c:2932)
08/15 04:33:58.559: [amf] INFO:     RAN_UE_NGAP_ID[3] AMF_UE_NGAP_ID[3] TAC[4] CellID[0x4] (../src/amf/ngap-handler.c:815)
08/15 04:33:58.559: [amf] INFO: [suci-0-001-01-0000-0-0-0000000018] Unknown UE by SUCI (../src/amf/context.c:1934)
08/15 04:33:58.559: [amf] INFO: [Added] Number of AMF-UEs is now 3 (../src/amf/context.c:1699)
08/15 04:33:58.559: [gmm] INFO: Registration request (../src/amf/gmm-sm.c:1670)
08/15 04:33:58.559: [gmm] INFO: [suci-0-001-01-0000-0-0-0000000018]    SUCI (../src/amf/gmm-handler.c:186)
08/15 04:33:58.559: [sbi] INFO: [699efa64-9862-41f1-825a-798f3f0ef231] Setup NF Instance [type:AUSF] (../lib/sbi/path.c:349)
08/15 04:33:58.563: [amf] INFO: Setup NF EndPoint(addr) [172.22.0.11:7777] (../src/amf/nausf-handler.c:130)
08/15 04:33:58.564: [gmm] WARNING: [suci-0-001-01-0000-0-0-0000000018] Authentication failure [21] (../src/amf/gmm-sm.c:2143)
08/15 04:33:58.564: [gmm] WARNING: [suci-0-001-01-0000-0-0-0000000018] Authentication failure(Synch failure[count=0]) (../src/amf/gmm-sm.c:2172)
08/15 04:33:58.568: [amf] WARNING: UnRef NF EndPoint(addr) [172.22.0.11:7777] (../src/amf/nausf-handler.c:130)
08/15 04:33:58.568: [amf] INFO: Setup NF EndPoint(addr) [172.22.0.11:7777] (../src/amf/nausf-handler.c:130)
08/15 04:33:58.576: [sbi] INFO: [699a8d76-9862-41f1-9419-d12b445bc7ee] Setup NF Instance [type:UDM] (../lib/sbi/path.c:349)
08/15 04:33:58.578: [sbi] INFO: [699a8d76-9862-41f1-9419-d12b445bc7ee] Setup NF Instance [type:UDM] (../lib/sbi/path.c:349)
08/15 04:33:58.582: [amf] INFO: Setup NF EndPoint(addr) [172.22.0.13:7777] (../src/amf/nudm-handler.c:422)
08/15 04:33:58.582: [sbi] INFO: [6f9c82ce-9862-41f1-84fc-f5246af71e31] Setup NF Instance [type:PCF] (../lib/sbi/path.c:349)
08/15 04:33:58.586: [amf] INFO: Setup NF EndPoint(addr) [172.22.0.27:7777] (../src/amf/npcf-handler.c:143)
08/15 04:33:58.791: [gmm] INFO: [imsi-001010000000018] Registration complete (../src/amf/gmm-sm.c:3146)
08/15 04:33:58.791: [amf] INFO: [imsi-001010000000018] Configuration update command (../src/amf/nas-path.c:609)
08/15 04:33:58.791: [gmm] INFO:     UTC [2026-08-15T04:33:58] Timezone[0]/DST[0] (../src/amf/gmm-build.c:551)
08/15 04:33:58.791: [gmm] INFO:     LOCAL [2026-08-15T04:33:58] Timezone[0]/DST[0] (../src/amf/gmm-build.c:556)
08/15 04:33:58.792: [amf] INFO: [Added] Number of AMF-Sessions is now 3 (../src/amf/context.c:2953)
08/15 04:33:58.792: [gmm] INFO: UE SUPI[imsi-001010000000018] DNN[internet] LBO[0] S_NSSAI[SST:1 SD:0xffffff] smContextRef[NULL] smContextResourceURI[NULL] (../src/amf/gmm-handler.c:1430)
08/15 04:33:58.792: [gmm] INFO: V-SMF Instance [6a08ff90-9862-41f1-95e9-4fa4ad18c57b](LIST) (../src/amf/gmm-handler.c:1507)
08/15 04:33:58.792: [gmm] INFO: [6a08ff90-9862-41f1-95e9-4fa4ad18c57b] Setup NF Instance [type:SMF] (../src/amf/gmm-handler.c:1509)
08/15 04:33:58.792: [gmm] INFO: V-SMF Instance [6a08ff90-9862-41f1-95e9-4fa4ad18c57b] (../src/amf/gmm-handler.c:1519)
08/15 04:33:58.792: [gmm] INFO: V-SMF discovered in Non-Roaming or LBO-Roaming[0] (../src/amf/gmm-handler.c:1588)
08/15 04:33:58.792: [gmm] INFO: nsmf_pdusession [1:0x57ff320a0688:(nil)] (../src/amf/gmm-handler.c:1628)
08/15 04:33:58.798: [amf] INFO: Setup NF EndPoint(addr) [172.22.0.7:7777] (../src/amf/nsmf-handler.c:140)
08/15 04:33:59.009: [amf] INFO: [imsi-001010000000018:1:11][0:0:NULL] /nsmf-pdusession/v1/sm-contexts/{smContextRef}/modify (../src/amf/nsmf-handler.c:983)
08/15 04:34:00.615: [amf] INFO: InitialUEMessage (../src/amf/ngap-handler.c:612)
08/15 04:34:00.615: [amf] INFO: [Added] Number of gNB-UEs is now 4 (../src/amf/context.c:2932)
08/15 04:34:00.615: [amf] INFO:     RAN_UE_NGAP_ID[4] AMF_UE_NGAP_ID[4] TAC[4] CellID[0x4] (../src/amf/ngap-handler.c:815)
08/15 04:34:00.615: [amf] INFO: [suci-0-001-01-0000-0-0-0000000019] Unknown UE by SUCI (../src/amf/context.c:1934)
08/15 04:34:00.615: [amf] INFO: [Added] Number of AMF-UEs is now 4 (../src/amf/context.c:1699)
08/15 04:34:00.615: [gmm] INFO: Registration request (../src/amf/gmm-sm.c:1670)
08/15 04:34:00.615: [gmm] INFO: [suci-0-001-01-0000-0-0-0000000019]    SUCI (../src/amf/gmm-handler.c:186)
08/15 04:34:00.615: [sbi] INFO: [699efa64-9862-41f1-825a-798f3f0ef231] Setup NF Instance [type:AUSF] (../lib/sbi/path.c:349)
08/15 04:34:00.619: [amf] INFO: Setup NF EndPoint(addr) [172.22.0.11:7777] (../src/amf/nausf-handler.c:130)
08/15 04:34:00.621: [gmm] WARNING: [suci-0-001-01-0000-0-0-0000000019] Authentication failure [21] (../src/amf/gmm-sm.c:2143)
08/15 04:34:00.621: [gmm] WARNING: [suci-0-001-01-0000-0-0-0000000019] Authentication failure(Synch failure[count=0]) (../src/amf/gmm-sm.c:2172)
08/15 04:34:00.625: [amf] WARNING: UnRef NF EndPoint(addr) [172.22.0.11:7777] (../src/amf/nausf-handler.c:130)
08/15 04:34:00.625: [amf] INFO: Setup NF EndPoint(addr) [172.22.0.11:7777] (../src/amf/nausf-handler.c:130)
08/15 04:34:00.633: [sbi] INFO: [699a8d76-9862-41f1-9419-d12b445bc7ee] Setup NF Instance [type:UDM] (../lib/sbi/path.c:349)
08/15 04:34:00.635: [sbi] INFO: [699a8d76-9862-41f1-9419-d12b445bc7ee] Setup NF Instance [type:UDM] (../lib/sbi/path.c:349)
08/15 04:34:00.639: [amf] INFO: Setup NF EndPoint(addr) [172.22.0.13:7777] (../src/amf/nudm-handler.c:422)
08/15 04:34:00.639: [sbi] INFO: [6f9c82ce-9862-41f1-84fc-f5246af71e31] Setup NF Instance [type:PCF] (../lib/sbi/path.c:349)
08/15 04:34:00.642: [amf] INFO: Setup NF EndPoint(addr) [172.22.0.27:7777] (../src/amf/npcf-handler.c:143)
08/15 04:34:00.848: [gmm] INFO: [imsi-001010000000019] Registration complete (../src/amf/gmm-sm.c:3146)
08/15 04:34:00.848: [amf] INFO: [imsi-001010000000019] Configuration update command (../src/amf/nas-path.c:609)
08/15 04:34:00.848: [gmm] INFO:     UTC [2026-08-15T04:34:00] Timezone[0]/DST[0] (../src/amf/gmm-build.c:551)
08/15 04:34:00.848: [gmm] INFO:     LOCAL [2026-08-15T04:34:00] Timezone[0]/DST[0] (../src/amf/gmm-build.c:556)
08/15 04:34:00.848: [amf] INFO: [Added] Number of AMF-Sessions is now 4 (../src/amf/context.c:2953)
08/15 04:34:00.848: [gmm] INFO: UE SUPI[imsi-001010000000019] DNN[internet] LBO[0] S_NSSAI[SST:1 SD:0xffffff] smContextRef[NULL] smContextResourceURI[NULL] (../src/amf/gmm-handler.c:1430)
08/15 04:34:00.848: [gmm] INFO: V-SMF Instance [6a08ff90-9862-41f1-95e9-4fa4ad18c57b](LIST) (../src/amf/gmm-handler.c:1507)
08/15 04:34:00.848: [gmm] INFO: [6a08ff90-9862-41f1-95e9-4fa4ad18c57b] Setup NF Instance [type:SMF] (../src/amf/gmm-handler.c:1509)
08/15 04:34:00.848: [gmm] INFO: V-SMF Instance [6a08ff90-9862-41f1-95e9-4fa4ad18c57b] (../src/amf/gmm-handler.c:1519)
08/15 04:34:00.848: [gmm] INFO: V-SMF discovered in Non-Roaming or LBO-Roaming[0] (../src/amf/gmm-handler.c:1588)
08/15 04:34:00.848: [gmm] INFO: nsmf_pdusession [1:0x57ff320a0688:(nil)] (../src/amf/gmm-handler.c:1628)
08/15 04:34:00.855: [amf] INFO: Setup NF EndPoint(addr) [172.22.0.7:7777] (../src/amf/nsmf-handler.c:140)
08/15 04:34:01.062: [amf] INFO: [imsi-001010000000019:1:11][0:0:NULL] /nsmf-pdusession/v1/sm-contexts/{smContextRef}/modify (../src/amf/nsmf-handler.c:983)
08/15 04:34:02.578: [amf] INFO: InitialUEMessage (../src/amf/ngap-handler.c:612)
08/15 04:34:02.578: [amf] INFO: [Added] Number of gNB-UEs is now 5 (../src/amf/context.c:2932)
08/15 04:34:02.578: [amf] INFO:     RAN_UE_NGAP_ID[5] AMF_UE_NGAP_ID[5] TAC[4] CellID[0x4] (../src/amf/ngap-handler.c:815)
08/15 04:34:02.578: [amf] INFO: [suci-0-001-01-0000-0-0-0000000020] Unknown UE by SUCI (../src/amf/context.c:1934)
08/15 04:34:02.578: [amf] INFO: [Added] Number of AMF-UEs is now 5 (../src/amf/context.c:1699)
08/15 04:34:02.578: [gmm] INFO: Registration request (../src/amf/gmm-sm.c:1670)
08/15 04:34:02.578: [gmm] INFO: [suci-0-001-01-0000-0-0-0000000020]    SUCI (../src/amf/gmm-handler.c:186)
08/15 04:34:02.578: [sbi] INFO: [699efa64-9862-41f1-825a-798f3f0ef231] Setup NF Instance [type:AUSF] (../lib/sbi/path.c:349)
08/15 04:34:02.582: [amf] INFO: Setup NF EndPoint(addr) [172.22.0.11:7777] (../src/amf/nausf-handler.c:130)
08/15 04:34:02.583: [gmm] WARNING: [suci-0-001-01-0000-0-0-0000000020] Authentication failure [21] (../src/amf/gmm-sm.c:2143)
08/15 04:34:02.583: [gmm] WARNING: [suci-0-001-01-0000-0-0-0000000020] Authentication failure(Synch failure[count=0]) (../src/amf/gmm-sm.c:2172)
08/15 04:34:02.586: [amf] WARNING: UnRef NF EndPoint(addr) [172.22.0.11:7777] (../src/amf/nausf-handler.c:130)
08/15 04:34:02.586: [amf] INFO: Setup NF EndPoint(addr) [172.22.0.11:7777] (../src/amf/nausf-handler.c:130)
08/15 04:34:02.592: [sbi] INFO: [699a8d76-9862-41f1-9419-d12b445bc7ee] Setup NF Instance [type:UDM] (../lib/sbi/path.c:349)
08/15 04:34:02.594: [sbi] INFO: [699a8d76-9862-41f1-9419-d12b445bc7ee] Setup NF Instance [type:UDM] (../lib/sbi/path.c:349)
08/15 04:34:02.599: [amf] INFO: Setup NF EndPoint(addr) [172.22.0.13:7777] (../src/amf/nudm-handler.c:422)
08/15 04:34:02.599: [sbi] INFO: [6f9c82ce-9862-41f1-84fc-f5246af71e31] Setup NF Instance [type:PCF] (../lib/sbi/path.c:349)
08/15 04:34:02.602: [amf] INFO: Setup NF EndPoint(addr) [172.22.0.27:7777] (../src/amf/npcf-handler.c:143)
08/15 04:34:02.808: [gmm] INFO: [imsi-001010000000020] Registration complete (../src/amf/gmm-sm.c:3146)
08/15 04:34:02.809: [amf] INFO: [imsi-001010000000020] Configuration update command (../src/amf/nas-path.c:609)
08/15 04:34:02.809: [gmm] INFO:     UTC [2026-08-15T04:34:02] Timezone[0]/DST[0] (../src/amf/gmm-build.c:551)
08/15 04:34:02.809: [gmm] INFO:     LOCAL [2026-08-15T04:34:02] Timezone[0]/DST[0] (../src/amf/gmm-build.c:556)
08/15 04:34:02.809: [amf] INFO: [Added] Number of AMF-Sessions is now 5 (../src/amf/context.c:2953)
08/15 04:34:02.809: [gmm] INFO: UE SUPI[imsi-001010000000020] DNN[internet] LBO[0] S_NSSAI[SST:1 SD:0xffffff] smContextRef[NULL] smContextResourceURI[NULL] (../src/amf/gmm-handler.c:1430)
08/15 04:34:02.809: [gmm] INFO: V-SMF Instance [6a08ff90-9862-41f1-95e9-4fa4ad18c57b](LIST) (../src/amf/gmm-handler.c:1507)
08/15 04:34:02.809: [gmm] INFO: [6a08ff90-9862-41f1-95e9-4fa4ad18c57b] Setup NF Instance [type:SMF] (../src/amf/gmm-handler.c:1509)
08/15 04:34:02.809: [gmm] INFO: V-SMF Instance [6a08ff90-9862-41f1-95e9-4fa4ad18c57b] (../src/amf/gmm-handler.c:1519)
08/15 04:34:02.809: [gmm] INFO: V-SMF discovered in Non-Roaming or LBO-Roaming[0] (../src/amf/gmm-handler.c:1588)
08/15 04:34:02.809: [gmm] INFO: nsmf_pdusession [1:0x57ff320a0688:(nil)] (../src/amf/gmm-handler.c:1628)
08/15 04:34:02.817: [amf] INFO: Setup NF EndPoint(addr) [172.22.0.7:7777] (../src/amf/nsmf-handler.c:140)
08/15 04:34:03.026: [amf] INFO: [imsi-001010000000020:1:11][0:0:NULL] /nsmf-pdusession/v1/sm-contexts/{smContextRef}/modify (../src/amf/nsmf-handler.c:983)
08/15 04:36:10.312: [amf] INFO: gNB-N2[172.22.0.43] connection refused!!! (../src/amf/amf-sm.c:873)
08/15 04:36:10.312: [amf] INFO: [Removed] Number of gNBs is now 0 (../src/amf/context.c:1305)
08/15 04:36:10.314: [amf] INFO: [Removed] Number of gNB-UEs is now 4 (../src/amf/context.c:2939)
08/15 04:36:10.314: [amf] INFO: [imsi-001010000000016:1:51][0:0:NULL] /nsmf-pdusession/v1/sm-contexts/{smContextRef}/modify (../src/amf/nsmf-handler.c:983)
08/15 04:36:10.314: [amf] INFO: [Removed] Number of gNB-UEs is now 3 (../src/amf/context.c:2939)
08/15 04:36:10.314: [amf] INFO: [imsi-001010000000017:1:51][0:0:NULL] /nsmf-pdusession/v1/sm-contexts/{smContextRef}/modify (../src/amf/nsmf-handler.c:983)
08/15 04:36:10.316: [amf] INFO: [Removed] Number of gNB-UEs is now 2 (../src/amf/context.c:2939)
08/15 04:36:10.316: [amf] INFO: [imsi-001010000000018:1:51][0:0:NULL] /nsmf-pdusession/v1/sm-contexts/{smContextRef}/modify (../src/amf/nsmf-handler.c:983)
08/15 04:36:10.316: [amf] INFO: [Removed] Number of gNB-UEs is now 1 (../src/amf/context.c:2939)
08/15 04:36:10.316: [amf] INFO: [imsi-001010000000019:1:51][0:0:NULL] /nsmf-pdusession/v1/sm-contexts/{smContextRef}/modify (../src/amf/nsmf-handler.c:983)
08/15 04:36:10.316: [amf] INFO: [Removed] Number of gNB-UEs is now 0 (../src/amf/context.c:2939)
08/15 04:36:10.316: [amf] INFO: [imsi-001010000000020:1:51][0:0:NULL] /nsmf-pdusession/v1/sm-contexts/{smContextRef}/modify (../src/amf/nsmf-handler.c:983)
